gene	baseMean	log2FoldChange	lfcSE	stat	pvalue	padj	hgnc_symbol	DE
ENSG00000114812.13	342.966986703456	5.15537628687779	0.762179262623989	134.031017723952	3.31776072528554e-27	5.33164148553387e-24	VIPR1	TRUE
ENSG00000140557.12	6321.42369641999	-6.78883283234459	0.704242965726144	131.235205480896	1.30143065382735e-26	1.04569953035028e-23	ST8SIA2	TRUE
ENSG00000142449.13	4706.63212499992	-6.75022776399664	0.811613461552652	111.48447860485	1.9894217421214e-22	9.54130338925073e-20	FBN3	TRUE
ENSG00000213420.8	2459.95319023961	-6.99440690462373	0.816368651576756	111.120592658538	2.37493550448058e-22	9.54130338925073e-20	GPC2	TRUE
ENSG00000225972.1	2141.92386202125	8.30717502536995	0.990717314517357	105.663713895935	3.37594031413129e-21	1.0850272169618e-18	MTND1P23	TRUE
ENSG00000169184.7	10163.9793099199	-4.71685588408754	0.659085572376169	103.356647182347	1.03576033063835e-20	2.77411141889303e-18	MN1	TRUE
ENSG00000101134.12	6726.69575740085	-4.94835595889339	0.722061043774404	102.732259553906	1.40272267595888e-20	3.22025048609417e-18	DOK5	TRUE
ENSG00000196935.10	5697.66360529556	-6.84777244601068	0.728721431409074	99.0059787757779	8.56106393482486e-20	1.71970371790794e-17	SRGAP1	TRUE
ENSG00000180730.5	591.395041892599	-5.26339668850771	0.784571227363316	98.0067331257974	1.39006684546071e-19	2.48204157850595e-17	SHISA2	TRUE
ENSG00000127824.15	1343.8192045969	4.34463262986982	0.704584991432086	96.7568499320959	2.54831433448206e-19	4.09514113551267e-17	TUBA4A	TRUE
ENSG00000173227.14	850.56140715383	4.09817942506539	0.713840285087098	95.6718577751879	4.31182233098979e-19	6.29918044172781e-17	SYT12	TRUE
ENSG00000165092.13	596.799329053451	6.18365080967455	0.900241669983496	86.6331489320856	3.42094526368769e-17	4.58121586562177e-15	ALDH1A1	TRUE
ENSG00000176887.7	21447.9713494836	-7.99503365067601	0.865008207519542	85.8473330503747	5.0001605949212e-17	6.18096775079875e-15	SOX11	TRUE
ENSG00000136378.15	1821.86058270948	-7.22465289319062	0.939300110115229	84.997537897182	7.53674524793252e-17	8.65110686673398e-15	ADAMTS7	TRUE
ENSG00000113916.18	2846.53520233104	1.02672351861522	0.602779872825614	84.5843966774191	9.20017600569919e-17	9.85645522743906e-15	BCL6	TRUE
ENSG00000187730.9	1004.01125552712	4.35280180898627	0.819879630873453	80.2579356891708	7.41125460056306e-16	7.44367883944052e-14	GABRD	TRUE
ENSG00000115884.11	424.116268143239	-5.0436390328858	0.812699030671837	80.0940050654606	8.02028224559722e-16	7.5815256286322e-14	SDC1	TRUE
ENSG00000137968.17	2862.3361717337	-4.80863889914336	0.746872585089185	79.7157229967854	9.6233154385792e-16	8.59148217210932e-14	SLC44A5	TRUE
ENSG00000113368.12	2042.53543965712	-6.07010444090021	0.756964832226167	78.9005576315028	1.42497227756276e-15	1.2052265526544e-13	LMNB1	TRUE
ENSG00000162490.7	6604.81726280609	-6.16551452757224	0.856943700894337	78.4959829522989	1.73138528061535e-15	1.39116807297444e-13	DRAXIN	TRUE
ENSG00000124766.7	15616.5220022053	-5.61847747037472	0.753846657175414	77.811822005088	2.40657066887662e-15	1.84159955470701e-13	SOX4	TRUE
ENSG00000167178.17	13587.4341241219	-6.87951907546165	0.955229673439036	77.5921039713368	2.67494269367036e-15	1.95392404942194e-13	ISLR2	TRUE
ENSG00000186732.14	13729.388370489	-4.15084697106208	0.782628055611831	76.3572605580785	4.84478420890032e-15	3.38502966247948e-13	MPPED1	TRUE
ENSG00000204397.10	46.5249159714404	7.10804907636262	1.31703900908342	76.1926168285257	5.24392614434389e-15	3.5112455474836e-13	CARD16	TRUE
ENSG00000063180.9	4110.39061747369	2.77310012125361	0.618884485326884	75.4115341705586	7.63358481107612e-15	4.90686831655973e-13	CA11	TRUE
ENSG00000149256.16	5152.76698614066	-4.12253639318387	0.671636214198619	74.9866447865322	9.36284552168988e-15	5.78695875129063e-13	TENM4	TRUE
ENSG00000167434.10	163.975241276863	5.04048710628353	0.816563061259624	73.4979978554018	1.91402592766716e-14	1.13919987620783e-12	CA4	TRUE
ENSG00000010282.15	133.071889044065	6.04426867349943	0.993950622376176	72.7479672359452	2.7435513902908e-14	1.57460253007047e-12	HHATL	TRUE
ENSG00000077279.20	35203.9585509718	-7.54986162332887	0.91960933455963	71.7441563612293	4.44102638377676e-14	2.33992874136362e-12	DCX	TRUE
ENSG00000080224.18	1097.92139872912	-4.18108587275573	0.789266838289453	71.7102408538366	4.51386378234425e-14	2.33992874136362e-12	EPHA6	TRUE
ENSG00000165643.11	97.8154220877323	5.87747077515952	1.02791440477444	71.790342479704	4.34372066267318e-14	2.33992874136362e-12	SOHLH1	TRUE
ENSG00000188064.10	1369.90777273781	-5.25050562331185	0.875848362954138	71.348092563051	5.37007824455976e-14	2.69678616843986e-12	WNT7B	TRUE
ENSG00000124507.11	3746.19023490625	3.40936151478498	0.770076845179337	70.6258313212347	7.59230202812608e-14	3.69722101793897e-12	PACSIN1	TRUE
ENSG00000119138.5	1259.76993617571	3.87826124609237	0.615026045333381	70.0376945861196	1.00644669316855e-13	4.75694069388782e-12	KLF9	TRUE
ENSG00000156687.11	3288.32918226517	-3.03594678813366	0.712559914289185	69.03186130792	1.62947729944023e-13	7.48162862914415e-12	UNC5D	TRUE
ENSG00000166250.12	2632.75272286225	-4.01562694073675	0.754002821288061	68.0739536702297	2.5775907278701e-13	1.15060786102424e-11	CLMP	TRUE
ENSG00000197705.10	1080.47177578632	-4.20436835887089	0.960519517637384	67.9492387462537	2.73612217343327e-13	1.18836441424521e-11	KLHL14	TRUE
ENSG00000145934.17	3261.38094975679	-3.78564218128717	0.765693872545848	67.8138681405387	2.91923738592255e-13	1.23453012609935e-11	TENM2	TRUE
ENSG00000125879.5	76.1634442581769	-4.21369363752527	1.59756174853367	67.6004700637385	3.23306720604963e-13	1.33218948721071e-11	OTOR	TRUE
ENSG00000144354.15	585.261574498272	-6.0316306931696	0.969136621092273	67.3559040617237	3.63437217297715e-13	1.46010902049357e-11	CDCA7	TRUE
ENSG00000105711.14	1205.42701361294	3.62555922301616	0.73345520498382	67.2418927096412	3.83809154834962e-13	1.50434466297508e-11	SCN1B	TRUE
ENSG00000127152.18	2043.11173701215	-5.72162935178882	0.956396193795794	66.0478520994929	6.79314574952671e-13	2.53874074871847e-11	BCL11B	TRUE
ENSG00000197971.16	26922.1855564065	9.6320764199031	1.2289619256224	66.077602855844	6.69723081952787e-13	2.53874074871847e-11	MBP	TRUE
ENSG00000100362.13	646.923916859977	6.50131081419521	1.34624952107768	65.3777566865719	9.35699212067375e-13	3.41742871316425e-11	PVALB	TRUE
ENSG00000196565.15	4455.25448503579	-5.97786519651477	1.19755436341713	65.2984794238954	9.71817001811602e-13	3.4704664931361e-11	HBG2	TRUE
ENSG00000155926.14	8875.35765759715	-5.34156658747591	0.821331923469852	65.2194354008482	1.00921438208524e-12	3.52566850437169e-11	SLA	TRUE
ENSG00000184486.10	6517.55190047209	-4.1813533786626	0.748063552271631	64.6874161173306	1.30117518482248e-12	4.44891174895685e-11	POU3F2	TRUE
ENSG00000100154.15	6260.93326158776	-4.99101490357601	0.806144623681329	64.2076976453	1.63607913899145e-12	5.47745661741511e-11	TTC28	TRUE
ENSG00000148773.14	1025.62886004062	-6.56204304496724	1.06380923899417	63.9579716636351	1.84319352170239e-12	6.04492242729744e-11	MKI67	TRUE
ENSG00000134138.21	5278.2406203536	-3.86817380240822	0.730564820078866	63.7991117570103	1.98836792106422e-12	6.39061449830041e-11	MEIS2	TRUE
ENSG00000074410.14	1100.60539940642	-7.15949838655224	0.866544283522251	63.3698187296994	2.44036266792122e-12	7.68953491637136e-11	CA12	TRUE
ENSG00000136535.15	6313.58213266078	-4.46257214653895	0.801758548720852	63.069665476506	2.81601622278773e-12	8.70257321157671e-11	TBR1	TRUE
ENSG00000102935.12	1444.30739451174	-2.79578763593594	0.673876700869576	62.9772213440161	2.94295359733667e-12	8.92325741683023e-11	ZNF423	TRUE
ENSG00000099250.18	2029.50983664951	-3.12217981969678	0.799034368998338	61.0853929305911	7.2501919133157e-12	2.15760340827747e-10	NRP1	TRUE
ENSG00000171848.16	383.797461263324	-5.15705131918402	0.98259050446894	60.9659078057999	7.6746921721135e-12	2.24240551283389e-10	RRM2	TRUE
ENSG00000135426.16	425.323192753479	8.32270775375415	1.39683375831463	60.572372744534	9.2562226255933e-12	2.65620531416579e-10	TESPA1	TRUE
ENSG00000179431.7	1425.18623502008	-2.24736064187604	0.617300265222634	60.1373776245509	1.13854324001948e-11	3.20989295914265e-10	FJX1	TRUE
ENSG00000107317.13	3270.26061421201	4.53898576002821	0.988854859765234	59.9776044399865	1.22847830268676e-11	3.36009366398191e-10	PTGDS	TRUE
ENSG00000137804.14	734.852487342779	-4.82298750822625	0.905042882058248	59.9687967565737	1.23363737507737e-11	3.36009366398191e-10	NUSAP1	TRUE
ENSG00000127585.12	8537.08768320525	2.67071468720503	0.633156148594083	59.7708784304909	1.35544556132661e-11	3.63033502841976e-10	FBXL16	TRUE
ENSG00000139354.11	632.328790835201	-4.3368548232102	0.90428711699173	59.696847003465	1.40403195614605e-11	3.69881861233887e-10	GAS2L3	TRUE
ENSG00000121297.8	2578.6801029018	-4.84484344733488	0.925155318643642	59.0321913357596	1.9259846267321e-11	4.99202789541691e-10	TSHZ3	TRUE
ENSG00000137825.11	522.967265756947	5.09644505923883	1.03458877903567	58.9414030583508	2.01093476188456e-11	5.12947962277537e-10	ITPKA	TRUE
ENSG00000119698.12	390.523100397965	4.86853756487963	1.15371017121533	58.8244956577449	2.12585611667295e-11	5.33789184295849e-10	PPP4R4	TRUE
ENSG00000104044.16	289.689967331392	-4.33713420075307	0.889155839512376	58.7454859654392	2.20721325830181e-11	5.45691031706308e-10	OCA2	TRUE
ENSG00000157782.10	1067.11166661222	2.39133860220129	0.697347099153395	58.4747585255714	2.5102892726851e-11	6.11217403212873e-10	CABP1	TRUE
ENSG00000221866.10	12197.25823479	-4.51479299165428	0.76294925652905	58.3903667261777	2.61300350879276e-11	6.26730841586562e-10	PLXNA4	TRUE
ENSG00000110660.15	691.91571723468	-4.98065877201677	0.788553462206372	57.9750718736004	3.18293106192097e-11	7.52201502427501e-10	SLC35F2	TRUE
ENSG00000108018.16	2311.42576953681	-4.03821065235015	0.916563840315078	57.5445239670106	3.90506875506028e-11	8.97067133503112e-10	SORCS1	TRUE
ENSG00000204278.14	122.64385740491	8.66790457621709	1.35556808129094	57.5431737891767	3.90757307686483e-11	8.97067133503112e-10	TMEM235	TRUE
ENSG00000021300.14	2444.35931742854	4.66913548075191	0.769527031501577	57.3934916611315	4.19538092065753e-11	9.49574244999528e-10	PLEKHB1	TRUE
ENSG00000127084.19	659.225217131692	-4.01080615341942	0.761901798305444	57.2341739216424	4.5249939507916e-11	1.0099535109614e-09	FGD3	TRUE
ENSG00000010438.17	172.570919842738	3.36052266012117	0.822984051186711	57.1268873633713	4.76140000052893e-11	1.02470912794083e-09	PRSS3	TRUE
ENSG00000070886.12	354.923810999168	-4.51138315313079	0.807954825743402	57.1176151638826	4.78240103270457e-11	1.02470912794083e-09	EPHA8	TRUE
ENSG00000079931.15	860.943921797558	-4.10598707761163	0.984764736016562	57.1636649820823	4.67900338964604e-11	1.02470912794083e-09	MOXD1	TRUE
ENSG00000260001.7	154.12698203824	4.32038222164261	1.02922263956575	56.9569727769981	5.16128033198357e-11	1.09133914388126e-09	TGFBR3L	TRUE
ENSG00000227544.10	110.559235743935	6.45235030910428	1.11080877856199	56.3075567736988	7.02368414106606e-11	1.4658520019082e-09	LINC03013	TRUE
ENSG00000135333.15	2537.7318994047	-3.77251184080811	0.792477224150077	55.263879450059	1.15196010937901e-10	2.37333319970777e-09	EPHA7	TRUE
ENSG00000099260.12	976.78397748984	-1.82515620431839	0.639944907878182	55.1985550411874	1.18817206745162e-10	2.41695254733513e-09	PALMD	TRUE
ENSG00000170312.17	375.700870766519	-4.43331902920648	0.93134398164174	55.1233327542777	1.23128017328484e-10	2.47333404808591e-09	CDK1	TRUE
ENSG00000165323.16	6562.75793416717	-5.23488149069504	0.825793598692316	54.9873911879871	1.3131822914503e-10	2.60528881772918e-09	FAT3	TRUE
ENSG00000175183.10	5203.83138983535	-4.154630353325	0.759432658396858	54.9526992139186	1.33494025128503e-10	2.61615729733542e-09	CSRP2	TRUE
ENSG00000066629.19	3890.29962477395	-4.59525848617906	0.79968808265368	54.8566845121586	1.39705225950107e-10	2.67269402502169e-09	EML1	TRUE
ENSG00000104213.13	77.8425298335768	4.32610565008012	0.901682131411202	54.8764145990043	1.38405771695417e-10	2.67269402502169e-09	PDGFRL	TRUE
ENSG00000132639.14	16877.470587479	2.02506292342616	0.560328011607765	54.66900489944	1.52691253337735e-10	2.88676287192636e-09	SNAP25	TRUE
ENSG00000044524.11	4051.07631034872	-5.64037749282935	0.965948602851101	54.3321487732886	1.79093583807311e-10	3.34655103695754e-09	EPHA3	TRUE
ENSG00000130940.15	142.840739409583	-4.7485614376438	0.867201248381909	54.2104738339403	1.89711506213534e-10	3.50421138488677e-09	CASZ1	TRUE
ENSG00000088882.8	662.104122232099	-3.52038649532369	0.822292618245388	54.0274510982864	2.06877523620234e-10	3.7778656870195e-09	CPXM1	TRUE
ENSG00000143340.7	115.252727085252	4.47183101502281	1.04598302932802	53.7150160080276	2.39837513287789e-10	4.33054925678063e-09	FAM163A	TRUE
ENSG00000117228.11	129.568515967168	3.5632138710986	1.09537589592859	53.6002831841363	2.53214748042773e-10	4.52129000116373e-09	GBP1	TRUE
ENSG00000196136.18	762.888203042335	4.45685729765102	1.68069413520284	53.504410192432	2.64962248939082e-10	4.62819928309896e-09	SERPINA3	TRUE
ENSG00000224924.9	65.6154567466355	7.75610315580374	1.35082292103699	53.5112453523725	2.64107011920157e-10	4.62819928309896e-09	LINC00320	TRUE
ENSG00000204642.14	91.268270481699	3.71964696461991	0.834966701548961	53.4719428716771	2.69062554601117e-10	4.64928521767736e-09	HLA-F	TRUE
ENSG00000178403.4	896.077988677063	-6.60232234080814	1.04641143901687	53.2297115551345	3.01719965511751e-10	5.15812749550408e-09	NEUROG2	TRUE
ENSG00000112182.16	5244.63236604045	-7.2499919635179	0.951853435350884	53.1747803603581	3.09659481170826e-10	5.18357069001581e-09	BACH2	TRUE
ENSG00000263878.2	183.745174073043	6.2217945167486	1.43516098552016	53.187585801461	3.07790203456847e-10	5.18357069001581e-09	DLGAP1-AS4	TRUE
ENSG00000101292.8	680.848885769243	-7.07734742419431	1.12042527134516	53.0338403859169	3.30996954038894e-10	5.48362994990209e-09	PROKR2	TRUE
ENSG00000135750.15	946.263688834356	2.68617403411923	0.7329581265919	52.6780767761281	3.9161106891088e-10	6.35675745191702e-09	KCNK1	TRUE
ENSG00000170439.8	41.1716787196177	0.369972183519816	1.09659019568671	52.6907930505524	3.89264716948659e-10	6.35675745191702e-09	TMT1B	TRUE
ENSG00000134595.9	147.168509896399	-3.76150798698721	1.02829673078073	52.1181904100134	5.10190355604116e-10	8.19875901455814e-09	SOX3	TRUE
ENSG00000148826.9	228.952547816442	9.71923206015334	1.60337600849408	51.882684073161	5.70207128643759e-10	8.99513666803666e-09	NKX6-2	TRUE
ENSG00000237649.8	287.266846389885	-4.11392420490208	0.977121513473346	51.8799560679058	5.70942090939477e-10	8.99513666803666e-09	KIFC1	TRUE
ENSG00000007062.12	1064.56394277317	-2.73340845106332	0.71813675987268	51.5865750224751	6.55759387859476e-10	1.02311197698076e-08	PROM1	TRUE
ENSG00000134532.19	3452.21873498855	-5.50214483634671	0.892840043106165	51.4600453447043	6.96115216564307e-10	1.07563187790273e-08	SOX5	TRUE
ENSG00000101670.12	819.772648473205	-5.66059149936285	0.955025292030255	51.4196731310836	7.09505940118652e-10	1.08588194835302e-08	LIPG	TRUE
ENSG00000167641.11	177.940777356481	4.79166423751074	1.01602520206551	51.1801155209014	7.94418610372662e-10	1.20436859138572e-08	PPP1R14A	TRUE
ENSG00000003436.16	508.704696865314	-2.80183932332068	0.775353989076203	50.6586152122283	1.01595974841139e-09	1.52583861280103e-08	TFPI	TRUE
ENSG00000284931.1	1484.50177682198	-4.22771248355012	1.40975057051729	50.1439213977276	1.29493151743979e-09	1.92681013752384e-08	NA	TRUE
ENSG00000136457.10	187.442221559898	3.51382444290978	0.801423386054356	49.8144094810959	1.51242101330224e-09	2.22978033796028e-08	CHAD	TRUE
ENSG00000172794.20	406.59640142026	4.24853913061856	0.927302653299703	49.6289124227045	1.65051025605907e-09	2.41124543771539e-08	RAB37	TRUE
ENSG00000159307.20	3724.90160186774	-6.15093767924661	1.04620805069622	49.4750779155551	1.77451819268874e-09	2.56905471680253e-08	SCUBE1	TRUE
ENSG00000269968.1	1174.34369803552	4.5390986154102	0.911753041272628	49.4252514470079	1.81664354919405e-09	2.60655909245968e-08	GAPDH-AS1	TRUE
ENSG00000131747.15	1321.04852885766	-5.77855990780456	1.07770252225982	49.2762874488853	1.94862591256839e-09	2.77118747035169e-08	TOP2A	TRUE
ENSG00000091656.19	995.077547733527	-4.85892663425013	1.07413910937251	49.0901780489881	2.12703509243481e-09	2.97230034221107e-08	ZFHX4	TRUE
ENSG00000233639.9	2547.42314072701	-2.70948224608215	0.66964233965012	49.0987656177859	2.11845525385037e-09	2.97230034221107e-08	PANTR1	TRUE
ENSG00000137166.17	1317.82597502412	-3.1918433726103	0.79446479004401	48.9784854678931	2.24183545953628e-09	3.0791705841665e-08	FOXP4	TRUE
ENSG00000144485.11	2959.50764649476	-3.08740756369974	0.793284943963772	48.9880423577402	2.23177548866169e-09	3.0791705841665e-08	HES6	TRUE
ENSG00000180537.13	2439.68231595309	-5.83600491363402	0.893206689904124	48.5109595934622	2.79336892944047e-09	3.80418972000918e-08	RNF182	TRUE
ENSG00000134363.12	135.375080896272	-6.05628142407667	1.07401798224364	48.420156272985	2.91524288580274e-09	3.93680278780252e-08	FST	TRUE
ENSG00000205364.4	116.538462923072	4.70826387041537	1.12465746506507	48.2885013252581	3.10142533097528e-09	4.15332542239773e-08	MT1M	TRUE
ENSG00000125266.8	4576.37785805206	-3.88791104997125	0.726123359455682	48.0745355234355	3.42963523414369e-09	4.48083237501537e-08	EFNB2	TRUE
ENSG00000164199.18	2624.28415922079	-3.24315821143371	0.732886468154415	48.0935122406705	3.39917737233636e-09	4.48083237501537e-08	ADGRV1	TRUE
ENSG00000173372.18	519.124233563395	2.41548940493585	0.858507675248177	48.0911541856033	3.40294735262168e-09	4.48083237501537e-08	C1QA	TRUE
ENSG00000079102.16	8398.49575544588	-5.9698856080393	0.942917204892709	47.0104096127181	5.65377117916498e-09	7.32710506848236e-08	RUNX1T1	TRUE
ENSG00000127241.18	1594.19029303275	-4.79980477986115	0.865402762503224	46.8843598823133	5.99837140603117e-09	7.65030384880325e-08	MASP1	TRUE
ENSG00000185885.17	457.333734369774	2.50091805535617	0.737108861558039	46.900905355777	5.95197116666374e-09	7.65030384880325e-08	IFITM1	TRUE
ENSG00000173369.18	790.577773212356	2.07294945568117	0.912823443936138	46.8532427120616	6.08661589933587e-09	7.70172578758483e-08	C1QB	TRUE
ENSG00000117122.14	486.181978355295	-5.33630374939904	1.03013978320335	46.8106942355893	6.20937702260763e-09	7.79567880885192e-08	MFAP2	TRUE
ENSG00000041982.16	5245.48772303287	-4.77341239849381	0.919515987867891	46.7553382375192	6.37279319307353e-09	7.93882066765051e-08	TNC	TRUE
ENSG00000066735.16	1064.47259913836	-4.67288263838893	0.890004462571972	46.6428141928039	6.71831146841329e-09	8.30486656133858e-08	KIF26A	TRUE
ENSG00000265168.1	439.874400471191	7.96969510796006	1.36790269792879	46.5462318137452	7.02973664894159e-09	8.62350137011384e-08	ALDOC-AS1	TRUE
ENSG00000111341.10	312.802632646465	3.78089090918672	1.01278062880416	46.0380763413397	8.92143061061757e-09	1.08611659024715e-07	MGP	TRUE
ENSG00000122641.11	893.37456517006	-5.11749457125553	0.983938544512973	45.9975553888354	9.09251964686346e-09	1.09805986664907e-07	INHBA	TRUE
ENSG00000244056.3	46.8071833793467	-6.0019929072261	1.20895763744115	45.9826687194823	9.15619303864186e-09	1.09805986664907e-07	RN7SL417P	TRUE
ENSG00000160307.10	1759.55997507565	4.09216945239951	0.720825088668642	45.7833538988584	1.00527820729118e-08	1.18785446993892e-07	S100B	TRUE
ENSG00000177575.13	268.002080869596	0.899880418281836	1.11436138783947	45.789950048697	1.00217548662381e-08	1.18785446993892e-07	CD163	TRUE
ENSG00000137801.11	4383.49723930797	-3.90151210532365	0.871632546029814	45.6520562975157	1.0690702595015e-08	1.25401161096271e-07	THBS1	TRUE
ENSG00000151025.11	895.690304379781	2.65887920458609	0.662029390893604	45.6325740655658	1.07887368156835e-08	1.25634058426111e-07	GPR158	TRUE
ENSG00000119042.18	14495.8624423822	-5.04015876917468	0.904443523459516	45.5574972977607	1.11749763269656e-08	1.28272763981669e-07	SATB2	TRUE
ENSG00000242294.6	778.681062005432	-3.14113202006215	0.796605117277809	45.5595431443182	1.11642707684046e-08	1.28272763981669e-07	STAG3L5P	TRUE
ENSG00000183090.5	218.305940739607	3.97366806083777	1.41744827455806	45.2980135231591	1.26191983629963e-08	1.43823062193866e-07	FREM3	TRUE
ENSG00000160678.12	137.536440735068	4.01725439276622	0.972751235903402	45.2037155421015	1.31889244354704e-08	1.49257757519725e-07	S100A1	TRUE
ENSG00000075275.18	887.800212052444	-3.23287261559903	0.878510239809963	44.8845216328233	1.53145883574868e-08	1.72101702730638e-07	CELSR1	TRUE
ENSG00000180340.7	317.2367180992	-3.77764160873424	0.89383010783619	44.6026122972946	1.7474141350573e-08	1.93456991573965e-07	FZD2	TRUE
ENSG00000189058.9	1250.62889948384	4.785506302519	0.916764661548732	44.5901820748659	1.75760552394517e-08	1.93456991573965e-07	APOD	TRUE
ENSG00000249436.2	91.5053868412731	4.04272912457263	0.996896466466555	44.6025061670143	1.74750090016565e-08	1.93456991573965e-07	LNCBRM	TRUE
ENSG00000106571.15	1008.82111650321	-4.55231745012086	1.00087896292775	44.5266790227956	1.81060283041002e-08	1.97934608739381e-07	GLI3	TRUE
ENSG00000260328.1	86.6500870645511	6.24645465043328	1.54081486936449	44.3120048595021	2.00183891681442e-08	2.1736183373789e-07	NA	TRUE
ENSG00000225953.5	6456.43972884581	-4.49978150882164	0.939621195865308	44.2301151463919	2.07998114298242e-08	2.24330852132399e-07	SATB2-AS1	TRUE
ENSG00000203688.6	123.079388095851	-2.808697469828	1.29409401926261	43.9293146383779	2.3940256881383e-08	2.56479952055884e-07	LINC02487	TRUE
ENSG00000117114.21	3232.25214617686	-2.82253223801048	0.755416564967577	43.8590232769716	2.47397645997127e-08	2.61557905998279e-07	ADGRL2	TRUE
ENSG00000231764.11	6735.32766866266	-1.0421732121703	0.996332879602391	43.8714116601215	2.45969496986121e-08	2.61557905998279e-07	DLX6-AS1	TRUE
ENSG00000198826.11	449.744312502933	-3.64680059701413	0.970901528608981	43.7881279913689	2.55730984130164e-08	2.68601105553709e-07	ARHGAP11A	TRUE
ENSG00000119411.11	69.4791649690091	3.53067654103736	1.21152878946766	43.5726102496102	2.82821122763136e-08	2.93664124170842e-07	BSPRY	TRUE
ENSG00000164099.3	1548.00859409639	-3.32980030272247	0.920935069943924	43.5556147148643	2.85075316556636e-08	2.93664124170842e-07	PRSS12	TRUE
ENSG00000183287.15	1802.14116827921	-2.86717478653438	0.902360345394795	43.5622664820399	2.84190937973064e-08	2.93664124170842e-07	CCBE1	TRUE
ENSG00000129538.14	794.788731813161	3.68780194086114	0.833857783982428	43.1838314409343	3.39123684327856e-08	3.47115771155964e-07	RNASE1	TRUE
ENSG00000087250.9	2303.27671458716	3.32345997654707	0.729373385839507	43.1292071861619	3.47882320718069e-08	3.53827145186036e-07	MT3	TRUE
ENSG00000076356.7	9322.34367386382	-3.8226995884689	0.772998432448825	42.6387902533024	4.37334792311765e-08	4.4201069889623e-07	PLXNA2	TRUE
ENSG00000128573.27	967.70492624474	-5.11476589114745	0.968629342723021	42.5005818514268	4.66452583497416e-08	4.68493313550217e-07	FOXP2	TRUE
ENSG00000117152.14	1810.77787746079	1.66286880338915	1.24800135848873	42.4081309140998	4.87000624918761e-08	4.86093170338167e-07	RGS4	TRUE
ENSG00000175063.17	242.508140244815	-5.89881125915014	1.08454334504414	42.0366402569879	5.79069500602132e-08	5.74422646584955e-07	UBE2C	TRUE
ENSG00000198732.11	3175.70311227767	-1.68137268390049	0.639486568276929	41.9909782585352	5.91522017920408e-08	5.83175388219691e-07	SMOC1	TRUE
ENSG00000152137.8	443.545144457287	3.77656379494053	1.08032755321285	41.9428446440643	6.04937545815824e-08	5.89172506743048e-07	HSPB8	TRUE
ENSG00000158869.11	192.414172368442	1.52765455632459	0.882667473739297	41.9502345903938	6.02858331908402e-08	5.89172506743048e-07	FCER1G	TRUE
ENSG00000124491.16	178.482901202089	0.650734222042621	0.982218630781504	41.8468554189553	6.32602945352083e-08	6.09825244642279e-07	F13A1	TRUE
ENSG00000215386.15	2209.58696453651	-1.3905876740473	0.675863637522485	41.8430256307377	6.33732519323339e-08	6.09825244642279e-07	MIR99AHG	TRUE
ENSG00000135625.8	103.993699407832	6.82712894198714	1.70473103586663	41.7532830429588	6.60784584973923e-08	6.32071921460175e-07	EGR4	TRUE
ENSG00000214338.10	429.219158674312	-6.03021633400041	1.17992868946075	41.69889827807	6.77735128522606e-08	6.44449912151377e-07	MTCL3	TRUE
ENSG00000142611.17	631.765588569802	-4.33523358402653	1.07880566611851	41.6476275395379	6.9411161690486e-08	6.56139628450653e-07	PRDM16	TRUE
ENSG00000167081.18	810.456570697157	-3.2334842624846	0.618067765707503	41.475842579433	7.51909616837288e-08	7.06619154536562e-07	PBX3	TRUE
ENSG00000161509.14	1235.56721354948	1.84588811276512	0.827475595942802	41.3352474777411	8.0276342918469e-08	7.50023738778952e-07	GRIN2C	TRUE
ENSG00000130203.10	4135.09631468313	2.14122912278747	0.808817321720165	41.1476888171482	8.75977128388461e-08	8.13696673595524e-07	APOE	TRUE
ENSG00000122359.18	710.68699050883	3.70196379367112	0.73207439350168	40.9873561133638	9.43812934787562e-08	8.71670911611272e-07	ANXA11	TRUE
ENSG00000205221.13	92.3591472219015	5.50386067746549	1.47285775284627	40.9508760620825	9.59964096637148e-08	8.81521316169084e-07	VIT	TRUE
ENSG00000205116.4	267.264843657248	6.00850840879232	1.18134546815258	40.798888106945	1.03027201356751e-07	9.4070859420624e-07	TMEM278	TRUE
ENSG00000259316.12	32.9087349489821	-7.58923682837184	1.56236557598959	40.566874623781	1.14761365998607e-07	1.04192946417944e-06	NA	TRUE
ENSG00000289413.1	132.482838361439	-4.79328231534596	1.3646698816002	40.4787169753164	1.19561071856984e-07	1.07940810378749e-06	NA	TRUE
ENSG00000139899.11	1569.87928209271	1.23010607908204	1.10760288889987	40.2020726612868	1.35959818931857e-07	1.22060016214243e-06	CBLN3	TRUE
ENSG00000070808.17	6142.0930601178	2.21013926378487	1.01910652810531	39.8774451707456	1.58080282568095e-07	1.41130563381627e-06	CAMK2A	TRUE
ENSG00000075223.14	4628.07082593606	-3.33870370656554	0.871154888762745	39.7613966994583	1.66829014530735e-07	1.4811835709994e-06	SEMA3C	TRUE
ENSG00000170458.15	352.480766154711	1.06881403067227	0.932803686145169	39.7418046554077	1.68352897300035e-07	1.48650058220415e-06	CD14	TRUE
ENSG00000164089.9	161.655966514608	5.57112311478528	1.18036159831165	39.2827981882205	2.0830400092961e-07	1.82920507920155e-06	ETNPPL	TRUE
ENSG00000108381.11	115.601009631205	5.67823887363259	1.16512317562411	39.0741978012624	2.29455440352091e-07	2.00399398177071e-06	ASPA	TRUE
ENSG00000157193.18	6839.69898306128	-2.69627936355482	0.730291752900692	38.8610675811408	2.53275903432834e-07	2.20007771252197e-06	LRP8	TRUE
ENSG00000120645.12	1861.48832372458	1.5641407452523	0.577075460908142	38.8390216006083	2.55876226944786e-07	2.21071557365737e-06	IQSEC3	TRUE
ENSG00000138166.6	704.007681062822	0.872895441207896	0.802728352917571	38.5805202640391	2.88423796835671e-07	2.47859380489264e-06	DUSP5	TRUE
ENSG00000234275.4	54.0342770203491	-7.26852125203073	1.84389938250501	38.3523483326302	3.20559891286095e-07	2.74010502817423e-06	NA	TRUE
ENSG00000232346.1	282.639170820163	1.61867015195276	1.19043067162886	38.3376134187761	3.22753672077594e-07	2.74426005835288e-06	RPS17P16	TRUE
ENSG00000106852.16	1298.79633268051	-1.27308232840754	0.720034209031053	38.2379759371101	3.37985466522069e-07	2.85864549842613e-06	LHX6	TRUE
ENSG00000169554.23	12652.2829451104	-3.01132190135697	0.757438425330596	38.1251757512958	3.56094871589516e-07	2.98043988877267e-06	ZEB2	TRUE
ENSG00000188580.15	4739.04142035107	-3.65361723821676	0.760505603769598	38.1349401249872	3.5448978714253e-07	2.98043988877267e-06	NKAIN2	TRUE
ENSG00000240065.8	78.0676966565594	2.08259195593759	0.860695878528606	38.0302424787061	3.7208229347265e-07	3.09811526223082e-06	PSMB9	TRUE
ENSG00000154146.13	11321.5863982988	2.91909997446246	1.13765174019347	38.0087608329001	3.75797969737414e-07	3.11292441942281e-06	NRGN	TRUE
ENSG00000173267.14	665.23838706389	2.65534776067241	1.00319662308034	37.838823325248	4.06524188357543e-07	3.35017625995165e-06	SNCG	TRUE
ENSG00000075035.10	711.129418237139	1.45603918878972	0.733240245195553	37.8185561123564	4.1035173731943e-07	3.36446551975676e-06	WSCD2	TRUE
ENSG00000121966.8	1047.46957669985	-3.95426362775853	0.899675540131634	37.624187242168	4.48930565050465e-07	3.66208841642689e-06	CXCR4	TRUE
ENSG00000085514.16	317.92609304361	-1.4657231285364	0.689142214516473	37.5781183695818	4.58591510647919e-07	3.72200281621821e-06	PILRA	TRUE
ENSG00000106689.11	3366.58317512973	-3.24694319957329	0.702627258126442	37.3863561127497	5.0107946991628e-07	4.03130970141277e-06	LHX2	TRUE
ENSG00000110079.19	45.5337002749766	1.58823743170046	1.11361170363777	37.3835964077463	5.01718693393002e-07	4.03130970141277e-06	MS4A4A	TRUE
ENSG00000130558.20	12058.3767537119	1.4231212834231	0.575907960980468	37.3427270849975	5.11280733362387e-07	4.08770218165849e-06	OLFM1	TRUE
ENSG00000244274.9	1847.30899170469	3.21604507904275	0.728563119884703	37.3182217263866	5.17100933278535e-07	4.11376831573567e-06	DBNDD2	TRUE
ENSG00000272549.1	63.1031520013397	-4.10596116327204	1.37711250312899	37.2252057120139	5.39799514079588e-07	4.27319122722118e-06	LINC02538	TRUE
ENSG00000101335.10	322.323563069646	3.01692504306825	0.744560974129319	37.1718084060341	5.5327529970201e-07	4.35839905206436e-06	MYL9	TRUE
ENSG00000163220.11	229.688675452322	1.98113849193574	1.44760376315718	37.0938866249255	5.73543386991242e-07	4.49602059948744e-06	S100A9	TRUE
ENSG00000185070.12	5486.83987854164	-3.28498890096552	0.817973864554837	37.0457828621509	5.86422777004946e-07	4.57466700314053e-06	FLRT2	TRUE
ENSG00000186231.17	1088.74270820897	-3.14362015882339	0.873258339618828	36.9774667832467	6.05210082300654e-07	4.69841836839203e-06	KLHL32	TRUE
ENSG00000108001.16	1334.0074056323	-2.68244925775073	0.892456363184484	36.8768362580386	6.33980532782398e-07	4.89810921241016e-06	EBF3	TRUE
ENSG00000182870.13	872.343248661047	2.71042231198496	0.751891356021795	36.8431940575668	6.43899356567384e-07	4.95093907178845e-06	GALNT9	TRUE
ENSG00000288808.1	45.4884266239449	-4.21683457697035	1.11795625172039	36.6064105335459	7.18218849931946e-07	5.49608424686018e-06	NA	TRUE
ENSG00000133321.11	83.1395909231253	2.55385937836584	0.974708015938893	36.5582361845196	7.34353881064501e-07	5.59292268659077e-06	PLAAT4	TRUE
ENSG00000235597.3	2284.19417483199	-2.62827629113412	0.824545167336679	36.4038501722923	7.88532769742368e-07	5.97722717441502e-06	LINC01102	TRUE
ENSG00000105707.15	55.9110071391354	5.73387150375857	1.24781713772665	36.3576997416062	8.05487686060335e-07	6.07708315257727e-06	HPN	TRUE
ENSG00000164684.13	6971.54328555259	-2.93019111024316	0.806037727124524	36.3134522076799	8.22084063327569e-07	6.173313503586e-06	ZNF704	TRUE
ENSG00000287611.3	31.1391207242081	5.08253565944178	1.42168200968767	36.1732935567601	8.76934181059043e-07	6.55457315796224e-06	NA	TRUE
ENSG00000168453.16	647.272281577374	3.82684906131398	0.893796248187444	36.1410596044913	8.90055180924711e-07	6.62184572104634e-06	HR	TRUE
ENSG00000176485.13	417.560264169468	3.58452345476317	0.817324532188558	36.1190858136075	8.99111532504908e-07	6.65839738587736e-06	PLAAT3	TRUE
ENSG00000289731.1	817.175715851532	0.48966981184494	0.752975447168551	35.8904590408949	9.98954296859736e-07	7.36385116997062e-06	NA	TRUE
ENSG00000018280.17	284.871322154618	-0.190722839451288	1.25760614596329	35.8454331226993	1.01988063698284e-06	7.48378166041745e-06	SLC11A1	TRUE
ENSG00000133800.9	233.835484291346	0.85104494388067	1.18035979727714	35.7661486791765	1.05779482280392e-06	7.72671036475406e-06	LYVE1	TRUE
ENSG00000019582.17	796.681656605196	3.35904937992767	0.966858714481755	35.5695311114857	1.15797901233423e-06	8.41928854312311e-06	CD74	TRUE
ENSG00000165949.13	416.214411886647	3.14477154267827	0.64284321364049	35.5599639327098	1.16308777633686e-06	8.41928854312311e-06	IFI27	TRUE
ENSG00000105467.9	27.479057396034	4.48307794120249	1.46893520312601	35.5498779674511	1.16849785091804e-06	8.42052038755733e-06	SYNGR4	TRUE
ENSG00000116661.11	691.776718487051	3.08836940234326	0.817619693565648	35.47082805628	1.21177623730544e-06	8.69341255959748e-06	FBXO2	TRUE
ENSG00000260500.1	35.8367057293869	4.51516544908934	1.27851045278801	35.4595674979412	1.21806960267518e-06	8.69972378444005e-06	NA	TRUE
ENSG00000211896.7	32.5869542394809	6.00635965595434	1.92954096748324	35.3997468345027	1.25205181472606e-06	8.90286401002112e-06	IGHG1	TRUE
ENSG00000163430.12	2725.3242244814	-2.3852427833099	0.766845021405712	35.3798470980374	1.26356400517689e-06	8.94514253885139e-06	FSTL1	TRUE
ENSG00000197872.11	8827.47426106491	-2.57738643797349	0.76874692003703	35.3612895737054	1.27439458928476e-06	8.98224607447639e-06	CYRIA	TRUE
ENSG00000082684.16	1498.11279770258	-2.10384344078987	0.811059531859056	35.2703500705929	1.32881898757756e-06	9.32494372505302e-06	SEMA5B	TRUE
ENSG00000117115.13	476.961577511443	3.52146151916358	0.878384635328698	35.2436747043459	1.34521760293456e-06	9.39897690398187e-06	PADI2	TRUE
ENSG00000077522.15	4974.71314244453	-2.31400759409068	0.707299779409304	35.1723506925003	1.39005941696673e-06	9.62855811666182e-06	ACTN2	TRUE
ENSG00000159189.13	563.025954117976	1.26047216638049	0.872650808171598	35.1756868773543	1.38792916579034e-06	9.62855811666182e-06	C1QC	TRUE
ENSG00000122862.5	532.296895863856	1.43769501797334	0.786297398762537	34.9407872165816	1.5461502477951e-06	1.06243607952614e-05	SRGN	TRUE
ENSG00000274602.5	2157.54908822145	-2.25546802233024	0.762186112590562	34.9395288215193	1.547044446852e-06	1.06243607952614e-05	PI4KAP1	TRUE
ENSG00000204287.14	153.594895572635	3.71053779213256	1.15136926506661	34.918221306683	1.56226363076413e-06	1.06832240622892e-05	HLA-DRA	TRUE
ENSG00000145526.12	512.872528974836	1.6167332937804	0.749892940770661	34.6784501664358	1.74414017514153e-06	1.18764121247985e-05	CDH18	TRUE
ENSG00000225194.4	121.590107228341	2.51040735345635	0.823861551746313	34.5818237451155	1.82325581617538e-06	1.23627514624213e-05	LINC00092	TRUE
ENSG00000159176.14	2503.83679475412	2.69319034613783	0.641289856583793	34.5097938711709	1.88454543184351e-06	1.27246407940022e-05	CSRP1	TRUE
ENSG00000115844.11	392.006685006988	-2.44823480190395	1.04272247139534	34.353914262096	2.02428766011992e-06	1.36110053130239e-05	DLX2	TRUE
ENSG00000164076.17	11159.1518421364	-2.51503425539263	0.747629056614684	34.2242232338575	2.14837245732746e-06	1.4325454518362e-05	CAMKV	TRUE
ENSG00000196872.12	475.880060346423	1.77134717518712	0.921806702243351	34.2293619167856	2.14331495069258e-06	1.4325454518362e-05	CRACDL	TRUE
ENSG00000170893.4	578.036301182836	-4.12639265176682	0.97353339201818	34.2143296040563	2.15814324564704e-06	1.43311413047719e-05	TRH	TRUE
ENSG00000064787.14	1808.86623486246	5.00970897623788	1.06964695959297	34.0619371690683	2.31434908405679e-06	1.530518097975e-05	BCAS1	TRUE
ENSG00000234745.14	1238.19813707809	1.98733689088011	0.740419379849909	33.8888935884188	2.50539407021457e-06	1.65006896345689e-05	HLA-B	TRUE
ENSG00000135094.11	63.3727458903383	2.51265765597805	1.1387309656303	33.8387863078273	2.56358615434968e-06	1.68150324491426e-05	SDS	TRUE
ENSG00000237949.3	148.714351766166	4.97182143003207	1.11348829027537	33.7738514797175	2.64100205972582e-06	1.72523996340626e-05	LINC00844	TRUE
ENSG00000128656.15	5134.75535736493	2.40227595667212	0.744892410658298	33.671060833665	2.76832958909745e-06	1.80109540472858e-05	CHN1	TRUE
ENSG00000198944.6	703.246620413441	3.34383801002185	0.967667798692114	33.6547125477465	2.7891354695124e-06	1.80731479818808e-05	SOWAHA	TRUE
ENSG00000257935.4	164.001734022373	-3.65971484886109	1.16216443655404	33.6101769280597	2.84660647311594e-06	1.83714722983828e-05	LHX5-AS1	TRUE
ENSG00000113083.15	327.228158796179	-2.1531747076854	0.896374915200948	33.5926430438663	2.86955479184052e-06	1.8440308118008e-05	LOX	TRUE
ENSG00000267014.6	36.4803064662866	5.98969940280583	1.38265690674739	33.584539802645	2.88022236317362e-06	1.8440308118008e-05	LINC01532	TRUE
ENSG00000164600.7	11306.4995739045	-4.94095230461716	1.03650497585229	33.5593262745154	2.91366778601968e-06	1.85804132227525e-05	NEUROD6	TRUE
ENSG00000111262.6	826.055723164503	4.74646258781986	1.08870503199159	33.4760144375259	3.02695019641516e-06	1.92265176507477e-05	KCNA1	TRUE
ENSG00000153266.13	1517.33858644217	-4.83264707518571	1.07423769859381	33.3143751595952	3.25937611035847e-06	2.06213283832522e-05	FEZF2	TRUE
ENSG00000132164.10	2178.07362170896	-3.58760706592587	0.738713474484273	33.2668161492151	3.33108143211943e-06	2.09923445545723e-05	SLC6A11	TRUE
ENSG00000213937.4	50.990332186576	4.44105537080161	1.29067832898244	33.2250739963841	3.39530773386588e-06	2.13135137825097e-05	CLDN9	TRUE
ENSG00000121933.19	100.687618108779	2.0359490504466	0.905575366676689	33.1146999797555	3.57112741833768e-06	2.23299679426796e-05	TMIGD3	TRUE
ENSG00000188536.13	3494.62901694847	-0.956116236786821	1.20281670252538	33.035826847585	3.70228511672213e-06	2.30603572967925e-05	HBA2	TRUE
ENSG00000119715.15	82.827496319037	-4.16826291693598	1.03459607949673	32.847870659298	4.03446013487834e-06	2.50283568435513e-05	ESRRB	TRUE
ENSG00000229407.5	17.0622803864944	3.91295138390315	1.26936787496521	32.8397873684945	4.04939189752542e-06	2.50283568435513e-05	NA	TRUE
ENSG00000064042.18	9621.34025600056	-3.55234801399628	0.81772838726026	32.8303479629612	4.06689827584618e-06	2.50402510700568e-05	LIMCH1	TRUE
ENSG00000136541.15	465.801116624498	7.77022681709609	1.7123644191422	32.4828637660687	4.76647587262595e-06	2.92355981958393e-05	ERMN	TRUE
ENSG00000285051.2	29.3389196789402	6.32660573035375	1.44742007000695	32.4275168935593	4.88844907817916e-06	2.98697249757943e-05	SLC7A14-AS1	TRUE
ENSG00000172209.6	812.341657533568	-3.15137854660055	0.916194720426272	32.4078785389263	4.93246957822499e-06	3.00245401977559e-05	GPR22	TRUE
ENSG00000090104.12	378.039940810135	0.721837046426115	1.08004649516988	32.2981436824182	5.18579740673912e-06	3.14474582363388e-05	RGS1	TRUE
ENSG00000170381.15	928.932502839076	-4.8234904268434	1.14327248987821	32.2278440531479	5.35484033404189e-06	3.23504827699448e-05	SEMA3E	TRUE
ENSG00000171722.13	64.6554945199151	-5.57883185551779	1.33417064267627	32.1172276768394	5.63198337116222e-06	3.38973680803659e-05	SPATA46	TRUE
ENSG00000168490.14	5821.76080116423	2.45039434074808	0.833878691110506	32.1030656696573	5.66847960404674e-06	3.39897265809817e-05	PHYHIP	TRUE
ENSG00000271860.9	417.24207589363	-2.15879569436263	1.03629272183874	32.0786593378179	5.73192839544729e-06	3.42424123846981e-05	NA	TRUE
ENSG00000166927.13	93.1768914491825	-0.137067972114196	0.960488397613583	32.0252825677719	5.87316155217484e-06	3.49561874605369e-05	MS4A7	TRUE
ENSG00000081189.16	27411.0837686995	-3.26665357253229	0.899493713444111	31.9705153981788	6.02166853904143e-06	3.57078278311424e-05	MEF2C	TRUE
ENSG00000169562.13	55.7874225439149	7.92001967146411	1.66670563790029	31.9289804531717	6.1367778238282e-06	3.62566248635732e-05	GJB1	TRUE
ENSG00000163508.13	1118.5486117751	-8.82689558743521	1.7510448088857	31.8249237091498	6.43485034534014e-06	3.78784047800792e-05	EOMES	TRUE
ENSG00000130055.14	288.28610293512	-3.84692333282584	0.862467662440804	31.7735512574199	6.58726867607583e-06	3.86340903739192e-05	GDPD2	TRUE
ENSG00000211592.8	26.1989405962508	4.57672965125389	1.7315858582307	31.7281985204798	6.72480536075775e-06	3.92973171445007e-05	IGKC	TRUE
ENSG00000187193.9	225.754465356479	2.41015359701974	0.900567211321445	31.7115754346815	6.77592796641855e-06	3.94525950798355e-05	MT1X	TRUE
ENSG00000286677.1	262.774152895323	-5.53801959186436	1.01688871816854	31.6921656745141	6.83610960048773e-06	3.96593073212411e-05	NA	TRUE
ENSG00000169174.11	607.08736677579	-10.0827484542944	1.56179051695951	31.6425770981421	6.99228592568859e-06	4.02745644536974e-05	PCSK9	TRUE
ENSG00000177283.8	441.518044543059	-3.59599465658148	0.938034683672065	31.6465706135473	6.9795783938244e-06	4.02745644536974e-05	FZD8	TRUE
ENSG00000169715.15	271.302470573977	4.37529900620077	1.14232885438405	31.5506003990898	7.29140628537356e-06	4.18474639306975e-05	MT1E	TRUE
ENSG00000011600.12	180.344373854272	1.62851955245285	0.807969715431025	31.3639442310188	7.93807355620049e-06	4.53967409423993e-05	TYROBP	TRUE
ENSG00000164124.11	147.532911188089	5.57398427528687	1.10576559882531	31.2862395544744	8.22379273170064e-06	4.68639536164643e-05	TMEM144	TRUE
ENSG00000197893.14	87.839842890767	3.20399767047932	2.01021591350861	31.1916806099933	8.58529838368156e-06	4.8751146652213e-05	NRAP	TRUE
ENSG00000141750.7	324.286804092491	-0.680601545814361	0.760054075627417	31.152461319362	8.73982861885401e-06	4.94538894031633e-05	STAC2	TRUE
ENSG00000081041.9	47.1069529503229	0.780437238254856	1.10817820412662	31.1147741743633	8.89092443729871e-06	5.01323353359264e-05	CXCL2	TRUE
ENSG00000156219.18	79.6266537734233	3.22080907212719	1.20281502172011	31.088057790182	8.99960520059352e-06	5.05677117389993e-05	ART3	TRUE
ENSG00000236824.2	1358.44398119939	3.99495871005457	0.99605248495725	30.9637036087913	9.52309428988337e-06	5.33226917207058e-05	BCYRN1	TRUE
ENSG00000036530.9	1337.01701481329	1.66896509024229	0.833195550393117	30.8874802973272	9.85880713197187e-06	5.50107745176347e-05	CYP46A1	TRUE
ENSG00000161835.11	429.515748517262	2.55329625131712	0.741978724607302	30.8589999152804	9.98723876278931e-06	5.54198810320804e-05	TAMALIN	TRUE
ENSG00000163032.12	5583.57080163013	1.8075053672662	0.867568881554213	30.8559481928032	1.00010986305559e-05	5.54198810320804e-05	VSNL1	TRUE
ENSG00000166710.23	5132.28529023	1.3493071572418	0.620474407195535	30.8421102022777	1.00641861158659e-05	5.5577825045349e-05	B2M	TRUE
ENSG00000133816.18	4691.85589536411	2.39372909053749	0.994043309074195	30.8119776179728	1.02029315826087e-05	5.61510652508634e-05	MICAL2	TRUE
ENSG00000112559.15	608.158184774329	-3.26873672710099	0.770152023198231	30.7794851056681	1.03546728298272e-05	5.67916697526699e-05	MDFI	TRUE
ENSG00000185201.18	433.417382361913	1.56693137873778	0.683945206246171	30.7319370293664	1.05807729970455e-05	5.78343612457555e-05	IFITM2	TRUE
ENSG00000184185.10	481.071465035484	0.994694610358969	1.04707307841315	30.5555278199673	1.1463312738844e-05	6.24459104112618e-05	KCNJ12	TRUE
ENSG00000172216.6	169.038110367858	1.83446783683107	0.759165918843898	30.5477921921585	1.15036427309694e-05	6.24538982049588e-05	CEBPB	TRUE
ENSG00000106113.19	193.527400706451	-4.46716726170499	1.04081082874057	30.456121392372	1.19924372004572e-05	6.48883723270527e-05	CRHR2	TRUE
ENSG00000114541.15	2023.25825919594	-4.58701953061657	0.973998921222558	30.231275706766	1.32804196219753e-05	7.161622259233e-05	FRMD4B	TRUE
ENSG00000286375.1	64.0669935715838	-9.67426717733331	2.03076442561707	30.1831527968825	1.35734427523557e-05	7.29515802777108e-05	NA	TRUE
ENSG00000144355.15	1258.27976323494	0.71387805397439	0.885869879231565	30.1237685352377	1.39438998832668e-05	7.46928237080323e-05	DLX1	TRUE
ENSG00000128989.11	9893.78576390399	1.45869540125338	0.579921298944014	29.9713561281656	1.49412834127139e-05	7.9769576226682e-05	ARPP19	TRUE
ENSG00000135549.16	503.05590955186	2.79811594904019	0.881639697996807	29.8956414366439	1.54627774436583e-05	8.22804084501947e-05	PKIB	TRUE
ENSG00000164651.18	168.21215543709	-3.66543535648524	1.32142368761843	29.8872524568792	1.55216582011365e-05	8.23211377202188e-05	SP8	TRUE
ENSG00000233913.7	366.299175532162	-0.305048309466579	1.29736057323758	29.5599174504495	1.80015174716941e-05	9.51593374243831e-05	RPL10P9	TRUE
ENSG00000049323.16	836.313240564324	-2.33028724322946	0.88012375061704	29.4825142364409	1.86432001024001e-05	9.82282707034653e-05	LTBP1	TRUE
ENSG00000102934.10	727.65583597575	3.01744613883933	0.863757580151195	29.3824987768722	1.95060702036074e-05	0.00010243874123267	PLLP	TRUE
ENSG00000026508.21	731.696117501614	-0.436487488270213	1.09260698324816	29.344318210508	1.98458229754898e-05	0.000103883509842385	CD44	TRUE
ENSG00000144908.14	564.731274881608	1.81136710894535	0.904197115303146	29.2024447242338	2.11605575418302e-05	0.000110394437021229	ALDH1L1	TRUE
ENSG00000225630.1	10554.8083607369	4.86887378462342	1.05659921304487	29.1955031789956	2.12270572741504e-05	0.000110394437021229	MTND2P28	TRUE
ENSG00000242797.3	29.6932886287722	-4.59210750562859	1.24947501060946	28.984310820063	2.33524947208543e-05	0.000121056319407783	GLYCTK-AS1	TRUE
ENSG00000248485.2	813.88930651063	0.16719717632803	1.02212464021686	28.8613366739332	2.46860368829291e-05	0.000127557753282531	PCP4L1	TRUE
ENSG00000221818.9	104.563818082595	-7.26077296199561	1.59487249011125	28.8493141802749	2.48203964357308e-05	0.000127840952154549	EBF2	TRUE
ENSG00000168502.18	2227.67698562288	-1.87988360512351	0.843688972311923	28.7594745282177	2.5847653821038e-05	0.000132706644378301	MTCL1	TRUE
ENSG00000181418.8	3809.30836057313	2.85609769322886	1.07934874202604	28.7458249889951	2.60073761808581e-05	0.000133101444339615	DDN	TRUE
ENSG00000156925.12	429.185982107791	-1.46708627421967	0.733231748781578	28.6303821221394	2.73980140076315e-05	0.000139773360350044	ZIC3	TRUE
ENSG00000256637.9	109.050693158396	-4.16918071895562	1.36834676148955	28.5827366409567	2.7993239713898e-05	0.000142358026013399	LINC01965	TRUE
ENSG00000108176.15	355.535571412934	2.35790920224418	0.700901036064375	28.5668365842984	2.81947173333744e-05	0.000142480851429977	DNAJC12	TRUE
ENSG00000142089.17	1953.58040479939	1.82379739699698	0.766989136547292	28.5683457112556	2.81755327916054e-05	0.000142480851429977	IFITM3	TRUE
ENSG00000259803.8	239.950151757194	1.17446853684687	1.45505839305933	28.3936465563115	3.04846827344301e-05	0.00015357017289727	SLC22A31	TRUE
ENSG00000110077.15	40.7473117443822	1.61616388244278	1.16918572163533	28.2414872542698	3.26482611142144e-05	0.000163955486282945	MS4A6A	TRUE
ENSG00000102024.19	1791.71401752782	-0.33375055182695	0.676394386593055	28.2016850173006	3.32389169859718e-05	0.000165986369338579	PLS3	TRUE
ENSG00000106829.20	2878.174924643	-4.03361854598634	0.871550813398478	28.2003275295357	3.3259247621047e-05	0.000165986369338579	TLE4	TRUE
ENSG00000171786.6	1135.99938322476	-4.3978007029123	1.26097388732446	28.1468610971418	3.40698826315703e-05	0.000169505577055522	NHLH1	TRUE
ENSG00000256422.8	90.2186322116692	6.10786601596004	1.33378867108894	28.0325723509628	3.58689835505958e-05	0.000177905730141381	LINC02552	TRUE
ENSG00000289913.1	214.56451382005	-2.03827316470107	0.959451321791396	27.9711893126624	3.68738313619409e-05	0.000182326913841966	NA	TRUE
ENSG00000135519.8	1502.39259800911	0.638576872868464	0.643183571717019	27.9263274696471	3.76258370297621e-05	0.000185474601554686	KCNH3	TRUE
ENSG00000177943.14	1512.86450833625	-2.76275959831216	0.914500924878336	27.9104680252607	3.78953069972033e-05	0.000186231676894513	MAMDC4	TRUE
ENSG00000105697.9	41.3676094134281	4.07783210063448	1.73334633020497	27.8291436101921	3.93074634924767e-05	0.000191711021195489	HAMP	TRUE
ENSG00000146469.13	178.323537115366	4.75703005794547	1.09028541340934	27.8340616349778	3.92206012149852e-05	0.000191711021195489	VIP	TRUE
ENSG00000184254.17	125.936107281371	0.646785878070916	1.09838669795685	27.825713312579	3.93681624110214e-05	0.000191711021195489	ALDH1A3	TRUE
ENSG00000144218.21	6659.24837497105	-3.99713720440012	0.90740039949835	27.8070865360659	3.96993885772203e-05	0.000192739931853755	AFF3	TRUE
ENSG00000167306.21	1361.209045525	-3.90372115342566	0.966355853542292	27.6710417332158	4.22038432334852e-05	0.000204281855651237	MYO5B	TRUE
ENSG00000159023.22	3287.24728606591	-4.64438272576149	0.950544518680055	27.6028385522643	4.35177351345273e-05	0.00021000901009365	EPB41	TRUE
ENSG00000126583.12	1295.06699792163	2.50493297599665	0.841053101853885	27.5258996610687	4.50486504766663e-05	0.000216349774512099	PRKCG	TRUE
ENSG00000137462.9	109.616529646464	-0.16390145907743	1.16461508241633	27.5233188848251	4.51009175243019e-05	0.000216349774512099	TLR2	TRUE
ENSG00000286679.1	265.68590109799	2.67744073563391	1.51879969002628	27.464060480336	4.63177251672817e-05	0.000221525548642326	NA	TRUE
ENSG00000087494.16	65.7723731737119	3.47322999974333	1.12124345333145	27.2072477794183	5.19784453476025e-05	0.000247861607340051	PTHLH	TRUE
ENSG00000004848.8	697.850747676137	-0.717023132085715	0.938867191603859	27.1240631563936	5.39551397385169e-05	0.000256526359644369	ARX	TRUE
ENSG00000163359.17	412.814372704338	-0.771755836922502	1.0883417910494	27.1148454053238	5.41787134999501e-05	0.000256829476679705	COL6A3	TRUE
ENSG00000134531.10	629.116696302837	-2.52826718893295	0.848329824196883	27.0531645766436	5.56985779247503e-05	0.000262485673680568	EMP1	TRUE
ENSG00000272752.6	1274.14891188565	-1.43678275740615	0.717564377504742	27.0566678348145	5.5611133952113e-05	0.000262485673680568	STAG3L5P-PVRIG2P-PILRB	TRUE
ENSG00000163739.5	41.3243959152225	0.862571595973077	1.15430822687173	26.953013957255	5.82568797255604e-05	0.000273739198008701	CXCL1	TRUE
ENSG00000135744.9	1414.43887420575	2.06563322186427	0.897734041902058	26.9198046187257	5.91306465082316e-05	0.000277034836556059	AGT	TRUE
ENSG00000274444.1	55.6584669347055	-1.94686922858253	1.02508447553345	26.8416669164164	6.12380861184396e-05	0.000286074431373059	NA	TRUE
ENSG00000049130.16	1643.78995089541	-2.50330699890333	0.900114573349396	26.7687432092638	6.32719819240415e-05	0.00029386726864721	KITLG	TRUE
ENSG00000095596.12	365.885903469872	-6.34233692543989	1.37185452473398	26.7722823696379	6.31717442126751e-05	0.00029386726864721	CYP26A1	TRUE
ENSG00000121716.21	2920.22078675182	-0.96888331448932	0.731397725607932	26.680259630155	6.58299303049867e-05	0.000304866564841826	PILRB	TRUE
ENSG00000182968.5	955.078630729035	-2.73403992591812	0.921588167943582	26.6190424683805	6.76593540092342e-05	0.000312438453715056	SOX1	TRUE
ENSG00000147872.10	508.0757721474	-2.05748419738497	0.677396339800388	26.562762548343	6.93856368034786e-05	0.000319492029636648	PLIN2	TRUE
ENSG00000231389.8	88.1495527098968	3.01364805957291	1.1200599824099	26.5199000523469	7.07295769515977e-05	0.000324749800460621	HLA-DPA1	TRUE
ENSG00000214212.9	66.2793752241591	0.600094226183729	0.834650733801346	26.5034721162532	7.12514793619682e-05	0.00032621403799055	C19orf38	TRUE
ENSG00000285634.3	61.422263774794	5.9895188824793	1.83825482220859	26.3879575405347	7.50306063155797e-05	0.000342540296446411	NA	TRUE
ENSG00000205089.8	396.914122855172	2.28284591876837	0.807259657192189	26.3347416998549	7.68377671794283e-05	0.000349796860785669	CCNI2	TRUE
ENSG00000244242.2	301.785093954114	1.50480013601941	0.686296253757646	26.2221645014856	8.08041063296205e-05	0.000366814121106498	IFITM10	TRUE
ENSG00000108821.14	1113.19416470776	-1.72077481307176	1.00962504669453	26.1909845474738	8.19380663045453e-05	0.000370914007187055	COL1A1	TRUE
ENSG00000162551.14	507.4973530303	1.23982299248114	0.7711460687777	26.1735369684131	8.25794679709299e-05	0.00037276742985754	ALPL	TRUE
ENSG00000130303.14	213.632408575394	2.54192850318482	0.968851867081283	26.1539014248536	8.33072525909521e-05	0.000374508478842848	BST2	TRUE
ENSG00000205609.13	1408.73172820169	-1.35224019379618	0.83713140377524	26.1505726612339	8.34312603769382e-05	0.000374508478842848	EIF3CL	TRUE
ENSG00000120885.22	19342.7683518659	1.83142552205157	0.790726141512539	26.1407590657559	8.37979154141033e-05	0.000375106546157281	CLU	TRUE
ENSG00000276644.5	666.427464318916	-1.77225105172477	0.819234390672569	26.1307279416638	8.41743473521917e-05	0.000375744933874922	DACH1	TRUE
ENSG00000130751.10	375.633029668759	0.0776276239308913	0.794287817149966	25.9980760780114	8.93126828963651e-05	0.000397577510843376	NPAS1	TRUE
ENSG00000174514.13	907.224857952163	2.4898754078478	0.865230251180528	25.9740500104706	9.02760290398803e-05	0.000400755742174275	SLC60A1	TRUE
ENSG00000215397.4	1889.0057060749	-5.7899023426842	1.19734609515038	25.9617392642865	9.0773619626085e-05	0.00040185456401961	SCRT2	TRUE
ENSG00000126860.12	197.616065317194	4.22594803777689	1.09753043066548	25.7843407001347	9.8252917648633e-05	0.000433770435882838	EVI2A	TRUE
ENSG00000170549.4	161.775530427784	-5.60658559568294	1.44420445203143	25.7126586121196	0.00010144540823433	0.000446637728856349	IRX1	TRUE
ENSG00000279198.2	207.069846000825	-2.76189249786439	0.979418624947499	25.6993948829931	0.000102047294893782	0.000448060117197562	NA	TRUE
ENSG00000091664.9	579.332163762928	-3.00457694971261	0.889402876106628	25.645988004199	0.000104506806872921	0.000457608824645187	SLC17A6	TRUE
ENSG00000171873.8	130.625540261728	1.24028518377716	1.31019406495236	25.6226717679318	0.000105598896038323	0.000459884623126246	ADRA1D	TRUE
ENSG00000175832.13	177.280829395103	-1.58602876632439	0.858385653174407	25.6276646527407	0.000105364091786904	0.000459884623126246	ETV4	TRUE
ENSG00000133392.18	187.108668201787	4.42993955060404	1.38845191616741	25.6076856917708	0.000106306773732002	0.000461716176722506	MYH11	TRUE
ENSG00000165863.17	167.472973259212	-3.9192060903496	0.970583629904306	25.5633769814714	0.000108427325515552	0.000469656905939331	SPMIP5	TRUE
ENSG00000019991.18	160.559198741535	-2.08798606819332	0.926254933302928	25.5062356421172	0.000111223966437262	0.000480475575442688	HGF	TRUE
ENSG00000115380.20	220.298251421554	-0.196837656434643	0.864981718352019	25.4532049215371	0.000113883265308432	0.000490644523728284	EFEMP1	TRUE
ENSG00000006327.14	50.8111512120428	-2.37062988201704	1.02076744339755	25.4018625075389	0.00011651784797316	0.000500652892226921	TNFRSF12A	TRUE
ENSG00000214425.10	1275.10819987652	-3.90526200231567	1.08200754331102	25.3782120134592	0.000117751661257203	0.000504605119040869	LRRC37A4P	TRUE
ENSG00000104332.12	3880.19223658733	-3.44933854231748	1.08080347281272	25.3559923338259	0.000118922611278856	0.000508267649800856	SFRP1	TRUE
ENSG00000108387.16	4612.4078416053	2.81741504306615	0.893525476121386	25.3328842228567	0.000120152608896532	0.000512162446940921	SEPTIN4	TRUE
ENSG00000131969.15	70.5712585981381	3.84152386924574	1.35425304884211	25.3262696633226	0.000120507001010601	0.000512314155090041	ABHD12B	TRUE
ENSG00000188779.12	282.10101174227	-2.25185837635989	0.756478996946282	25.2638511323846	0.000123902603844479	0.000525360117092553	SKOR1	TRUE
ENSG00000142583.18	189.372789765346	1.00937735289429	0.917485926304862	25.2138894715678	0.000126688649030427	0.000535759628926041	SLC2A5	TRUE
ENSG00000180660.8	958.654537206834	-3.66609284136291	1.01047949151906	24.9942707847443	0.000139689144561761	0.000589187546747376	MAB21L1	TRUE
ENSG00000204677.13	1222.69400110474	-0.637881727023429	0.961223344106185	24.9273543354012	0.000143906630898714	0.00060538731899014	FAM153CP	TRUE
ENSG00000233123.2	399.694384916137	6.98984889206085	2.44327234695376	24.822520293696	0.000150768589488813	0.00063259823318152	LINC01007	TRUE
ENSG00000287243.2	717.581842337061	-2.84337817219373	0.923105861625135	24.7928956036932	0.000152765691643917	0.000639308506436913	NA	TRUE
ENSG00000188681.13	100.147460696856	4.5447013618053	1.04585798972119	24.6857483289546	0.000160209851933946	0.000668720083267144	TEKT4P2	TRUE
ENSG00000186897.5	120.664749305723	-5.48393368531684	1.4887376391361	24.6678794327806	0.000161485759507905	0.000672299522096383	C1QL4	TRUE
ENSG00000103310.11	108.517910783594	1.14857331527719	2.08689695421323	24.6052075581592	0.000166040747573331	0.000687699694201913	ZP2	TRUE
ENSG00000261292.2	284.745710577173	-3.20160300529917	0.993851036709355	24.6091773203415	0.000165748492197658	0.000687699694201913	NA	TRUE
ENSG00000196358.12	1655.93606526583	-3.2306312076018	0.940387880535258	24.5935141298969	0.000166904588022174	0.000689500444605743	NTNG2	TRUE
ENSG00000162444.12	14.1722708661912	5.08788931431333	1.43242536487996	24.5381900935774	0.000171052255622155	0.000704823012268724	RBP7	TRUE
ENSG00000109107.14	6608.90027494772	2.07690678510181	0.709413539277757	24.519562866877	0.000172471564233696	0.000708853717963041	ALDOC	TRUE
ENSG00000137965.11	647.463739166543	-0.617348224420373	0.7872156361933	24.4395858026963	0.00017869901100038	0.000730710714192393	IFI44	TRUE
ENSG00000167414.5	187.050295802975	-3.83529088671645	1.10110515668755	24.4404751300496	0.00017862855501488	0.000730710714192393	GNG8	TRUE
ENSG00000149527.18	2205.33253644923	0.849884177347629	0.785958821094038	24.3689716384262	0.000184381975366857	0.000752035112727255	PLCH2	TRUE
ENSG00000211899.10	38.9456702349379	2.69877742621913	1.39260769968354	24.2789060161091	0.000191890426252343	0.000780678265791179	IGHM	TRUE
ENSG00000125730.18	1397.07618945623	2.31055451587558	0.809093141056482	24.2661126830988	0.000192981204971364	0.000783133324214599	C3	TRUE
ENSG00000115194.11	670.45460593265	0.0909392125255393	1.31842191843715	24.1781569468239	0.000200648256237604	0.000812195838221235	SLC30A3	TRUE
ENSG00000148671.14	85.4834169401612	2.47596480192104	1.15735955971426	24.0613224187272	0.000211300245700199	0.000853164559900052	ADIRF	TRUE
ENSG00000228408.6	93.4184312593978	3.07520156609517	1.55764004838226	23.9979303481292	0.000217311857670438	0.000875238484401991	NA	TRUE
ENSG00000171051.10	127.455245961418	-0.188560898972462	1.11938639676246	23.9605747245514	0.000220933241029797	0.00088759929583721	FPR1	TRUE
ENSG00000177519.4	2703.24644600964	-3.02455335584269	1.00582608048011	23.946827389626	0.000222280921120599	0.000890786634016962	RPRM	TRUE
ENSG00000136960.13	541.276967841254	2.7413218744546	1.00848659616318	23.8941201167353	0.00022752366480465	0.000909528679952919	ENPP2	TRUE
ENSG00000099860.9	568.399838486057	1.2249397372792	1.06340330213364	23.8243805821494	0.000234648900709728	0.00093568432615517	GADD45B	TRUE
ENSG00000232597.6	48.9072791549882	-8.88755379378778	2.23645899742649	23.8067405921252	0.000236485845681518	0.000940675133688611	NA	TRUE
ENSG00000183760.11	58.4903950442554	2.69743752908795	2.02428652426539	23.7463829348761	0.000242879400429297	0.000963721472814521	ACP7	TRUE
ENSG00000175445.17	6297.15089185654	-6.11117481868145	1.1529822225717	23.7021968228618	0.000247667983084901	0.000980301598072503	LPL	TRUE
ENSG00000157150.5	371.081512160283	2.54831553697125	0.746522141996095	23.6965734288532	0.000248284062868693	0.000980325525872212	TIMP4	TRUE
ENSG00000081803.17	1495.51280590056	1.54334441145631	0.798638295571434	23.654962431833	0.000252890140473706	0.000996064842503054	CADPS2	TRUE
ENSG00000107736.22	1124.87965961743	-0.934587077495689	0.993999542863566	23.6392564523265	0.000254650564132462	0.000999016740127018	CDH23	TRUE
ENSG00000152558.15	1885.7905270685	-1.36603825818264	0.746398415349807	23.6371914028119	0.000254882926852568	0.000999016740127018	TMEM123	TRUE
ENSG00000231453.1	96.6965247602731	-0.531833446184415	1.25976300935078	23.6128131706492	0.000257641895496896	0.00100737354273361	LINC01305	TRUE
ENSG00000117525.14	1201.70477640845	-1.64660614886385	0.78966304543179	23.6059248263987	0.000258426807638014	0.00100798999969488	F3	TRUE
ENSG00000115594.12	142.722918742191	2.89484117652208	0.996663931736809	23.5902856691118	0.000260217641279097	0.00101170261318907	IL1R1	TRUE
ENSG00000234965.3	148.684906080788	3.11727976956816	1.17598597188526	23.586632215536	0.000260637760958478	0.00101170261318907	SHISA8	TRUE
ENSG00000161714.12	1008.968910947	2.55039243984719	0.872063700260315	23.5719238558185	0.000262335904410724	0.00101584047804345	PLCD3	TRUE
ENSG00000165617.15	8910.17613514632	-4.84446902667889	1.07866919496589	23.5465782939492	0.000265287852847037	0.00102480187385863	DACT1	TRUE
ENSG00000160781.17	1629.66714513966	3.14816667955917	0.796750514860331	23.5081962393247	0.000269820744633327	0.00103981279766369	PAQR6	TRUE
ENSG00000144857.15	1229.7802037006	-2.03051205111773	0.855021541004289	23.4739103547008	0.000273934557042006	0.00105314074920216	BOC	TRUE
ENSG00000237986.4	43.72553503465	-7.22962658794676	1.54977652342263	23.4135669696065	0.000281325978498256	0.00107897576956252	CELF2-AS2	TRUE
ENSG00000075891.23	171.76479721824	-1.37872747238585	1.09757705319445	23.338619581623	0.000290781121013861	0.00111258395587922	PAX2	TRUE
ENSG00000125148.7	654.180497563236	1.66491154631765	0.883715183663299	23.3320614395244	0.000291623264675823	0.00111315578701674	MT2A	TRUE
ENSG00000106565.18	99.5047758862937	1.15716464824238	1.06894701106449	23.3043443952354	0.00029520915923804	0.00112417326752495	TMEM176B	TRUE
ENSG00000167613.16	114.238313202502	0.733785537831204	1.04042045441477	23.2886086340791	0.000297264326467967	0.00112932333956034	LAIR1	TRUE
ENSG00000107796.13	451.149420716054	1.78542886186676	0.890215045964975	23.2819517963942	0.000298137991146615	0.00112997111267125	ACTA2	TRUE
ENSG00000135502.19	1007.16328669858	-2.88089391067192	0.868366621173648	23.1560067489621	0.000315153734162259	0.00119165188423235	SLC26A10P	TRUE
ENSG00000013297.12	968.375056285418	4.41907800359485	1.30640785742786	23.1389365014091	0.000317532629616904	0.0011978284877802	CLDN11	TRUE
ENSG00000061337.15	3283.44146775463	-2.39554030282608	0.83789134454271	23.120249327921	0.000320157200493901	0.00119928349928601	LZTS1	TRUE
ENSG00000106341.11	566.008438849496	-5.82186902979771	1.4235950387426	23.1301080572119	0.000318769904995374	0.00119928349928601	PPP1R17	TRUE
ENSG00000165269.13	58.5107690224162	2.15312151374189	1.31470215117468	23.1235621648244	0.000319690362380964	0.00119928349928601	AQP7	TRUE
ENSG00000131095.14	26727.9563636513	1.97372880482354	1.05713848534645	23.0846753135003	0.000325212855286068	0.00121538850801096	GFAP	TRUE
ENSG00000149591.17	1012.24868572553	2.21410808127805	0.708427763787428	23.0103846682418	0.000336026462368913	0.0012528875290646	TAGLN	TRUE
ENSG00000170561.13	177.648857961985	-5.53604757085603	1.41201336502956	22.9930911468763	0.000338594197989073	0.00125953906520472	IRX2	TRUE
ENSG00000163017.14	40.6719432548481	2.21633176589276	1.58439934518781	22.9793986272015	0.000340640997021874	0.00126422651781559	ACTG2	TRUE
ENSG00000289305.1	22.0270029060561	3.43157699305018	1.36022173113315	22.9251591289237	0.000348869656044698	0.00129178234392587	NA	TRUE
ENSG00000203930.13	4534.17897015723	-4.1053872645588	0.989978955925854	22.8810357813546	0.000355708154069221	0.00131407587032009	LINC00632	TRUE
ENSG00000143226.16	96.4950448578376	1.18996505945102	0.973063660918406	22.8681293592574	0.000357733375474395	0.00131852645501686	FCGR2A	TRUE
ENSG00000162344.4	35.627484654892	-5.56060729091921	2.12024645412979	22.8454988366785	0.000361311986878158	0.00132866902268467	FGF19	TRUE
ENSG00000132965.10	102.866178219282	0.5812934229357	0.967839686147937	22.7892872599544	0.000370354523690709	0.0013588121451392	ALOX5AP	TRUE
ENSG00000173404.5	1703.49805829513	-3.77807252396143	1.10881089755654	22.7245121577437	0.000381052032768824	0.0013948761199533	INSM1	TRUE
ENSG00000111404.7	68.0070679508682	3.23879373170002	1.00076462091983	22.6977557602611	0.000385559338344634	0.00140816785618142	RERGL	TRUE
ENSG00000277586.4	10263.640828862	-2.09439567834773	1.04253136277528	22.6229606936623	0.000398440244250575	0.00145191263607863	NEFL	TRUE
ENSG00000108924.14	974.525764842608	1.64751386853232	0.747490657606778	22.5510308295755	0.000411228145426599	0.00149512133416413	HLF	TRUE
ENSG00000176046.9	66.0564712869017	2.15741442432225	0.901039787206397	22.472425081	0.000425666490592875	0.00154412200989334	NUPR1	TRUE
ENSG00000064300.9	614.909077103884	-5.45260037904238	1.05949846917351	22.4395606602365	0.000431850354183332	0.00156302594408246	NGFR	TRUE
ENSG00000060718.22	1210.19804120556	-1.93634160662226	0.843392668569489	22.4260280115599	0.000434422395231274	0.0015688017733408	COL11A1	TRUE
ENSG00000260418.1	93.070565791351	2.86994954551696	0.984378729897569	22.4048146516309	0.00043848470687552	0.00157992135414565	NA	TRUE
ENSG00000254979.5	58.8193239927502	-3.42190815535182	1.51924143328877	22.3827226642069	0.000442755130218959	0.0015917393607648	NA	TRUE
ENSG00000174567.8	53.6337661346921	1.59351170842814	0.860718217299165	22.3644459649514	0.000446319058327683	0.00160097037217095	GOLT1A	TRUE
ENSG00000171992.13	2662.78746138602	1.90480292649436	0.907619738135464	22.258252340094	0.00046759386874736	0.0016735486571871	SYNPO	TRUE
ENSG00000081051.8	20.0460932639423	-5.81658044618451	2.29678160984463	22.2214205025043	0.000475204049664508	0.00169324369802852	AFP	TRUE
ENSG00000180828.3	4253.64313291134	-3.17895376431243	1.05133246377433	22.2230522614559	0.000474864323379417	0.00169324369802852	BHLHE22	TRUE
ENSG00000289754.1	48.1061389051074	2.6924200149575	1.22047445794997	22.2039611672085	0.00047885406559941	0.00170247452083684	NA	TRUE
ENSG00000105880.7	254.352504120501	-0.832479816052299	0.921797189797664	22.1469645005071	0.000490963324001916	0.00174167342532247	DLX5	TRUE
ENSG00000091428.18	1326.46377723167	1.47142718618572	0.797957741456649	22.1349293879668	0.000493558627752683	0.00174417313220231	RAPGEF4	TRUE
ENSG00000103569.10	34.6681835615971	5.18051075211399	2.02112849639927	22.13363439875	0.000493838690200406	0.00174417313220231	AQP9	TRUE
ENSG00000248455.8	126.328390858888	4.3304570824027	1.15499761568673	22.0150753699383	0.000520154510439639	0.00183308837341338	LINC02217	TRUE
ENSG00000286502.1	58.9404101106093	2.19909806771185	1.16179603563717	21.9688349684495	0.00053078910348428	0.00186647284310556	NA	TRUE
ENSG00000152583.13	10997.5668586405	1.31206191786199	0.980349123130406	21.8911219730214	0.000549147107710813	0.00192681092159667	SPARCL1	TRUE
ENSG00000141934.10	173.504354737552	0.219560722778778	1.31947858341825	21.7798425613648	0.000576529668697039	0.00201848186840118	PLPP2	TRUE
ENSG00000151136.15	303.153860742182	0.206989932200809	1.16261643678118	21.6833910722155	0.00060134990465562	0.00210080281909039	ABTB3	TRUE
ENSG00000106013.15	36.7164079654743	0.18270981950527	1.28220669690454	21.6692322931654	0.000605081049270061	0.00210925216090453	ANKRD7	TRUE
ENSG00000103154.10	862.295178387188	0.194629712307155	1.15578782818004	21.6252942353881	0.000616805622454503	0.00214546890754196	NECAB2	TRUE
ENSG00000186960.14	1391.95473443532	-3.9609293858349	1.04916567842661	21.5665343239244	0.000632836065121395	0.00219647420442782	LINC01551	TRUE
ENSG00000204314.12	1831.44961561819	2.1123555412429	0.870387606776384	21.5317652964574	0.000642514210023646	0.00222525934376724	PRRT1	TRUE
ENSG00000141738.14	53.1519146815836	-0.378733816786038	1.30946707313958	21.5232699492378	0.000644901032156904	0.00222872249177665	GRB7	TRUE
ENSG00000091986.16	872.157169354791	-1.0039698829613	0.729820096783467	21.5122821015718	0.00064800110727266	0.00223463042786945	CCDC80	TRUE
ENSG00000139572.4	33.0913664615114	-0.646235823960848	1.62671370037668	21.494372297075	0.000653085639848702	0.00224734180564639	GPR84	TRUE
ENSG00000173641.18	55.7392689362871	2.70488137963439	1.07544007886812	21.4650497738133	0.000661495245732787	0.00227141636729186	HSPB7	TRUE
ENSG00000139219.19	81.4681549186583	-5.55063038550554	1.38438151076013	21.4156337876947	0.000675909786096598	0.00231596380865082	COL2A1	TRUE
ENSG00000183662.12	1165.4151493779	-1.83898148814902	1.03412643931577	21.3646833171779	0.000691096108971559	0.00236296052578148	TAFA1	TRUE
ENSG00000145863.11	424.923914922015	2.21154806038081	1.37599474494982	21.2973205267232	0.000711691613616327	0.00242793311996486	GABRA6	TRUE
ENSG00000228133.3	17.8250680009125	-2.37926942342217	1.38566803962656	21.2927189502588	0.000713120368776236	0.00242793311996486	RTN4RL1-AS1	TRUE
ENSG00000019169.11	46.5650110905623	2.43548352184278	1.6676912567871	21.2748179782928	0.00071870542647014	0.00244177509585098	MARCO	TRUE
ENSG00000103811.18	416.43194495802	1.69066323328415	0.667716137006085	21.2078645118963	0.000739979508150138	0.00250346751494162	CTSH	TRUE
ENSG00000163520.14	509.670640136206	1.60878198544546	0.84352541958097	21.2081333897244	0.000739892844917574	0.00250346751494162	FBLN2	TRUE
ENSG00000091137.14	362.12327830283	-3.36413307397852	1.11794448136649	21.2014830873841	0.000742039272625533	0.00250516199812864	SLC26A4	TRUE
ENSG00000109846.9	4337.69910401664	3.71600040797127	1.30547692023691	21.1739406187244	0.000750994303220779	0.00253007934020082	CRYAB	TRUE
ENSG00000229520.2	106.487805762053	-1.84571051143901	1.11956760416542	21.1562535588496	0.000756801057395452	0.00254430815739433	LINC00404	TRUE
ENSG00000006468.14	2438.62073910572	-2.49081955709059	0.816858292459171	21.1378464141872	0.000762891200163587	0.00255942830618556	ETV1	TRUE
ENSG00000143119.14	166.830809708584	0.489690891997758	0.865421441256329	21.1185692942544	0.000769320950720152	0.00257562243293184	CD53	TRUE
ENSG00000089116.4	100.744357936023	-6.28744747252663	1.61845481763308	21.1042389341688	0.000774135316774212	0.00258635229533505	LHX5	TRUE
ENSG00000148180.22	1927.94515283558	1.82460126226067	0.786208602848258	21.0965492334418	0.000776730941686598	0.00258964029728291	GSN	TRUE
ENSG00000143450.19	142.335370026952	-1.75016663788002	0.938471226110741	21.0378863352766	0.000796816602590391	0.00265110617052331	OAZ3	TRUE
ENSG00000146360.9	22.7593551009712	0.0867547057947078	1.62872678089239	21.0265600569543	0.000800753145538152	0.0026586989770244	GPR6	TRUE
ENSG00000101336.18	135.368153584562	0.333185258787071	0.828272798407264	20.9618951733225	0.000823597674115125	0.00272891023155259	HCK	TRUE
ENSG00000149654.11	757.084339624634	2.65476367021502	0.892928097270914	20.9373629409254	0.00083243128368679	0.0027525042651948	CDH22	TRUE
ENSG00000179636.15	24.3260511569744	-0.176872481172268	1.82578808028304	20.9321066718082	0.000834336076685992	0.00275313773148745	TPPP2	TRUE
ENSG00000120708.17	284.377903862634	0.0717750767466603	0.76029910442518	20.8759417450882	0.000854959366651631	0.00281384565402495	TGFBI	TRUE
ENSG00000124762.14	472.684295442144	0.033889877399537	1.08261767469742	20.8725102105257	0.000856235547491101	0.00281384565402495	CDKN1A	TRUE
ENSG00000156463.18	41.7501204188082	0.502178657225458	1.53635833916702	20.8645700587963	0.000859195672200821	0.00281781111270759	SH3RF2	TRUE
ENSG00000154027.19	1739.45686410512	0.406225217146071	0.901485025389445	20.8364210538958	0.00086977118475363	0.00282939735607102	AK5	TRUE
ENSG00000180697.9	17.3104805673747	-3.48333983478205	1.98424896344985	20.838946706072	0.000868817091163392	0.00282939735607102	C3orf22	TRUE
ENSG00000182379.10	515.146099656107	-2.87338895515382	0.886821033662297	20.8387484913155	0.000868891931732525	0.00282939735607102	NXPH4	TRUE
ENSG00000240583.14	455.934773570098	1.71271144604673	1.13921596153075	20.8396925133834	0.000868535551234818	0.00282939735607102	AQP1	TRUE
ENSG00000137441.8	19.017666351885	5.69316311767256	1.78297111247991	20.8110200769962	0.000879424252464057	0.00285501974486816	FGFBP2	TRUE
ENSG00000118946.12	2916.6737542846	-2.9264827586864	1.01070206249438	20.7782107132202	0.000892049011485722	0.00289016685777733	PCDH17	TRUE
ENSG00000118785.15	5494.24081885176	-2.06337475629486	1.27778281080767	20.7646765280209	0.000897308698118873	0.00290135830558758	SPP1	TRUE
ENSG00000089169.15	2444.4274858859	0.981589484589683	0.99887006799186	20.6979522605488	0.000923688990992835	0.00297272285212384	RPH3A	TRUE
ENSG00000111305.19	181.635118239276	3.45221486338705	1.19385006189598	20.7017238711973	0.000922177681506703	0.00297272285212384	GSG1	TRUE
ENSG00000162511.8	664.435491777743	0.980216946548352	0.753160023491678	20.6948614300067	0.000924929325489684	0.00297272285212384	LAPTM5	TRUE
ENSG00000247081.8	149.812838187161	-0.451624563976197	0.944273159399063	20.6605779509005	0.000938797576582893	0.00301127286540661	BAALC-AS1	TRUE
ENSG00000236444.5	20.3654911675881	-1.26363674440791	1.29344079792532	20.6248228422389	0.000953479244061584	0.00305227319762344	UBE2L5	TRUE
ENSG00000180353.11	162.497666002483	1.30228213663624	0.998973750752905	20.6081055620866	0.000960420983267207	0.00306838274375825	HCLS1	TRUE
ENSG00000157368.12	253.27111506485	0.25470758852516	0.869478954906109	20.5833511086809	0.000970791592856806	0.00309536128912875	IL34	TRUE
ENSG00000104972.16	64.7434669827743	2.20427923520238	1.23159259386354	20.536426545214	0.000990753599099594	0.00315037468041697	LILRB1	TRUE
ENSG00000185710.9	117.508409502508	-3.45399645462409	1.22194769884451	20.533606296375	0.000991966140815798	0.00315037468041697	SMG1P4	TRUE
ENSG00000272573.6	69.8567179615642	3.00268157286971	1.12961689314894	20.5056730767828	0.00100405495722322	0.00318247794133673	MUSTN1	TRUE
ENSG00000126368.6	626.268349751765	-0.74968914256254	0.763801464401322	20.4781990784319	0.00101608646970491	0.00321427353703896	NR1D1	TRUE
ENSG00000175426.11	230.281011728922	0.892110800187456	1.0994758285246	20.4707747765161	0.00101936203158888	0.00321830016652914	PCSK1	TRUE
ENSG00000288765.1	57.3855507227255	-4.17779093176858	1.31462543657231	20.4516332306917	0.00102785520094444	0.00323875158415238	NA	TRUE
ENSG00000107902.14	658.094885389985	1.37943413694957	0.582332235641801	20.4203982289916	0.00104186408062297	0.00327646884062841	LHPP	TRUE
ENSG00000127588.5	141.638860267836	5.40351451934683	1.51382422983708	20.4077290799554	0.00104759960819554	0.0032877114914018	GNG13	TRUE
ENSG00000145192.13	34.006284671409	-1.72004722820579	1.46114198491366	20.4018787904687	0.0010502586063785	0.0032877114914018	AHSG	TRUE
ENSG00000173699.17	16.7713411133737	1.72835585695044	2.47184109715898	20.3989842109332	0.00105157666868732	0.0032877114914018	SPATA3	TRUE
ENSG00000198336.9	34.2157346873177	-2.93205975715065	1.18797631053234	20.3795489217362	0.00106046889408437	0.00330907478212345	MYL4	TRUE
ENSG00000224243.2	231.420458498505	-1.28980076008677	1.02254591512002	20.354352794027	0.00107210711231852	0.00333890722770516	SOX1-OT	TRUE
ENSG00000272128.1	72.2824535379137	-5.13356094573706	1.19348711983455	20.2944492233325	0.00110028394092398	0.00342003151463217	NA	TRUE
ENSG00000169085.14	1312.04107497361	1.75568273195599	0.754353017245815	20.2678273387853	0.00111303878506254	0.00345264689995435	VXN	TRUE
ENSG00000236116.1	17.1280309143934	-1.2657167855454	2.07311534213494	20.2636074639917	0.00111507388990436	0.00345264689995435	NA	TRUE
ENSG00000262877.5	759.453935285121	-0.574134558986871	0.892106121822796	20.2111445521816	0.00114068279380406	0.003525148557006	NA	TRUE
ENSG00000243449.8	321.253846712766	-1.40613675236631	1.0496037348385	20.18967096725	0.00115133089672278	0.00355122600966126	NICOL1	TRUE
ENSG00000146374.14	1378.94290806067	-5.82820338628482	1.23507497828036	20.1601963164081	0.00116610588912525	0.00358990835981664	RSPO3	TRUE
ENSG00000217236.2	246.068305790847	-1.85019481561525	1.18074515640659	20.1253900876304	0.00118379382855081	0.00363739327434254	SP9	TRUE
ENSG00000006210.7	2342.97448093834	1.29977456918179	0.989785321863191	20.1182878449123	0.00118743536089973	0.00364161951329365	CX3CL1	TRUE
ENSG00000112936.20	153.205322125556	1.32517424562742	1.23165222715987	20.094666231154	0.00119962632701351	0.00366867794383726	C7	TRUE
ENSG00000264985.4	279.749789784201	-1.10198180334925	1.0655869978881	20.0923578183878	0.00120082426786459	0.00366867794383726	SDK2-AS1	TRUE
ENSG00000231824.4	276.501831517499	0.741411524705266	1.13864658730262	19.997094199371	0.00125130064741344	0.00381563594002542	AKAIN1	TRUE
ENSG00000107159.14	83.4352126563598	0.54372987656266	1.06912606621344	19.9750283171446	0.00126328692763186	0.00384489032709168	CA9	TRUE
ENSG00000227128.5	46.7522616570617	0.964539479634378	1.40544385904019	19.969240549064	0.00126644951747263	0.0038472294415473	LBX1-AS1	TRUE
ENSG00000174827.14	140.954620770334	-0.765970560473524	1.07379717673599	19.9638738284115	0.00126938899313033	0.00384888323011404	PDZK1	TRUE
ENSG00000159733.14	517.834218407297	0.668491040816854	0.66592237066371	19.9239176819642	0.00129148585330425	0.00390850803438782	ZFYVE28	TRUE
ENSG00000087510.7	210.363394735135	-4.82003915868241	1.48679944557557	19.8942291111432	0.00130814900439045	0.00395009131673452	TFAP2C	TRUE
ENSG00000106809.11	236.651556898375	-1.25174769810029	1.38652850328818	19.8907026149066	0.00131014229733634	0.00395009131673452	OGN	TRUE
ENSG00000231754.4	195.928828415447	-4.33956009079509	1.20000180624363	19.8818524631265	0.00131515786073157	0.00395778779437385	NA	TRUE
ENSG00000286248.1	84.8724624101263	3.33303017962311	1.2306303423534	19.8709725090816	0.00132134963507023	0.0039689885300147	NA	TRUE
ENSG00000100557.10	21.0551190703797	-6.27207012093108	2.00739565484887	19.8655577724756	0.00132444183241609	0.00397085452368033	CCDC198	TRUE
ENSG00000146674.16	1148.46586686877	0.988896617618395	1.03584218550802	19.8497626161435	0.00133350269460729	0.00399057510285646	IGFBP3	TRUE
ENSG00000234964.4	322.232697155382	-3.36415955376488	0.750574592990222	19.8148564774021	0.00135374328363722	0.00404361609071563	FABP5P7	TRUE
ENSG00000150337.14	120.207454096666	0.644426396606803	0.974694377606029	19.7691670488652	0.0013806936922217	0.00411646523821944	FCGR1A	TRUE
ENSG00000228061.7	51.908621411377	-3.20964290236814	1.67847668965845	19.7564498539662	0.00138828845680893	0.0041314436112814	ELP4-AS1	TRUE
ENSG00000113578.18	786.906100617252	2.45676571918389	0.916832773322138	19.7516679365688	0.00139115485211164	0.00413232134444251	FGF1	TRUE
ENSG00000287908.1	330.588066094875	2.24939779830874	0.993216228265729	19.7393170169714	0.00139858523740005	0.00414672781642414	NA	TRUE
ENSG00000165507.9	606.68155771943	1.3613514885698	0.784971063543728	19.7293367506189	0.0014046179147978	0.00414930328875011	DEPP1	TRUE
ENSG00000171316.14	2899.9485346805	-2.02013555990195	0.850182614093174	19.7311794203019	0.00140350217132417	0.00414930328875011	CHD7	TRUE
ENSG00000100292.18	271.728554627747	-0.870049547813971	1.10124902094806	19.7103555372473	0.00141616198688433	0.00417572901453783	HMOX1	TRUE
ENSG00000101439.9	9906.61553141809	1.64534209566209	0.767857931698262	19.677571844227	0.00143632056632511	0.00422741236279205	CST3	TRUE
ENSG00000173401.10	28.1679089096174	-0.590591964787284	1.97593511700427	19.6002575359284	0.00148498456158598	0.00436265117087509	GLIPR1L1	TRUE
ENSG00000168394.13	416.469414425903	1.00705394912555	0.76677568074148	19.5828252589839	0.00149617887962236	0.00438751726195826	TAP1	TRUE
ENSG00000100336.18	302.145317944363	-5.28367150383958	1.16950347054127	19.5407870377042	0.00152351645171629	0.00445954633498738	APOL4	TRUE
ENSG00000121905.10	3261.05836270371	-0.360958265283454	0.80029428360099	19.5312924657827	0.00152975842851027	0.00446967599021092	HPCA	TRUE
ENSG00000176533.13	1933.04233172331	1.12895882525739	0.646654875874029	19.5092024027323	0.00154437843001984	0.0045042035155025	GNG7	TRUE
ENSG00000134769.23	4021.42887684318	0.0211888040106306	0.623736099449887	19.4956645864209	0.00155340601513739	0.00452232512015541	DTNA	TRUE
ENSG00000206172.8	1130.70326483833	-1.19979303506283	1.19645163235429	19.467573688619	0.00157230396347902	0.00456906413980251	HBA1	TRUE
ENSG00000102265.12	610.643812851385	0.159431660112605	0.803791471439802	19.4537625977709	0.00158167793484751	0.0045880080167869	TIMP1	TRUE
ENSG00000131042.15	29.4096702051107	1.91190550984534	1.55552692873446	19.416047612117	0.00160755677882821	0.00465467341185034	LILRB2	TRUE
ENSG00000225683.6	64.524848849412	5.10200398646492	1.74959433061662	19.3948574075751	0.00162227890613918	0.00468885288159291	PACRG-AS3	TRUE
ENSG00000125538.12	66.3843976076723	-0.0968825032837953	1.52295755019889	19.3666135464937	0.00164210775683858	0.00471854755693498	IL1B	TRUE
ENSG00000134716.11	68.4203486676965	3.26397349423651	1.10246315494704	19.3747719488259	0.00163635575013603	0.00471854755693498	CYP2J2	TRUE
ENSG00000177133.14	402.71120641594	-1.18967794407777	1.01411601867024	19.3642591637064	0.00164377138306852	0.00471854755693498	PRDM16-DT	TRUE
ENSG00000233542.2	47.0829161380853	2.50777581874885	1.14192281196138	19.3635146008239	0.00164429784186906	0.00471854755693498	NA	TRUE
ENSG00000002933.9	49.5928815082526	1.18212262637952	1.2165568155422	19.3044802868835	0.00168657079762928	0.00483122864846747	TMEM176A	TRUE
ENSG00000105675.9	46.8973233859271	2.39029264264495	1.25181774828662	19.2375038591434	0.00173582443180715	0.00496346950518521	ATP4A	TRUE
ENSG00000108691.10	64.8984053980485	-0.343808371670277	1.1830712597628	19.2299580659684	0.00174146129612692	0.00497074298912249	CCL2	TRUE
ENSG00000169213.7	1788.88133696586	-4.39575060557907	1.01472114820558	19.1498586059542	0.00180241671032534	0.00513560931470357	RAB3B	TRUE
ENSG00000114626.18	1304.47562382937	1.22109782818508	0.678133381434382	19.1018523560339	0.00183994842357956	0.00522961832159223	ABTB1	TRUE
ENSG00000154864.14	157.108432132405	-3.77565897942038	1.28966549281304	19.0993583568983	0.00184191908526522	0.00522961832159223	PIEZO2	TRUE
ENSG00000139546.11	967.828162258828	-1.89927484745621	0.768404888062772	19.0493135138018	0.00188190349800947	0.00533371943792101	TARBP2	TRUE
ENSG00000058866.15	624.814311005642	1.58473069880536	0.744714353300529	19.0263888835444	0.00190050306481579	0.00537695145274468	DGKG	TRUE
ENSG00000184497.13	139.167460881447	-2.32468854816207	0.920136963725045	19.0005154453999	0.00192171194985791	0.00541787912880994	TMEM255B	TRUE
ENSG00000264272.1	96.1239668547166	5.41706729773291	1.60362176960201	19.001238076155	0.00192111645536245	0.00541787912880994	NA	TRUE
ENSG00000279118.1	136.597124859286	1.58490358699545	0.933612940302254	18.9589200661725	0.00195629637785972	0.0055057237814721	NA	TRUE
ENSG00000156299.15	2650.83747669248	0.901790399860066	0.701067664097765	18.9467315849051	0.00196654572000863	0.00552489330778649	TIAM1	TRUE
ENSG00000286891.1	100.766016633289	-0.455631909845988	1.60142025416912	18.9005968017075	0.00200582018995709	0.00562539798474878	NA	TRUE
ENSG00000115593.15	17.1781060272773	0.433134951978659	1.6619342195667	18.8748000107272	0.00202811550110838	0.0056692467250635	SMYD1	TRUE
ENSG00000178773.15	671.50764072845	-3.96458417405124	1.17621817798962	18.8743451376965	0.0020285108070389	0.0056692467250635	CPNE7	TRUE
ENSG00000147174.12	194.553499959293	-1.31526667548609	0.882101067889374	18.8406177776527	0.00205803310616172	0.00574176944722548	GCNA	TRUE
ENSG00000251322.11	3683.01481600306	0.805651758735935	0.71339575072991	18.8085511614806	0.00208649256719054	0.00581108068539895	SHANK3	TRUE
ENSG00000007372.25	3167.3395493471	-2.73824407227019	1.03667347889044	18.7019437797961	0.00218391196694631	0.00607187981121577	PAX6	TRUE
ENSG00000113739.11	82.9033500974103	-3.02379467940169	1.11001842392883	18.6776416198418	0.00220673668023989	0.00612474239230658	STC2	TRUE
ENSG00000166407.14	116.035543732087	-3.10289152634315	1.20583580249544	18.660743073526	0.00222274566280757	0.00615853841402028	LMO1	TRUE
ENSG00000168481.9	576.129780978595	2.63183738359755	1.25211063743498	18.6035052504192	0.00227782152380227	0.00630027399096429	LGI3	TRUE
ENSG00000168350.8	170.791786961496	1.56787094563921	0.899641447296659	18.572339972104	0.00230837024310264	0.00637379893585214	DEGS2	TRUE
ENSG00000147570.10	19.3346962954913	-0.387013467786979	1.67927142894086	18.5072851833597	0.00237343863277238	0.00654222278364531	DNAJC5B	TRUE
ENSG00000263503.1	58.9630352370814	1.40320112741375	0.963159838924688	18.4606362412612	0.00242120132849654	0.00666244954605128	MAPK8IP1P2	TRUE
ENSG00000186907.8	492.248452243611	-2.04360874954915	0.799091932215554	18.432170039207	0.00245080890368326	0.00673239300550256	RTN4RL2	TRUE
ENSG00000140379.9	32.0842971778154	0.138342813907838	1.90206340728069	18.408831090748	0.00247534825319388	0.00674217736081792	BCL2A1	TRUE
ENSG00000150394.14	1222.46217607825	-2.24392789347258	1.00608781916736	18.41970679301	0.00246388334678025	0.00674217736081792	CDH8	TRUE
ENSG00000162493.17	773.343433573977	-3.59522497470963	0.955619332735245	18.417663799012	0.00246603304334315	0.00674217736081792	PDPN	TRUE
ENSG00000162545.6	10813.6129829937	1.0382954120329	0.691532985056302	18.4125792750626	0.0024713911115647	0.00674217736081792	CAMK2N1	TRUE
ENSG00000256463.10	444.116341538498	-3.45410551098954	1.26736572686734	18.413078398485	0.00247086463074197	0.00674217736081792	SALL3	TRUE
ENSG00000179178.11	80.416771341644	3.91437878226912	1.18877522264086	18.3882616005925	0.00249717531787088	0.00679011968835617	TMEM125	TRUE
ENSG00000125731.13	27.3493048921614	-5.40325141558053	1.45779938209984	18.3370952518133	0.00255229166204611	0.00691658128315024	SH2D3A	TRUE
ENSG00000182718.18	813.08934109153	-0.68388383911985	0.84849541590861	18.3377816170565	0.00255154447740388	0.00691658128315024	ANXA2	TRUE
ENSG00000175206.11	97.4563760878156	1.722874275974	1.01443680039925	18.298815626503	0.0025943045968386	0.00701859846316435	NPPA	TRUE
ENSG00000282413.1	24.166994658768	-9.34494961312079	2.28041197934154	18.2907768446976	0.00260321312772088	0.00703086301890327	NA	TRUE
ENSG00000109943.9	274.657969211121	0.316103861592592	1.31177553575764	18.2806670210562	0.00261445935370242	0.00704938956610702	CRTAM	TRUE
ENSG00000196154.12	24.3207174758014	2.30922429594378	1.25469145042618	18.2324446930469	0.00266876083573165	0.00718374985430614	S100A4	TRUE
ENSG00000008394.13	393.630633979863	-0.599264971671697	0.834568840858767	18.1840809539134	0.00272433137447374	0.00732107110163763	MGST1	TRUE
ENSG00000132677.13	155.95396065855	-0.834134623464021	1.48568297244005	18.1654284573221	0.00274606498334133	0.00736248910018319	RHBG	TRUE
ENSG00000236333.4	766.535731806168	2.39794946988622	0.812200338552791	18.1630000953306	0.0027489069446857	0.00736248910018319	TRHDE-AS1	TRUE
ENSG00000228793.3	76.9847799567673	4.46423700210955	1.27540022136264	18.1536450489115	0.00275988230962972	0.00737958547683022	NA	TRUE
ENSG00000156486.8	181.668845348081	-2.06573643108511	1.07088495673792	18.1366760195286	0.00277990011084413	0.00742076325270185	KCNS2	TRUE
ENSG00000272079.2	64.3777422362564	2.18662946359766	0.949626309403442	18.1140439449642	0.00280681997086959	0.00748019849616489	NA	TRUE
ENSG00000125144.14	32.0070249237363	6.67730520368349	1.80132746805801	18.1043406599158	0.00281843968292093	0.00749872942128134	MT1G	TRUE
ENSG00000161609.10	32.0485274260167	-1.1188617907332	1.57854244289943	18.0650385759996	0.00286598801186203	0.00761239066599604	KASH5	TRUE
ENSG00000168135.4	751.569030464993	0.950036071983344	0.857965716564322	18.0612327046637	0.00287063394125302	0.00761239066599604	KCNJ4	TRUE
ENSG00000147257.16	113.39140531282	-0.586070914173126	0.946631251595848	17.9809894667563	0.00297032466524168	0.00786377551407475	GPC3	TRUE
ENSG00000023445.16	65.3822462859425	-2.11234850847417	1.0306420329675	17.9258813162645	0.00304074471145669	0.00803696834097188	BIRC3	TRUE
ENSG00000171219.9	255.140074802119	-0.633959794480894	1.08928575728905	17.9147691678387	0.0030551412097348	0.00806176013800301	CDC42BPG	TRUE
ENSG00000171049.9	9.29695137557212	-1.20683866801389	2.31685086445359	17.9075467473433	0.00306453408820399	0.00807328898318659	FPR2	TRUE
ENSG00000204472.13	203.867275713195	1.33910843834872	0.812354643515771	17.8991485363861	0.00307549166766568	0.00808889543361498	AIF1	TRUE
ENSG00000171246.7	3883.59748521719	-0.382184216722034	0.919628112190978	17.8643286770647	0.0031213337071112	0.00819605109040473	NPTX1	TRUE
ENSG00000155659.15	370.740665412728	-1.03223350292031	0.998737381497705	17.8522902693568	0.00313733798881622	0.00822463645681512	VSIG4	TRUE
ENSG00000104888.10	9649.33028337653	1.69594020418257	1.08189513697994	17.7195737379934	0.00331918922970742	0.00868719396113978	SLC17A7	TRUE
ENSG00000214140.11	134.656950508522	3.38841197558067	0.833863783127984	17.6701967789265	0.00338944737158455	0.00885665353843312	PRCD	TRUE
ENSG00000176697.20	269.107376419494	2.24025283203147	1.14976007556703	17.662531582732	0.00340048385699039	0.00887106746458369	BDNF	TRUE
ENSG00000149609.6	28.1544045875228	-2.55662526606269	1.39052354706324	17.6337908568192	0.0034421793125774	0.00896528712368215	C20orf144	TRUE
ENSG00000236279.7	416.791355017184	2.55140383720665	0.93850844616481	17.6222082748693	0.00345912377037261	0.00899484126049965	CLEC2L	TRUE
ENSG00000086570.13	4885.20938349534	-1.31143637675031	1.13870019645983	17.614578901353	0.00347032954203483	0.00900940157358639	FAT2	TRUE
ENSG00000256193.6	183.331512630652	23.4578104068734	2.98423009823789	17.57661829001	0.00352661507066	0.00914075873959778	LINC00507	TRUE
ENSG00000164326.5	246.508361652292	1.76809684534892	1.24772217700313	17.5679156764631	0.00353964407220035	0.0091450289775337	CARTPT	TRUE
ENSG00000166762.19	459.746800986998	-0.660827977149816	0.714327381777217	17.5702889560081	0.00353608628483646	0.0091450289775337	CATSPER2	TRUE
ENSG00000206145.8	9.51436390215974	5.10475715132149	1.88449080269997	17.5539525464077	0.0035606472598634	0.00918452672006497	P2RX6P	TRUE
ENSG00000243445.1	11.3366628331338	-4.18662145846651	2.01787645459679	17.549543716953	0.0035673042675105	0.00918695185559195	NA	TRUE
ENSG00000249307.8	73.3783889583622	-1.26469159716884	0.958257715497558	17.4977590550166	0.00364641263276055	0.00937565616135392	LINC01088	TRUE
ENSG00000186417.14	81.6980179507796	2.82762727309248	1.06007759941011	17.3633575540763	0.00385982354736571	0.00990852466552187	GLDN	TRUE
ENSG00000143858.12	900.069316978656	-0.663396025133311	1.04849110653449	17.3226124801462	0.00392690050173962	0.0100646397229594	SYT2	TRUE
ENSG00000076344.16	3030.26766756802	0.94171664389828	0.703300203357927	17.24283783368	0.00406154699115573	0.0103931624439288	RGS11	TRUE
ENSG00000128564.8	1049.41190364868	1.00086766067094	0.941316266618632	17.2081030997364	0.0041215744076692	0.010530000116255	VGF	TRUE
ENSG00000198753.12	544.691690208378	3.21765797806417	0.866537407657166	17.2036272896502	0.00412937215467104	0.010533176273899	PLXNB3	TRUE
ENSG00000072786.13	799.217429937168	-1.94826726179953	0.777854222168076	17.16881768384	0.00419051158518712	0.0106721903603735	STK10	TRUE
ENSG00000129910.8	796.770976754421	1.65875692052275	1.2536175735638	17.1562849053386	0.00421274001346329	0.0107118246861321	CDH15	TRUE
ENSG00000104267.10	472.353428290669	0.605530239117789	0.780370091886789	17.1478151092907	0.00422782745824569	0.0107332049374421	CA2	TRUE
ENSG00000089127.15	129.605363091236	2.83016228540635	1.0857974581165	17.1416606786339	0.00423882360561555	0.0107441475303221	OAS1	TRUE
ENSG00000182472.9	35.1131991691204	2.27181053524101	1.38288756020563	17.1231236661644	0.00427211292368485	0.0108114731785221	CAPN12	TRUE
ENSG00000265962.2	26.14747836411	2.04429460824357	1.47742350573489	17.1062078312856	0.00430271375942683	0.01087179404308	GACAT2	TRUE
ENSG00000259884.1	140.248774840211	2.86228206619597	1.06147681985932	17.0902496877419	0.00433177843118172	0.0109280501395746	NR4A1AS	TRUE
ENSG00000134443.10	358.622788742319	-0.814343087521045	1.46202395780943	17.0795725330404	0.00435133183917335	0.0109601728300181	GRP	TRUE
ENSG00000248527.1	31844.5229758375	2.3898460485352	0.804149320981824	17.0702302631711	0.00436851136047915	0.0109862249707199	MTATP6P1	TRUE
ENSG00000008441.19	16615.255385966	-3.55435464128437	0.997916254310789	17.0371920283148	0.00442979872263564	0.0111229477301179	NFIX	TRUE
ENSG00000152766.6	17.7097159987588	3.51046196282046	2.09181627970237	17.0285431403652	0.00444598104164187	0.0111461646394984	ANKRD22	TRUE
ENSG00000124493.14	3413.51148312873	-0.323282802056838	0.97064407769919	17.0212958281836	0.0044595854369592	0.0111628563819212	GRM4	TRUE
ENSG00000105376.5	477.430621967259	1.36614215542903	1.07663901211638	16.9943806027141	0.00451046665736335	0.0112306356385403	ICAM5	TRUE
ENSG00000124449.7	13.8546441588141	-2.29098669413986	2.12606375653619	16.9932606445513	0.00451259609976394	0.0112306356385403	IRGC	TRUE
ENSG00000132640.15	3257.34121399604	1.37014906953326	0.588736318263562	16.9935806271004	0.00451198759790241	0.0112306356385403	BTBD3	TRUE
ENSG00000141338.15	158.597465815935	2.1946604321787	0.927149083283134	16.9921978895112	0.00451461768668143	0.0112306356385403	ABCA8	TRUE
ENSG00000204001.10	32.8692570955781	3.52725359499299	1.86789704882342	16.9849163026375	0.0045284926372334	0.011247739826946	LCN8	TRUE
ENSG00000137203.15	158.078211418101	-2.33387409681919	1.00966087255591	16.9636617313599	0.00456923159035371	0.0113314122927445	TFAP2A	TRUE
ENSG00000168071.22	454.918941010287	0.803146867616414	0.704589524050939	16.9512005092412	0.00459328245093301	0.0113542897464319	CCDC88B	TRUE
ENSG00000169752.17	185.263529065649	0.682344227928665	0.794759316585702	16.9542082442045	0.0045874660557864	0.0113542897464319	NRG4	TRUE
ENSG00000279196.1	303.054954982818	-2.25017039492466	0.890871970853988	16.9479103984119	0.00459965315801317	0.0113542897464319	NA	TRUE
ENSG00000172568.5	148.417370694195	-0.278690377044349	1.29721538546897	16.9360382041511	0.00462271336897071	0.0113937122453005	FNDC9	TRUE
ENSG00000131981.16	411.084305756712	0.238401047093135	0.786430527643136	16.9093191341112	0.00467502556448094	0.0115050016571529	LGALS3	TRUE
ENSG00000145423.5	200.318696606264	-1.72004309733908	0.985854398672604	16.8689887760011	0.00475508349684637	0.011684127185676	SFRP2	TRUE
ENSG00000137752.25	89.2953148816278	-0.0557993265776034	0.829710839424782	16.8589253765961	0.00477526768576039	0.0117158094213999	CASP1	TRUE
ENSG00000259357.2	90.9743222821155	5.97294660829915	1.58705811861634	16.8445062543733	0.00480433405894461	0.0117691537084207	CERS2-AS1	TRUE
ENSG00000168505.7	34.9306395871393	-2.59809001024357	1.35438235254417	16.8210862160911	0.00485191326318795	0.0118676173728204	GBX2	TRUE
ENSG00000166863.13	165.322191895093	-0.850006161885206	1.24576843880544	16.8161114531596	0.00486207887819019	0.0118739076473079	TAC3	TRUE
ENSG00000175592.9	30.904334556498	-0.726486453538693	1.5056980115535	16.8126020217001	0.00486926268797505	0.0118739076473079	FOSL1	TRUE
ENSG00000196878.15	190.007579087863	-0.644020426500743	1.16019137356827	16.7969981346844	0.00490132954397554	0.011933994813892	LAMB3	TRUE
ENSG00000106018.14	137.5037912225	-0.282097214599005	1.06239897196698	16.7559373691034	0.0049867000663187	0.0121234901763603	VIPR2	TRUE
ENSG00000143995.20	1383.72722559148	-1.17520951155255	0.669920261707363	16.6525342709799	0.00520817015324817	0.0126338137463158	MEIS1	TRUE
ENSG00000248587.8	79.0649181766674	-0.245636503137955	0.888746665805239	16.6506322137017	0.00521233261593488	0.0126338137463158	GDNF-AS1	TRUE
ENSG00000254911.3	28.8933375707015	-4.02826999824282	1.14051694164997	16.5799213158415	0.00536940134245114	0.0129949216224684	SCARNA9	TRUE
ENSG00000289505.1	100.410280414021	0.825279412713345	0.797941378463577	16.5745278407078	0.00538156955337263	0.0130047853718343	NA	TRUE
ENSG00000080854.16	3505.96855026175	-2.41302438670972	0.75862106203451	16.5349666014296	0.00547164977320962	0.0132026143927145	IGSF9B	TRUE
ENSG00000257386.1	51.887826673835	-10.4817134553159	2.42028583711637	16.519486965307	0.00550729558782576	0.0132687016636222	NA	TRUE
ENSG00000253230.11	10366.3348371116	-1.72761718340902	0.933279765993274	16.5025581264351	0.00554653791792434	0.013343243164827	MIR124-1HG	TRUE
ENSG00000221932.6	659.030394952993	2.66869324125658	0.918983009669725	16.4659491275677	0.00563233535689232	0.0135293915075126	HEPN1	TRUE
ENSG00000111907.21	210.362511672963	1.27854904588266	0.847703949383032	16.4435411303328	0.00568548832931022	0.0135943308689192	TPD52L1	TRUE
ENSG00000165646.14	76.436593092273	-4.58586292799513	1.78118028381671	16.44528695585	0.00568132962422953	0.0135943308689192	SLC18A2	TRUE
ENSG00000234906.11	116.281417250179	1.97288697710891	0.920296433388302	16.4403038612796	0.00569320763832149	0.0135943308689192	APOC2	TRUE
ENSG00000255498.1	116.640503831341	5.81145238349894	1.72372946430401	16.449541172204	0.00567120813794614	0.0135943308689192	NA	TRUE
ENSG00000196482.18	804.44643356311	-1.17352854529224	0.766502164046017	16.4277028139794	0.00572335244413823	0.0136460346850596	ESRRG	TRUE
ENSG00000066336.12	112.870793317381	0.668348889589959	0.893408047988622	16.4185965141022	0.00574523379045919	0.0136779121500265	SPI1	TRUE
ENSG00000172349.18	770.261686382056	-0.623386528348639	0.980547306933761	16.4107262375979	0.00576421082926042	0.0137027911281383	IL16	TRUE
ENSG00000229393.1	12.3265943393227	1.05565288129212	1.50404088334501	16.3430791129119	0.00592986406469407	0.0140550022890315	NA	TRUE
ENSG00000284977.3	67.1123844783018	3.30248657233817	1.28429735435567	16.3461474852493	0.0059222507954327	0.0140550022890315	NA	TRUE
ENSG00000110680.13	7.18914204248556	0.791396216391419	2.62884211815361	16.2872721732303	0.0060700093006469	0.0143659866658904	CALCA	TRUE
ENSG00000140839.13	254.217978043615	-2.57880544303951	0.862284077389454	16.250679958138	0.0061636486673625	0.0145661520712523	CLEC18B	TRUE
ENSG00000240356.6	256.726357705623	-2.53179748623403	0.685220212736019	16.2335960905054	0.00620784692941694	0.0146490602284479	RPL23AP7	TRUE
ENSG00000073756.13	104.890734435363	2.22287302061143	1.0446967467508	16.2011421888075	0.00629266188186775	0.0148274305632866	PTGS2	TRUE
ENSG00000211772.11	259.701670351889	3.54963034282108	1.15317475390532	16.1899248804907	0.00632223896211686	0.0148753118771915	TRBC2	TRUE
ENSG00000066248.15	2630.95118082175	-0.80206612448514	0.945130434470131	16.1789763420869	0.00635123799073473	0.0148999116074609	NGEF	TRUE
ENSG00000260549.4	16.6652926011432	2.59706330885143	1.39534827274449	16.1795381203136	0.00634974687787312	0.0148999116074609	MT1L	TRUE
ENSG00000215452.5	180.816460558003	-1.94528853459378	0.96537348017132	16.1650614735216	0.00638828093982844	0.014964967157878	ZNF663P	TRUE
ENSG00000117091.10	16.1130870086508	3.85587913462256	2.18231343912766	16.1232653415108	0.0065008172666537	0.0152028974073099	CD48	TRUE
ENSG00000145888.11	10.3737595875711	-7.12754868342499	2.43238039713778	16.1203384076894	0.00650877001632184	0.0152028974073099	GLRA1	TRUE
ENSG00000223874.2	11.6382729360526	2.17108584190881	2.3018034753141	16.1035455357115	0.00655458132430153	0.015265524910366	TESHL	TRUE
ENSG00000243708.11	1215.77290099807	-2.15513329612894	0.840309496399687	16.106767621271	0.00654576712186485	0.015265524910366	PLA2G4B	TRUE
ENSG00000150175.14	226.909244829655	2.18981245722079	1.19002409038607	16.0663972909448	0.00665704132936717	0.0154817155083836	FRMPD2B	TRUE
ENSG00000258283.1	105.711509311332	3.31243698957328	1.46986310276848	16.0487862525627	0.00670615852237548	0.015573405701528	NA	TRUE
ENSG00000129009.13	149.315033360399	-1.46085554863137	0.998476106240465	16.0111752822998	0.00681224031081916	0.0157969266659255	ISLR	TRUE
ENSG00000170323.9	13.4913207994207	1.93387268681026	1.62734013539829	15.9987425949827	0.00684766478715755	0.0158561920936055	FABP4	TRUE
ENSG00000175265.19	10718.7923034213	-2.46289064276189	0.781653642790125	15.9906441334625	0.00687083616542112	0.015886954989686	GOLGA8A	TRUE
ENSG00000114251.15	458.196788158226	-1.02303148327302	0.69595022966332	15.9854386650711	0.00688577038460356	0.0158942428612746	WNT5A	TRUE
ENSG00000287086.1	148.781236061382	-7.07026399323508	1.8589436327885	15.9826550822845	0.00689376930573017	0.0158942428612746	NA	TRUE
ENSG00000168743.13	1064.29126553987	-0.275139196957162	0.901451376086785	15.9740765204515	0.00691847767022596	0.015928357616122	NPNT	TRUE
ENSG00000163191.6	231.497539937996	0.583611924403339	0.768464889191378	15.9650162694379	0.00694466704973301	0.0159657796121902	S100A11	TRUE
ENSG00000189056.15	6397.31006986465	0.661304490947088	0.88066386040794	15.9514319839291	0.00698411447331198	0.0160335313694462	RELN	TRUE
ENSG00000181392.17	110.05412066896	0.963911740051719	0.792718854497901	15.9239975806105	0.00706444761968564	0.0161948178670968	SYNE4	TRUE
ENSG00000211677.2	9.02483055265228	4.6476278242174	2.45484692993403	15.9022938494277	0.00712863696379734	0.0163186888900603	IGLC2	TRUE
ENSG00000108375.13	224.581136613069	1.75323006424288	1.05960727463271	15.8952062370968	0.00714972148173923	0.0163204579845951	RNF43	TRUE
ENSG00000151929.10	712.761870790449	-1.80062315142014	1.02125846805455	15.8984332733979	0.00714011404536195	0.0163204579845951	BAG3	TRUE
ENSG00000004799.8	450.588457918177	1.07756578358922	0.9001629449249	15.8737958173735	0.00721378342390461	0.0164433332797372	PDK4	TRUE
ENSG00000136167.15	230.286845039074	-0.0500314293124106	0.848853845359471	15.8547919367558	0.00727111258865478	0.0165505353115697	LCP1	TRUE
ENSG00000143032.8	316.073379312644	-0.21774274093265	1.3156600741566	15.8406868573333	0.00731394997972888	0.0166010135839327	BARHL2	TRUE
ENSG00000170324.21	258.320747147374	2.4092807536583	1.0548625275065	15.8411450480094	0.00731255459392478	0.0166010135839327	FRMPD2	TRUE
ENSG00000232938.2	37.5802839830844	5.86986687643739	1.96486582232851	15.8164242506714	0.00738821130829372	0.0167223317921521	RPL23AP87	TRUE
ENSG00000269145.2	213.330131843379	3.75251381295095	1.17332572840812	15.8181122362362	0.00738302117383748	0.0167223317921521	MAST3-AS1	TRUE
ENSG00000216490.4	118.608804988124	0.00616085885494553	0.971695602833092	15.7099938394051	0.00772272701042366	0.0174548836930391	IFI30	TRUE
ENSG00000197416.5	7.03804677595127	-4.87752145914128	2.53611936034651	15.6701465015755	0.00785172250074131	0.0177215141273754	FABP12	TRUE
ENSG00000166741.8	32.2105960404569	4.21056433084679	1.21938935532698	15.6515423706206	0.00791266395127811	0.0178340125802299	NNMT	TRUE
ENSG00000159403.18	384.504751752951	0.832162995989639	0.820431028633876	15.6298618740769	0.00798426319374662	0.0179701834066538	C1R	TRUE
ENSG00000283341.4	209.375772764604	-0.714054448406274	0.756512034470203	15.6243796885319	0.00800246753291164	0.0179859654900546	NA	TRUE
ENSG00000121898.13	96.1142923641859	0.118616584929198	1.10123528388531	15.5688364030079	0.00818919747747659	0.0183799446177442	CPXM2	TRUE
ENSG00000196954.14	80.9906409807288	1.00794192159469	0.805135992203379	15.5637334607338	0.0082065639326306	0.018393233249285	CASP4	TRUE
ENSG00000170276.6	110.680053558717	2.16309346517235	0.728335563587545	15.4785302147846	0.00850187493850042	0.0190021043479418	HSPB2	TRUE
ENSG00000187653.11	95.0362616640508	-2.06167800128828	1.07647427587695	15.4804656581109	0.00849505352591341	0.0190021043479418	TMSB4XP8	TRUE
ENSG00000118640.11	79.0674288837732	1.16992852879635	0.835600333355388	15.4200335357306	0.00871057529775989	0.0194205754814169	VAMP8	TRUE
ENSG00000149295.14	121.788093998108	-0.697813353419224	0.887612490605293	15.4192854501793	0.00871327624275146	0.0194205754814169	DRD2	TRUE
ENSG00000168542.16	1616.22592771932	-1.69922816958154	1.14997899012061	15.4096556806376	0.00874811704379573	0.019471224500526	COL3A1	TRUE
ENSG00000100767.17	141.641505994018	-0.820364750279143	0.872589333418399	15.402241017999	0.00877503572875608	0.0195041250568617	PAPLN	TRUE
ENSG00000233593.12	189.156582753762	3.20954485916029	0.995990591932762	15.382738291838	0.00884622455810585	0.0196351973271769	LINC02609	TRUE
ENSG00000203747.13	358.01838971712	0.573856348869402	1.05253354387466	15.3705036036853	0.00889116969274769	0.0197077375120628	FCGR3A	TRUE
ENSG00000103269.14	292.695470911708	1.50922684745587	0.73150758517234	15.2684918078734	0.00927465486287484	0.0205294357639668	RHBDL1	TRUE
ENSG00000164708.6	273.035427125051	1.07350055805029	0.962591130461028	15.2629311017234	0.00929601417656592	0.0205484109790116	PGAM2	TRUE
ENSG00000175602.4	896.735319371419	1.77873958102052	0.902303960315548	15.2501636808219	0.00934523622292516	0.0206288387503307	CCDC85B	TRUE
ENSG00000187166.1	32.4466181134974	-2.2943034989345	1.2453776101609	15.2224285406349	0.0094530367228291	0.0208381756016274	H1-7	TRUE
ENSG00000176194.18	70.9999471810187	-4.1378334127252	1.4537835065258	15.2062832966687	0.00951634479656456	0.0209489946412045	CIDEA	TRUE
ENSG00000244734.4	1569.30123001129	2.80546310555282	1.27000838242804	15.2023772680091	0.0095317226901305	0.0209541427674962	HBB	TRUE
ENSG00000204577.12	27.6051023214505	-0.605419299438264	1.42044167144185	15.1736542912203	0.0096455473607358	0.0211465137908628	LILRB3	TRUE
ENSG00000231758.3	44.7250397870699	-3.48066489839385	1.46241933157691	15.1736681512994	0.00964549211847755	0.0211465137908628	ARHGAP15-AS1	TRUE
ENSG00000169429.12	92.2885525679142	-0.449791958510666	1.54137438489841	15.1548889285486	0.00972062305336773	0.0212820725432724	CXCL8	TRUE
ENSG00000100276.10	592.742642212604	-0.525821737291473	0.850408026141154	15.1403626909309	0.00977912822326705	0.0213810327276057	RASL10A	TRUE
ENSG00000263873.1	1005.06563369804	1.21008387547522	0.76698521796183	15.1213125215306	0.00985637199664929	0.0215206383133361	THY1-AS1	TRUE
ENSG00000108342.13	16.1354674143145	0.71628315537128	1.76079720025009	15.0773159217086	0.0100370372892883	0.0218853716742011	CSF3	TRUE
ENSG00000185689.17	49.6089739391506	-1.19127854104347	1.26089325366026	15.0693725102768	0.0100699963905794	0.0219274853653944	TEX56P	TRUE
ENSG00000167123.20	1515.01444739407	1.95705364196032	0.970517114444023	15.0546283098319	0.01013145217871	0.0220314528432841	CERCAM	TRUE
ENSG00000106772.19	1979.6977034868	0.729163474096139	0.628139563215137	15.049009317954	0.0101549685251359	0.0220527492160722	PRUNE2	TRUE
ENSG00000204257.15	169.088622670142	0.207968502666977	1.0039758005165	15.0330820255654	0.0102219148815406	0.0221681743787256	HLA-DMA	TRUE
ENSG00000255087.6	36.7308336829295	2.93872556693134	1.50041021365009	15.0234750036176	0.0102625023988952	0.0222262012870952	NA	TRUE
ENSG00000100101.15	186.415788942365	-7.7038767933164	2.29433890753277	15.0150584942951	0.0102981887198323	0.0222734714303775	NA	TRUE
ENSG00000126709.16	1776.71546109019	2.23474335429572	1.1559272201868	15.0079989510242	0.0103282142643218	0.0222924960116965	IFI6	TRUE
ENSG00000164900.5	13.6212134554488	-5.64808198909504	1.88484228933981	15.0064698450186	0.0103347290160012	0.0222924960116965	GBX1	TRUE
ENSG00000243742.6	32.5165856952342	1.29524565647396	1.2578917104646	14.9940141410339	0.0103879452032649	0.0223772492515371	RPLP0P2	TRUE
ENSG00000115468.13	445.936083606678	1.863587363188	0.866276390695528	14.9861361875176	0.0104217403743512	0.0224199956915426	EFHD1	TRUE
ENSG00000166523.8	9.1650738511164	3.30018399627749	2.4065406106802	14.9803897770253	0.0104464588073333	0.022443127410942	CLEC4E	TRUE
ENSG00000186453.13	68.418583561521	-2.3946625285291	0.966422941216227	14.9441767943985	0.0106035439158138	0.0227501936885352	FAM228A	TRUE
ENSG00000227487.4	611.353515519975	-3.43779118102995	1.09788136547621	14.938760614932	0.0106272343580536	0.0227706208178563	NCAM1-AS1	TRUE
ENSG00000230051.3	94.8477551366295	-1.1844040040075	1.24232144684364	14.9251765310063	0.01068687736093	0.0228679253249195	NA	TRUE
ENSG00000125084.13	18.2026519496571	-3.73241836181025	1.88534487809417	14.906906314804	0.0107676076580735	0.0230100339182502	WNT1	TRUE
ENSG00000169385.3	10.2271701344222	1.1081856939245	1.97875131433556	14.8890829304032	0.010846933219471	0.023118065893488	RNASE2	TRUE
ENSG00000272159.1	64.183540061357	0.410333056651516	0.887220852140717	14.8913529966416	0.0108367985593278	0.023118065893488	NA	TRUE
ENSG00000000971.17	398.126129105756	1.38651055175588	1.10049958924579	14.8376808142485	0.0110788921987203	0.0235811652494617	CFH	TRUE
ENSG00000160255.19	248.902308361565	0.200722812854797	0.907147223458911	14.7739045736621	0.0113733814071823	0.0241759575679126	ITGB2	TRUE
ENSG00000245532.11	2869.35181552989	2.61013601524494	0.811921930627245	14.7579973089663	0.0114480076606782	0.0243024416257726	NEAT1	TRUE
ENSG00000203897.4	11.4159255116422	-0.407447012686977	2.02556772297166	14.737900219454	0.0115429684100978	0.024471702157028	SPATA42	TRUE
ENSG00000280039.1	120.397394685496	-2.21617155556001	1.0881967789256	14.7256285410914	0.0116013281496439	0.0245630228412092	RN7SKP23	TRUE
ENSG00000026559.14	978.613516294571	-0.864089193890502	0.774943711212802	14.6986597921362	0.0117305881192273	0.0248040198784188	KCNG1	TRUE
ENSG00000167600.14	48.0425337670296	-2.60737362967529	1.18943933375107	14.6911401491643	0.0117668774662371	0.0248480579346164	CYP2S1	TRUE
ENSG00000178279.4	126.025562322259	-0.997415292332425	3.68898413731971	14.6801438822095	0.0118201406567701	0.0249277769493827	TNP2	TRUE
ENSG00000183036.11	1788.47058142584	1.63283926975622	0.968954880862274	14.6644087337978	0.0118967642049814	0.0250564876505965	PCP4	TRUE
ENSG00000229119.3	37.498914779717	0.534352979447946	1.29560546628724	14.5817787298158	0.0123071002514915	0.0258867933300351	RPLP0P9	TRUE
ENSG00000007402.12	1095.43776792569	-1.3597755450197	0.547772650760997	14.5706613601774	0.0123633437854716	0.0259711025663436	CACNA2D2	TRUE
ENSG00000132274.17	311.867410052447	-0.18794652951558	0.782862966263882	14.5586632830621	0.0124243220758084	0.0260651247726163	TRIM22	TRUE
ENSG00000166426.8	300.477690893466	-1.11145641675853	0.953326828639007	14.5366237727649	0.0125370938454401	0.0262674182654787	CRABP1	TRUE
ENSG00000065371.18	21.0432134424451	-0.413497002978189	1.65742075904517	14.5157164548671	0.0126449878343615	0.0264589784502851	ROPN1	TRUE
ENSG00000204131.10	708.294269130697	0.381247095472116	0.746488917523312	14.5081802254226	0.0126840991225611	0.0265063033679528	NHSL2	TRUE
ENSG00000142512.15	191.372309807417	0.31846812647899	1.07284921045578	14.4985612221442	0.0127341896518076	0.0265764191824088	SIGLEC10	TRUE
ENSG00000163734.4	22.5774636079549	-0.370433465559823	1.46488423262271	14.4823781447756	0.0128188946065399	0.0267185001721265	CXCL3	TRUE
ENSG00000175874.10	857.644808561238	-0.324307867937922	1.39077448828579	14.4402951420362	0.0130417245938983	0.0271477350031018	CREG2	TRUE
ENSG00000162745.11	141.511489076983	2.15535751649517	0.964971088855732	14.4226618974056	0.013136202962022	0.0273090273738283	OLFML2B	TRUE
ENSG00000277632.2	66.5093902692332	-2.73506231881169	1.42109988377852	14.3821440023436	0.0133558121465026	0.0277297029966792	CCL3	TRUE
ENSG00000140945.17	1359.02347985327	-2.21007408396984	1.17104927367289	14.3707400128433	0.013418260124336	0.0277517941052869	CDH13	TRUE
ENSG00000151892.16	726.232813853763	-3.01785306548463	1.00285938829856	14.3724689962186	0.0134087741213663	0.0277517941052869	GFRA1	TRUE
ENSG00000241563.4	185.740072908225	1.18068036253716	0.707468712514983	14.370954113338	0.0134170851179053	0.0277517941052869	CORT	TRUE
ENSG00000260426.1	94.9669938398757	3.80920804248037	1.53823619463071	14.360624867895	0.0134738866946982	0.0278310230313368	NA	TRUE
ENSG00000164330.17	834.69955281546	0.138872172470902	0.736141162110762	14.339454830042	0.0135910306152467	0.0280369527582817	EBF1	TRUE
ENSG00000099282.10	222.250827659677	2.14099902983712	0.854989157073453	14.2778970672057	0.0139372819953203	0.02871437457241	TSPAN15	TRUE
ENSG00000211751.9	21.3030059202527	2.6037897708711	1.81535534539927	14.2626518024219	0.0140243426992498	0.0288567461174063	TRBC1	TRUE
ENSG00000141574.8	25.8049752289825	-2.45111849202174	1.30600032612709	14.2108467291185	0.0143241303501493	0.0294359046965345	SECTM1	TRUE
ENSG00000163631.17	499.995268968776	-3.9336094817349	1.63139683943775	14.2053606476599	0.0143562377255084	0.0294642069283422	ALB	TRUE
ENSG00000204482.11	61.6699774324646	2.32742826161002	0.886309090695123	14.1947376481594	0.0144186068362609	0.0295544657983051	LST1	TRUE
ENSG00000154175.18	186.46031601327	-0.92608392875347	0.92778440004983	14.1753649040499	0.0145330217337354	0.029751039396322	ABI3BP	TRUE
ENSG00000127951.8	166.052903469717	1.37762093413138	1.01736836275686	14.1564012473838	0.0146458700051006	0.0298679100230922	FGL2	TRUE
ENSG00000182132.14	988.43213447937	-1.63366367771067	0.694778896353818	14.1592260996233	0.0146290064677096	0.0298679100230922	KCNIP1	TRUE
ENSG00000286619.1	152.814687942985	-3.14217702640961	1.73783172216021	14.1621739505304	0.0146114286687562	0.0298679100230922	PM20D1-AS1	TRUE
ENSG00000170412.18	423.132815237365	-0.810088512741137	0.97104685448347	14.1051957558638	0.0149548273342189	0.0304593251281239	GPRC5C	TRUE
ENSG00000133055.10	25.5996737529801	-3.3403748628687	2.62094759877062	14.094696939377	0.0150189469915691	0.0304740502720348	MYBPH	TRUE
ENSG00000163735.7	20.9844860845545	-1.20274435983246	1.63312331349796	14.0950730506133	0.0150166453799763	0.0304740502720348	CXCL5	TRUE
ENSG00000180834.8	774.791026519814	1.60779328769795	0.863673063573493	14.098212419084	0.014997447309008	0.0304740502720348	MAP6D1	TRUE
ENSG00000180929.6	51.3339407097589	3.12210713297186	1.25652469621269	14.0890609466888	0.0150534772668035	0.0305055964284404	GPR62	TRUE
ENSG00000125618.18	129.980550849424	-5.33266376127261	1.5934596980302	14.075557468091	0.0151365218253487	0.0306352526112536	PAX8	TRUE
ENSG00000211679.2	6.35202182771467	4.53164756331008	2.59560883937873	14.0620970944979	0.0152197415408801	0.0307262872565256	IGLC3	TRUE
ENSG00000226939.1	15.7500577127152	4.44243409684484	1.66880100217731	14.0646254295552	0.0152040763007032	0.0307262872565256	NA	TRUE
ENSG00000134184.13	402.031002008009	-6.388917550197	2.21266851999383	14.045002413073	0.0153260676934665	0.0309021214346307	GSTM1	TRUE
ENSG00000109099.16	850.213685470588	1.96257696982846	0.72619953908921	14.0275180114678	0.0154355596799704	0.0310838902327224	PMP22	TRUE
ENSG00000082196.21	609.528575978149	-1.02734532636714	0.739637029430117	13.9683472298357	0.0158117337102409	0.0318015720555157	C1QTNF3	TRUE
ENSG00000136883.16	142.930024378319	1.14054859628995	0.927262800142303	13.9635950059217	0.0158423265914435	0.0318232735405621	KIF12	TRUE
ENSG00000100368.15	32.6466364454562	-1.21313189136289	1.17610862461722	13.942912041502	0.0159761417927334	0.0320463251309221	CSF2RB	TRUE
ENSG00000149257.16	1665.17803746728	-2.91743820735629	0.91743159015236	13.9402797977443	0.0159932500031111	0.0320463251309221	SERPINH1	TRUE
ENSG00000185745.10	583.051150461497	2.41113421427391	0.987484503011863	13.9272997611315	0.0160778723466875	0.0321757669503447	IFIT1	TRUE
ENSG00000211675.2	6.75312105187314	1.80879910954417	2.41793524983751	13.898652930492	0.0162661649256612	0.0325120983029074	IGLC1	TRUE
ENSG00000198835.4	117.698611046353	2.79526791450463	0.932206601708149	13.8629331908649	0.0165039288535282	0.0329463523821365	GJC2	TRUE
ENSG00000135253.16	832.421551621221	-0.676600936529084	0.978900015835792	13.8568981996892	0.0165444296884657	0.0329862264384173	KCP	TRUE
ENSG00000133110.15	140.610341735969	-4.23648739716321	1.40668515515561	13.8431775693386	0.0166368659344336	0.0331294220032649	POSTN	TRUE
ENSG00000112038.18	459.297238472678	0.234665697037142	0.98053630770187	13.7246043993117	0.0174567189733865	0.0347092380063536	OPRM1	TRUE
ENSG00000261701.9	38.5090535263774	2.84149703908944	1.48667162128428	13.7222462900615	0.0174734122882017	0.0347092380063536	HPR	TRUE
ENSG00000184221.13	1585.14610304424	3.03792290045694	0.942533908473001	13.7155272744629	0.017521061363062	0.0347609205067167	OLIG1	TRUE
ENSG00000185652.12	160.687148879981	-1.99830610387827	1.24085960789792	13.704712095993	0.0175980222411105	0.0348705570178355	NTF3	TRUE
ENSG00000130720.13	154.28065115644	-1.25649645650563	1.13556993182278	13.6926163468601	0.0176844816286794	0.0349987216469062	FIBCD1	TRUE
ENSG00000170370.12	432.055401923284	-1.95271601095209	0.964630970015152	13.6714928098222	0.0178364534935837	0.0352560649006015	EMX2	TRUE
ENSG00000010278.15	895.763999507046	1.88351424186936	0.774385243570921	13.6681441552722	0.0178606604362658	0.035260542163488	CD9	TRUE
ENSG00000110887.8	122.312186404916	-1.49840756754404	1.30541066273248	13.6609998831312	0.0179124112129217	0.0352836107371381	DAO	TRUE
ENSG00000253304.2	90.3144558567641	1.00539546635541	0.991520444256918	13.6604696438058	0.0179162578478561	0.0352836107371381	TMEM200B	TRUE
ENSG00000119917.15	334.943456758675	1.22643407922306	0.943445857878801	13.6291153288616	0.0181451390110473	0.035646990697742	IFIT3	TRUE
ENSG00000258782.3	16.4803547333815	1.00876493962578	1.51549108406733	13.6302346148126	0.0181369201469218	0.035646990697742	NA	TRUE
ENSG00000196091.15	160.492773996305	3.25922945926008	1.16684116272881	13.6098818913982	0.0182869310401055	0.0358816827612326	MYBPC1	TRUE
ENSG00000173389.16	9.08133410634658	0.510777233675283	2.2157899805691	13.5739992120574	0.0185543220693106	0.0363619458114416	IQCF1	TRUE
ENSG00000101333.19	1443.19685569964	-0.108462733396053	0.665109576520779	13.500815918091	0.0191113887780035	0.0374080411281993	PLCB4	TRUE
ENSG00000169900.8	35.3137237796719	1.69525174587461	1.2887092087157	13.456984073599	0.0194527068276616	0.0380298051971438	PYDC1	TRUE
ENSG00000230927.3	6.64825280458623	-3.2199207542513	2.78714122347455	13.4466583066856	0.0195339631524023	0.0381422585491014	TMBIM7P	TRUE
ENSG00000229425.5	81.2286381257614	2.45536524663406	1.34590740266639	13.4405504796215	0.0195821809781182	0.0381900058638786	NA	TRUE
ENSG00000224016.2	15.1742890599514	-5.38067544717247	1.65090323159243	13.4217869793027	0.0197310255676864	0.0384336461663904	NA	TRUE
ENSG00000289273.1	31.5428335390298	1.72694591658559	1.26317497065255	13.418503278648	0.0197571857477617	0.0384380114971586	NA	TRUE
ENSG00000148604.15	74.7653869340868	-0.389651786617656	1.10655167942375	13.4033704401416	0.0198781760432536	0.0386266371239523	RGR	TRUE
ENSG00000225670.4	974.432562636126	0.999425164635262	0.788406392514792	13.3913557639662	0.0199747432814747	0.0387674063446013	CADM3-AS1	TRUE
ENSG00000213085.10	41.8942894666198	-1.36487207290538	1.58460703810996	13.3446196097587	0.0203546918458527	0.0394571650136132	CFAP45	TRUE
ENSG00000143320.9	240.173100762919	-2.24082000775472	0.7947393886618	13.3339251607057	0.0204426061487752	0.0395798410615442	CRABP2	TRUE
ENSG00000177679.16	2711.09614778865	-1.12085431082693	0.713984670433532	13.2776390114153	0.0209113603819421	0.040438695708521	SRRM3	TRUE
ENSG00000288062.1	115.532367513536	1.32978103445536	1.19126049565204	13.2583714067597	0.0210741831794673	0.0407045821747644	NA	TRUE
ENSG00000167210.17	25.5543123867215	1.37624078854808	1.18032966790286	13.2364414714273	0.0212609870725898	0.0410160939083455	LOXHD1	TRUE
ENSG00000137834.15	142.605141273236	-1.46810128756958	0.892401130217481	13.2141120949145	0.0214528280901539	0.0413365644375028	SMAD6	TRUE
ENSG00000161267.12	1008.65568364636	0.404391927295579	0.6036050770319	13.1956946426423	0.0216123108474172	0.0415939922536521	BDH1	TRUE
ENSG00000126803.10	527.480454251818	2.1183503292387	1.0097297647539	13.1824298985493	0.0217278796277369	0.0417663906241307	HSPA2	TRUE
ENSG00000165138.18	973.947662432385	-1.2723171028408	0.720703464729388	13.1699943660039	0.0218367629463874	0.0419255412841632	ANKS6	TRUE
ENSG00000140932.10	33.4917525683041	0.0457632538317381	1.15682317093577	13.1487132627071	0.0220243135962797	0.0421862575589984	CMTM2	TRUE
ENSG00000196739.15	4913.41161763111	-0.880022535865552	1.00527484350192	13.1486290109919	0.0220250591736152	0.0421862575589984	COL27A1	TRUE
ENSG00000158865.13	21.7204728080727	4.17798383941663	1.59820281868037	13.1412055112676	0.0220908479663883	0.0422511272813731	SLC5A11	TRUE
ENSG00000283128.3	248.401843832551	-3.62417189281735	1.12829744306878	13.1388783191619	0.0221115109170098	0.0422511272813731	NA	TRUE
ENSG00000088992.18	151.837084990587	1.2699306967701	0.910698045549654	13.1251046667848	0.022234186626469	0.0424350806517051	TESC	TRUE
ENSG00000129654.8	141.726586870609	-5.99111362300398	1.33580126589743	13.0928629805866	0.0225239096858531	0.0429370377997223	FOXJ1	TRUE
ENSG00000124678.20	24.2419535596301	-0.450518922143461	1.46947904731099	13.0888582383521	0.0225601482894488	0.0429551638639149	TCP11	TRUE
ENSG00000120899.18	2880.36900572081	0.0790926148936901	0.943537031586533	13.0648435856983	0.0227786320895576	0.0433198364117384	PTK2B	TRUE
ENSG00000258761.1	22.9918376870067	5.95133924081884	1.61712512810676	13.0505815160518	0.022909347346196	0.0435169281150555	NA	TRUE
ENSG00000213399.3	8.37643965850864	-4.42480482844217	2.23558865082967	13.044833091053	0.0229622363553346	0.0435637172733571	RPS2P17	TRUE
ENSG00000285865.1	80.5400732164369	-3.12061446611641	1.27628957749495	13.0420161392727	0.0229881967939059	0.0435637172733571	NA	TRUE
ENSG00000224114.1	129.590883099168	0.808166595224518	1.32943201289436	13.0119019504325	0.0232674888756712	0.0440410537375778	NA	TRUE
ENSG00000108551.5	826.61758139113	0.855697952272218	0.864487834799549	13.0046825565221	0.0233349269773896	0.0441167384149001	RASD1	TRUE
ENSG00000168081.9	357.203930619139	-1.69715600121344	0.99456343100137	12.9807805194428	0.0235595426496679	0.0444890540987266	PNOC	TRUE
ENSG00000007908.16	21.6076818100643	-1.08718016148322	1.51911637253051	12.9420856799355	0.0239275747644971	0.0450253075486498	SELE	TRUE
ENSG00000105246.6	24.3716037788272	0.903846423548475	1.32869320091334	12.9439394061755	0.0239098186469269	0.0450253075486498	EBI3	TRUE
ENSG00000136689.20	7.19294796865075	-3.1170721472877	2.00704521379585	12.9452881067711	0.0238969079154915	0.0450253075486498	IL1RN	TRUE
ENSG00000177551.5	529.99975219985	-2.82068102033466	1.11251951282685	12.9155743194061	0.0241829046569212	0.0454525471154062	NHLH2	TRUE
ENSG00000164692.19	1970.99618746561	-1.22149800440437	0.913076935974153	12.9084737641033	0.0242517322123498	0.0455286608238856	COL1A2	TRUE
ENSG00000275830.4	25.2171678305709	3.8063150844041	1.61692108362894	12.8918971537022	0.0244131455729709	0.0457782087931904	LINC03082	TRUE
ENSG00000150628.7	22.9435461955757	-1.39753204905303	1.37721357430779	12.8668477814105	0.0246590175787436	0.0461653000405769	SPATA4	TRUE
ENSG00000150782.12	31.0557860890764	2.0840880089932	1.14505023240373	12.8650217578343	0.0246770334379935	0.0461653000405769	IL18	TRUE
ENSG00000274536.9	34.9607820016247	0.176135271838797	1.37932447436521	12.8512649506051	0.0248131666140196	0.046312147211068	MIR223HG	TRUE
ENSG00000283293.1	680.09863723207	-2.84687218878575	1.12083064072404	12.8512873626191	0.0248129442472324	0.046312147211068	RN7SK	TRUE
ENSG00000174788.10	332.899719301408	2.06946322047417	1.82622829031114	12.8438402155396	0.0248869383357515	0.0463421899253217	PCP2	TRUE
ENSG00000182601.7	1774.24646308228	-2.87303747133469	1.03217010528901	12.8452314145624	0.024873099479845	0.0463421899253217	HS3ST4	TRUE
ENSG00000090339.9	87.3856987035141	-0.349500508987663	0.962082887690848	12.8290698293532	0.0250343215652423	0.0465626791149818	ICAM1	TRUE
ENSG00000050628.21	230.084272997406	-3.07191060538529	1.32304934557015	12.8139875628661	0.0251856798227478	0.0466436675455031	PTGER3	TRUE
ENSG00000113240.14	1817.58554563189	-0.821688753615433	0.756470019479713	12.8131643829714	0.0251939660420017	0.0466436675455031	CLK4	TRUE
ENSG00000205362.11	5.4785178011641	4.03431400125108	2.35340485455743	12.8192200051472	0.025133070511823	0.0466436675455031	MT1A	TRUE
ENSG00000262967.1	67.5617901018118	4.32175116239355	1.73317444639856	12.81536474127	0.0251718228327835	0.0466436675455031	NA	TRUE
ENSG00000157890.19	575.230748916591	-1.04715017764398	0.759926764261329	12.7863887927946	0.0254649209729195	0.0470910563906579	MEGF11	TRUE
ENSG00000180332.7	129.689056539306	1.16459892483789	1.16299310557628	12.7779654637183	0.0255507364271244	0.0471954407337803	KCTD4	TRUE
ENSG00000155087.4	30.1542322342497	-1.41288632918216	1.60593863520262	12.76184289178	0.0257157637208694	0.0474457316870691	ODF1	TRUE
ENSG00000075886.11	40.9863533151411	-2.97941372623127	1.37882330774002	12.7283232089018	0.0260621381961092	0.0480296514692058	TUBA3D	TRUE
ENSG00000254680.1	45.6506231948909	0.74097296554231	1.89949536645098	12.7242894474936	0.0261041208907769	0.0480519155457943	MICAL2-AS1	TRUE
ENSG00000141293.16	56.5872650912533	-4.32160768977156	1.60287256672042	12.7201719171281	0.0261470422306971	0.0480758545363047	SKAP1	TRUE
ENSG00000011105.14	1937.00726770639	-0.658688494135325	0.712276718105771	12.7135414750182	0.026216300355447	0.0481481081956609	TSPAN9	TRUE
ENSG00000164161.10	182.094157651393	1.85180963841192	1.10334967721251	12.6444760184436	0.0269482440150379	0.049435876863203	HHIP	TRUE
ENSG00000115009.13	7.41092544980968	1.34101557919064	2.79367275068971	12.6329508420658	0.0270722747359713	0.0494939084194606	CCL20	TRUE
ENSG00000245694.12	457.090227981717	-3.11824318908511	1.09642707342589	12.6358430077666	0.0270410988112086	0.0494939084194606	CRNDE	TRUE
ENSG00000272899.4	619.34101745809	-0.492824560479101	0.829481810992789	12.6356480832858	0.0270431989075681	0.0494939084194606	SPMIP1	TRUE
ENSG00000188153.14	621.569726121839	-0.315326495700305	1.04552751211783	12.6094546715442	0.0273268282009714	0.0499025146806376	COL4A5	TRUE
ENSG00000152661.9	1610.46606919154	-0.403681541989854	0.80297394395047	12.5943358682932	0.0274918319447801	0.0500899931238793	GJA1	TRUE
ENSG00000185551.15	1253.28038325458	-1.58689294524413	0.843235126443845	12.597026734312	0.027462394781559	0.0500899931238793	NR2F2	TRUE
ENSG00000007516.14	801.34654655514	-2.00176408997508	1.0306834947916	12.5807194355282	0.0276412545720586	0.0502482987525998	BAIAP3	TRUE
ENSG00000270866.1	365.884172991286	-0.723543429836588	0.725832197400389	12.5815218052982	0.0276324281085721	0.0502482987525998	NA	TRUE
ENSG00000154678.18	1514.75336460219	-0.400808091519546	0.79755975889329	12.5494273427108	0.0279875943267653	0.0507058219651768	PDE1C	TRUE
ENSG00000167772.12	214.543582477136	-0.221609485694459	0.921704940105784	12.5511338376024	0.0279686003824337	0.0507058219651768	ANGPTL4	TRUE
ENSG00000179388.9	491.807380814242	2.7170343614519	1.09262809112448	12.5534580210938	0.0279427511553392	0.0507058219651768	EGR3	TRUE
ENSG00000154589.7	16.005786074388	1.71158855401319	1.28659726010566	12.516721379533	0.0283540169469729	0.0512627029951447	LY96	TRUE
ENSG00000172724.12	11.0301521115952	7.09066659915233	2.54459977372484	12.5162998185715	0.0283587697340906	0.0512627029951447	CCL19	TRUE
ENSG00000176912.7	27.4774880123848	1.9699800462528	1.28476934266601	12.5119558322255	0.028407789344874	0.0512936151429354	TYMSOS	TRUE
ENSG00000278603.1	29.9881969015229	-2.95617110842339	1.52782853482917	12.4183445909516	0.0294840350700218	0.0531771541610832	NA	TRUE
ENSG00000226476.7	183.173628049057	-0.550853592754684	0.882103559331093	12.4010130556024	0.0296875235705554	0.0534841371949356	LINC01748	TRUE
ENSG00000121742.19	152.86863423353	1.07056976237513	1.1763586131679	12.3946047171715	0.0297631026786191	0.0535602530845922	GJB6	TRUE
ENSG00000012171.20	473.60464233651	1.5140932035537	0.785772888749293	12.3628766497635	0.0301400148642041	0.0541778566966174	SEMA3B	TRUE
ENSG00000185133.14	598.300621839758	-0.140696777145823	0.756748919623894	12.3519889829948	0.0302704017352452	0.0543514364117754	INPP5J	TRUE
ENSG00000154553.16	878.366230560505	-1.33420938524239	0.77438935225042	12.3440501834838	0.0303658133790556	0.0544011840581297	PDLIM3	TRUE
ENSG00000197747.9	281.189014517598	0.911456539029054	0.895042365773503	12.3466297271293	0.0303347799491156	0.0544011840581297	S100A10	TRUE
ENSG00000236756.4	85.0104225185509	4.3740886173121	1.35504190754519	12.3075687868802	0.0308079649066323	0.0551318481124256	DNAJC9-AS1	TRUE
ENSG00000260440.4	95.2507666240435	-0.0428340453434208	2.00250443824786	12.2796154216007	0.0311509090438484	0.0556835493141984	LINC01544	TRUE
ENSG00000134668.13	22.4665202711954	-0.462506415256999	1.56091782458078	12.2702969486691	0.0312660396590278	0.0558272508133974	SPOCD1	TRUE
ENSG00000066468.24	2296.34776739771	1.26107620667915	0.972847995499442	12.1882562271917	0.032297332217168	0.0576046757746826	FGFR2	TRUE
ENSG00000137573.14	506.216346720213	-1.99780560109191	1.07894591500125	12.1652716961899	0.0325920272743264	0.0580658401661225	SULF1	TRUE
ENSG00000117682.18	1318.23674804326	-0.986531941590013	0.714485903261532	12.1586462171816	0.0326774504408754	0.0581535579828203	DHDDS	TRUE
ENSG00000287338.1	41.0910854671107	1.66662220258632	1.29660629442219	12.1508775445865	0.0327778848316712	0.0582677665093978	NA	TRUE
ENSG00000157766.19	104.48479034743	1.79773903387764	1.22256647757069	12.1056336651291	0.033368675715646	0.0591870440121889	ACAN	TRUE
ENSG00000171840.13	42.1914851507094	2.87058041523967	1.15483057850725	12.1075464207493	0.0333434949787075	0.0591870440121889	NINJ2	TRUE
ENSG00000139190.17	712.683096831083	0.176518921639745	0.82267482192548	12.062541144576	0.033940799046172	0.0601354620366025	VAMP1	TRUE
ENSG00000138964.17	129.617541965972	1.14937528298286	0.913051775087492	12.035171849531	0.0343090102480597	0.0606541028257777	PARVG	TRUE
ENSG00000215474.8	148.073395030427	-5.8861182363497	2.01319080715372	12.0364375310475	0.0342918989022132	0.0606541028257777	SKOR2	TRUE
ENSG00000237289.10	1827.69176027888	0.710790887906793	0.757247040915197	12.0245286397221	0.0344532228603679	0.060842119930342	CKMT1B	TRUE
ENSG00000025708.14	148.587143622913	-1.6468566239457	1.15709153336172	12.0068586204888	0.0346939223223488	0.0611999266432651	TYMP	TRUE
ENSG00000186118.9	11.1755717989075	0.176394305772937	1.95058529923325	12.0022662781324	0.0347567404526315	0.0612435108633539	TEX38	TRUE
ENSG00000162747.13	12.3315362268945	1.24085518265231	1.85135451274932	11.9945533346983	0.0348624886685477	0.0613625622019235	FCGR3B	TRUE
ENSG00000100302.7	495.953604672788	-0.30425602809709	0.903195214778198	11.9889480171952	0.0349395324187838	0.0614308846794153	RASD2	TRUE
ENSG00000255629.1	64.192607839402	-2.4083245646905	1.66233538790589	11.9824976876938	0.0350283912318549	0.0615198084257822	NA	TRUE
ENSG00000165178.9	14.4179938770972	0.249778845897938	1.30380962501223	11.9335057551002	0.035710352730948	0.0626490576840977	NCF1C	TRUE
ENSG00000124225.16	1301.02346878146	-0.843687175546094	0.703099435933688	11.928440399281	0.0357815781055898	0.0627055572690108	PMEPA1	TRUE
ENSG00000132470.14	228.319838575237	1.72582038893903	1.05869236841668	11.9161164153077	0.0359554339595589	0.0628731037791198	ITGB4	TRUE
ENSG00000279536.1	76.2022572139039	-1.45449970251945	0.983098471639123	11.9166297733834	0.0359481759454369	0.0628731037791198	NA	TRUE
ENSG00000051128.19	1000.35738590394	-0.967794697565983	0.787651284295507	11.8731290738178	0.0365681725256879	0.0638750578791092	HOMER3	TRUE
ENSG00000224982.4	20.0402394759451	-2.87298065007891	1.83679679389723	11.8665580430861	0.0366627061097339	0.0639706500742045	TMEM233	TRUE
ENSG00000146021.15	1200.20506857096	-0.932971058295203	0.816105819331485	11.8570630617202	0.0367997154513179	0.0641400680371668	KLHL3	TRUE
ENSG00000260788.8	16.2829554789215	5.18622228302493	2.09530259554717	11.8248687346922	0.0372679012068199	0.0648857174857634	CEDORA	TRUE
ENSG00000226332.2	81.0011452166283	-1.05954877250086	0.973834736144965	11.8170587216839	0.0373823286985605	0.0650145045655701	NA	TRUE
ENSG00000165970.12	140.27288494676	-2.28445817282188	1.1288928266361	11.8103480313965	0.0374809162569582	0.0651154945134397	SLC6A5	TRUE
ENSG00000260934.1	52.5518667651533	4.00351499740979	1.35118803270502	11.8001638598644	0.0376310053423436	0.0653056431805035	NA	TRUE
ENSG00000262429.1	11.7557361576138	6.14876966691858	2.47326542765299	11.796733186101	0.0376816933321692	0.0653230649242675	NA	TRUE
ENSG00000105549.11	12.2350399864796	2.31434703775965	2.32525189336487	11.7767139212196	0.037978773057197	0.0657671210160728	SPMAP2	TRUE
ENSG00000124067.17	874.338074013995	-1.52011397547898	0.681637742036835	11.7575760156851	0.0382648531629664	0.066191193792128	SLC12A4	TRUE
ENSG00000152595.17	52.6405525284885	-0.984581223522884	1.85194938694756	11.7505162871043	0.0383709003923281	0.0663032655166358	MEPE	TRUE
ENSG00000101187.16	201.945015079016	0.671847132202013	0.854250681251528	11.7341039362119	0.0386185173039593	0.0665879370251745	SLCO4A1	TRUE
ENSG00000233968.9	41.2626013055196	-2.93038754545871	1.52185373841971	11.7360921974144	0.0385884393579356	0.0665879370251745	MALRD1-AS1	TRUE
ENSG00000153446.16	86.984948240284	1.6896235064337	1.1618881665214	11.7279545833586	0.0387116842483203	0.0666770381426053	C16orf89	TRUE
ENSG00000103316.12	3164.65808483819	-0.594551320153302	1.16413644041974	11.6997897351816	0.0391411353827412	0.0673445444968578	CRYM	TRUE
ENSG00000185955.5	50.3766464984189	-1.26864262755603	1.07451522817128	11.6882204864647	0.0393188479948388	0.0675779558585091	SPACDR	TRUE
ENSG00000125869.10	489.802595043099	0.386994357300994	1.0964444659459	11.6613628306359	0.039734359912491	0.0681221737262183	LAMP5	TRUE
ENSG00000157601.15	477.467578486894	1.78666487888967	1.09217525097011	11.6595431196554	0.0397626626976931	0.0681221737262183	MX1	TRUE
ENSG00000171885.18	4369.49249218777	-0.317459728584586	1.12866655440278	11.6645882953601	0.0396842397794392	0.0681221737262183	AQP4	TRUE
ENSG00000086205.18	132.18179909306	2.78981550780471	1.22660937816563	11.6471468486696	0.0399559771926438	0.0683077184559348	FOLH1	TRUE
ENSG00000254681.6	600.913408663272	-0.300380588792383	2.08083555340838	11.6487130493212	0.039931503838712	0.0683077184559348	PKD1P5	TRUE
ENSG00000275302.2	55.5339974057134	-1.26490558020899	1.52151082913378	11.6161867167914	0.0404426895664483	0.069066314700619	CCL4	TRUE
ENSG00000240764.4	453.90824708685	0.543502314730116	0.878550170604767	11.6000783507538	0.0406981422554814	0.0694287840812725	PCDHGC5	TRUE
ENSG00000171724.3	3752.27092026079	-0.467991252955276	0.79891054386876	11.5873413342553	0.0409012134992453	0.0697012196111211	VAT1L	TRUE
ENSG00000081237.21	116.117377310195	0.471973937877704	0.965546354097792	11.5797753853066	0.0410222949446345	0.0698335042118936	PTPRC	TRUE
ENSG00000211445.13	1065.11295639922	-0.365288658990562	0.999799065948817	11.5664531735434	0.0412363231824906	0.070123567570648	GPX3	TRUE
ENSG00000123609.11	53.6132334692847	0.125049112845028	0.887577478073989	11.5393394373945	0.0416751939004337	0.0707949646913287	NMI	TRUE
ENSG00000154096.14	7031.32398034361	0.764199612148377	0.768476142527249	11.5267286659178	0.0418808206760964	0.0709941759773069	THY1	TRUE
ENSG00000187608.10	401.139579680568	1.65198432447039	1.17817808948183	11.5275098206021	0.0418680555563621	0.0709941759773069	ISG15	TRUE
ENSG00000145824.13	1265.45484696503	2.00027373466559	1.11723985202533	11.4945498219956	0.0424098834540718	0.0718152610228591	CXCL14	TRUE
ENSG00000068079.8	92.7880379998837	1.31494073364279	0.886010855526296	11.4847605129996	0.0425720848688749	0.0720140425097705	IFI35	TRUE
ENSG00000117676.14	612.047384551454	-0.0640873624316597	0.637715272493544	11.4754113608446	0.0427275417528298	0.072201009039745	RPS6KA1	TRUE
ENSG00000130948.10	12.9356044042081	4.80868206525852	1.87962648389596	11.4555431938066	0.0430596953465973	0.0726572388165263	HSD17B3	TRUE
ENSG00000206047.3	7.67856504242695	2.19821441911689	2.53064573739932	11.4538593334858	0.0430879580536089	0.0726572388165263	DEFA1	TRUE
ENSG00000288802.1	698.50902033726	-2.47886981247076	1.07876374625607	11.4028738683842	0.0439520879315062	0.0740366931927993	NA	TRUE
ENSG00000164128.7	887.473689724067	-1.28844927787721	0.989561492053592	11.3934707122771	0.0441132392329368	0.0742303407825439	NPY1R	TRUE
ENSG00000111432.5	122.074188321792	-1.68123218355947	1.0027077139247	11.3814987116026	0.0443192247515743	0.074498947882615	FZD10	TRUE
ENSG00000111679.17	98.4789565090309	0.283321090847825	0.772577796928914	11.372448960736	0.0444755349370558	0.0746835785202181	PTPN6	TRUE
ENSG00000122733.12	2749.15457366788	-1.25795648339867	1.0304939590083	11.3486893924463	0.0448884041546209	0.075298189432647	PHF24	TRUE
ENSG00000140873.16	163.77141471519	-1.55718383704027	0.963120299198874	11.3368361458382	0.0450957307799954	0.0755670900557378	ADAMTS18	TRUE
ENSG00000006116.4	1444.81029197948	0.40413918703339	0.991234641837103	11.3140367248621	0.0454970675354257	0.0761601953431553	CACNG3	TRUE
ENSG00000273703.2	7.51408782827358	-8.22333609670623	2.7899600099988	11.289310014602	0.0459361473281515	0.0768151808078454	H2BC14	TRUE
ENSG00000054803.4	266.279215815029	0.45940666449335	1.32127354818807	11.2788156923247	0.0461237066193085	0.0770486450490943	CBLN4	TRUE
ENSG00000211892.4	25.5959041634362	3.38046893371814	1.93039227225396	11.2629871256561	0.0464079718806767	0.0774430018818769	IGHG4	TRUE
ENSG00000154975.14	2373.09716736454	2.45741719552213	1.03879608543805	11.2566438389063	0.0465223550931375	0.0775533450567137	CA10	TRUE
ENSG00000006047.13	201.019395191305	-2.9002401082053	1.08195261361335	11.2220108074616	0.047151576569372	0.0785208119657833	YBX2	TRUE
ENSG00000137198.10	107.168681661445	0.568365008971999	0.822274371501084	11.1717700326414	0.0480786689093406	0.0798987409152886	GMPR	TRUE
ENSG00000153234.16	1428.19595731118	-2.98841274943174	1.22018176013451	11.1691128795621	0.0481281774772865	0.0798987409152886	NR4A2	TRUE
ENSG00000162992.5	3220.16125459519	-1.37416922047835	1.15634743325502	11.1703544733004	0.0481050378848419	0.0798987409152886	NEUROD1	TRUE
ENSG00000255794.11	167.217346231643	-2.65279563601877	0.996932883500546	11.1659288153327	0.0481875669501809	0.0799147782135611	RMST	TRUE
ENSG00000100033.17	808.43294769483	1.32704466422217	0.857216078982343	11.1496172545948	0.0484928984203799	0.0803382348057222	PRODH	TRUE
ENSG00000140623.14	40.9477292203753	-2.45655217558457	1.47654161415003	11.1196814093469	0.0490580158974305	0.0811907636943057	SEPTIN12	TRUE
ENSG00000177807.10	1103.46307146393	1.71918239748137	0.906157662237336	11.0942387035072	0.0495431933490427	0.0819093741892095	KCNJ10	TRUE
ENSG00000141837.22	4760.21035215901	-0.754554048007754	0.73618752965286	11.085845519523	0.0497042369432749	0.0820911703677726	CACNA1A	TRUE
ENSG00000188897.10	230.081124403124	-2.36915566857798	1.32352497400533	11.0765070965387	0.0498839975306554	0.0823034743652599	NA	TRUE
ENSG00000224389.9	506.756746662794	-0.206522602054784	0.847175570186935	11.0442921790032	0.0505088378735325	0.0832489256028377	C4B	TRUE
ENSG00000111344.12	320.15868318285	1.65466013376875	1.06774657641996	11.0414417713891	0.0505644783016893	0.0832552424496052	RASAL1	TRUE
ENSG00000129159.9	3053.94548967857	0.244928875906055	0.767580180130061	11.0342200787267	0.0507057057138263	0.0834023224996099	KCNC1	TRUE
ENSG00000284930.1	3.58044364170509	-2.61198889931407	2.59149281148922	11.0233147030597	0.0509196761420999	0.0836686294073155	NA	TRUE
ENSG00000276690.1	32.3678539403067	2.66823493327948	1.53731164572857	11.011149430815	0.0511593706951065	0.0839766176782801	NA	TRUE
ENSG00000233975.2	46.4300176188895	1.23798383918885	1.60810453363892	10.9898019496091	0.0515825561110609	0.0845848649698723	LINC02574	TRUE
ENSG00000003137.9	2187.98484792522	-2.1289030631181	1.03083764683159	10.9448114945352	0.0524852555277404	0.0859773757727612	CYP26B1	TRUE
ENSG00000132821.12	5964.593407375	-1.5214561319485	1.02303625341025	10.9316008969074	0.0527531288813679	0.0863281854504666	VSTM2L	TRUE
ENSG00000174607.11	637.546769902894	2.8234161884478	1.07913000286502	10.9271375244464	0.0528439239497546	0.0863887953074828	UGT8	TRUE
ENSG00000249971.1	73.1396610642783	4.42824917481435	1.41365718514329	10.9183214705796	0.0530236948557331	0.0865945910906129	NA	TRUE
ENSG00000182685.8	318.109648414462	-0.480215208007979	0.833643405306799	10.8877765063221	0.0536510094281922	0.087530124011274	BRICD5	TRUE
ENSG00000258645.2	34.7972987030283	0.353378085246321	1.03779060456773	10.8756362665405	0.0539022729126751	0.0878508646761347	HSPE1P2	TRUE
ENSG00000187094.12	1127.60818148859	1.84718228443752	1.43292566023037	10.8541453498378	0.0543497818647211	0.0884648491188762	CCK	TRUE
ENSG00000271795.1	120.478200843725	-1.88396661436433	1.05357985087672	10.8522655011831	0.0543890920531734	0.0884648491188762	NA	TRUE
ENSG00000127564.17	281.610163872341	1.2755736299144	0.75543126499299	10.8204085418405	0.0550593444378855	0.0894644757448756	PKMYT1	TRUE
ENSG00000132530.17	308.078847120286	0.941590099373997	0.852686386066387	10.8138010181968	0.0551993320890722	0.0896013400678172	XAF1	TRUE
ENSG00000260403.1	13.8517021462794	-5.21185132175192	2.23848733044467	10.7983811087566	0.0555273225513627	0.0900427924722904	NA	TRUE
ENSG00000237943.8	84.0546191346765	2.09697114723502	1.05491738164682	10.7666501917857	0.0562080295148763	0.0910547413612967	PRKCQ-AS1	TRUE
ENSG00000185847.9	24.0927813784381	-3.786939569357	1.60435901803183	10.7260935214482	0.057089489052339	0.0923895356567058	VHRT	TRUE
ENSG00000128833.13	479.05989974902	0.716261832631983	0.875184724646345	10.7146779591165	0.0573399268228996	0.0927014712317905	MYO5C	TRUE
ENSG00000109861.17	315.37597813734	-0.65565251368426	0.719145440774573	10.6804654024172	0.0580966838071129	0.093830523495508	CTSC	TRUE
ENSG00000272420.1	50.4968088661285	0.167190957425068	0.905614108045847	10.6630900044115	0.0584845949699117	0.0943621928882008	NA	TRUE
ENSG00000139874.6	1008.45986803812	-3.41350754113013	1.44526500855586	10.6384408629635	0.0590390659018758	0.0951612626923917	SSTR1	TRUE
ENSG00000263155.6	75.9258509156392	-0.351892598707693	1.02813464589634	10.6121581139121	0.0596357141157018	0.0960266458756841	MYZAP	TRUE
ENSG00000089199.10	7804.52292659075	0.35615533565633	0.745279117824971	10.5156106820874	0.0618763227116616	0.0995347853830233	CHGB	TRUE
ENSG00000152208.13	806.414891135819	-1.22762643207384	0.723560858650661	10.5107775008896	0.061990535009593	0.0996187897604159	GRID2	TRUE
ENSG00000096060.15	431.016011408815	-0.793314939662795	1.10698883832723	10.4781194218751	0.0627674625995926	0.100709216593348	FKBP5	FALSE
ENSG00000182814.7	8.83302911391975	-2.03059640745434	2.30291767947938	10.4769930221426	0.0627944212984037	0.100709216593348	FUNDC2P2	FALSE
ENSG00000125657.5	62.1474684662305	-1.9862849876784	1.26161235333453	10.4326487623904	0.063864386465814	0.102323099751309	TNFSF9	FALSE
ENSG00000104901.7	34.1690464883782	-2.77115813119393	1.33376238345613	10.4207785787584	0.0641536779185139	0.102684223520968	DKKL1	FALSE
ENSG00000011465.18	1353.68537715539	0.780423596760005	0.812280456425696	10.417232514732	0.0642403374836751	0.102720619240066	DCN	FALSE
ENSG00000239528.1	108.77576665531	0.577232057095198	1.64238322852753	10.4102276217595	0.0644118465716297	0.102892482545337	RPS14P8	FALSE
ENSG00000130167.14	9.70000823807145	0.151714824051533	1.8528080446995	10.4054525829003	0.0645290048341949	0.102977269879395	TSPAN16	FALSE
ENSG00000012779.12	89.2688388861786	0.956860959265145	1.07798574386298	10.3989073159075	0.0646899204283506	0.103065282246947	ALOX5	FALSE
ENSG00000143156.14	840.447471861226	2.09662764789312	0.913319973869753	10.3927882481696	0.0648406971696726	0.103065282246947	NME7	FALSE
ENSG00000153347.10	16.2531176183937	-0.956054508545764	2.12690866392143	10.3967188289253	0.0647438080946752	0.103065282246947	FAM81B	FALSE
ENSG00000273275.1	94.6914786128466	-24.6845998635561	3.02247792356117	10.3946933618281	0.0647937190755454	0.103065282246947	NA	FALSE
ENSG00000173947.14	75.0491381616	0.328017237057743	1.37438706559577	10.383912313189	0.0650599884482895	0.10331166149842	CIMAP3	FALSE
ENSG00000125740.14	307.040545805819	-2.23440461382197	1.37285717989058	10.3596434976859	0.0656631247176634	0.104166477217458	FOSB	FALSE
ENSG00000243802.2	14.8215655035086	-2.89539813255927	1.48156711959918	10.3482941949973	0.0659469707084319	0.104513591645414	NA	FALSE
ENSG00000214725.10	24.9154208508203	-0.828602240956089	1.18887991468746	10.3283772281135	0.0664478668496797	0.105203667022104	CDIPTOSP	FALSE
ENSG00000177234.7	332.843697640634	0.286399601423158	0.911487481067527	10.3084916979406	0.0669515157906447	0.105896738066502	LINC01561	FALSE
ENSG00000172179.13	36.4667048812961	-6.78674896022116	2.10765155072522	10.2916390830674	0.0673811371565723	0.106419085953045	PRL	FALSE
ENSG00000290010.1	203.556774488446	-1.11706742581971	1.41050739968864	10.2903460528271	0.0674142062851278	0.106419085953045	NA	FALSE
ENSG00000065361.17	313.153708733844	2.24092091632189	0.851852187246439	10.2797368184928	0.0676861091462447	0.106743451813558	ERBB3	FALSE
ENSG00000138483.3	12.749587760628	-0.0666080160472464	2.25976825441842	10.2684506202202	0.0679764852829012	0.107096286127081	CCDC54	FALSE
ENSG00000197249.14	235.256052143277	-0.296131532804844	1.26604201225539	10.2645294642618	0.0680776422865057	0.107150608378467	SERPINA1	FALSE
ENSG00000140955.11	21.7608424869807	0.0820893209589691	1.50150854552869	10.2488658932606	0.0684831301062616	0.107683356243407	ADAD2	FALSE
ENSG00000205856.4	29.5538408418944	-4.84588956118561	1.76977493965757	10.2390462594233	0.0687384819871227	0.107979218527181	C22orf42	FALSE
ENSG00000161249.21	43.9061207829709	1.95836481813715	1.47638930797988	10.2333170901746	0.0688878745226678	0.108108217146413	DMKN	FALSE
ENSG00000189190.11	104.734586927909	-1.59185222039718	1.03812138328365	10.2295605039286	0.0689859947540681	0.108156579092476	ZNF600	FALSE
ENSG00000120903.13	220.59353301376	0.505730613138316	1.5136606858861	10.1949593378553	0.069895909409422	0.109476341540878	CHRNA2	FALSE
ENSG00000100884.10	1629.06757088181	2.29503555629409	0.947061974639072	10.1558202089117	0.0709386391913879	0.110893378580312	CPNE6	FALSE
ENSG00000164112.14	174.822568255124	2.13978123830118	1.32677055339993	10.1571782135096	0.0709022183199937	0.110893378580312	SMIM43	FALSE
ENSG00000203805.11	363.296172241902	0.695721146511642	0.774838709878174	10.1479107793832	0.0711511119692751	0.111048679073292	PLPP4	FALSE
ENSG00000204291.11	267.680646279286	-2.13984041744249	1.08714332732294	10.1469786375586	0.0711761913164222	0.111048679073292	COL15A1	FALSE
ENSG00000205683.12	1021.91406165928	0.0485234827295359	0.709274098443156	10.1364036746926	0.0714612886803061	0.11138534520781	DPF3	FALSE
ENSG00000226754.3	91.4551939022852	3.26102453222917	1.47298987726846	10.1331948051117	0.0715480088123544	0.111412451706835	MAGOH-DT	FALSE
ENSG00000197587.11	73.9545620376037	-5.18987076987449	2.30891657966475	10.1155031512422	0.0720278903879243	0.112051132481505	DMBX1	FALSE
ENSG00000164853.9	216.410177571836	-1.99941609758298	1.61787962521065	10.0850095533756	0.0728620614242567	0.11323919991178	UNCX	FALSE
ENSG00000139800.9	938.630988767804	-1.42973629697221	0.932908244546461	10.078491804552	0.0730415207783618	0.113408428880027	ZIC5	FALSE
ENSG00000166145.15	127.292986982395	-4.15342508548415	1.22265584394438	10.0680013552289	0.0733312281944021	0.11374834334788	SPINT1	FALSE
ENSG00000168685.15	24.4470819174852	-0.457826512409275	1.65600920441292	10.0302590928834	0.074382394272233	0.115267606167289	IL7R	FALSE
ENSG00000179981.11	1330.78575085319	-1.57989375582088	0.677958126594353	9.95784480828695	0.0764385445158146	0.118339827588549	TSHZ1	FALSE
ENSG00000171509.16	158.65776615802	4.06300484139825	1.42251410298327	9.93074501497543	0.0772215070808159	0.119436921923841	RXFP1	FALSE
ENSG00000286901.1	68.4370222292358	1.82365149759712	1.17042306203907	9.90930456451275	0.0778462289723724	0.120287394190964	NA	FALSE
ENSG00000106366.9	188.27537461894	-2.17148148762757	1.27734023738942	9.9066843313247	0.0779228969030583	0.120290197236517	SERPINE1	FALSE
ENSG00000087245.13	567.771528015702	-0.0854692269665322	0.756578646551046	9.87802888595064	0.0787659389798284	0.12124220683964	MMP2	FALSE
ENSG00000130707.18	766.875523003164	1.24606442534264	0.969692171523206	9.88183085677372	0.0786536004078222	0.12124220683964	ASS1	FALSE
ENSG00000176387.7	145.228054925669	1.04472597269594	1.06742488573021	9.88015746949247	0.0787030264259327	0.12124220683964	HSD11B2	FALSE
ENSG00000092200.13	27.2638803773445	-1.26392748940823	1.43512179538309	9.86464671915854	0.079162532710747	0.121619684575689	RPGRIP1	FALSE
ENSG00000198805.13	395.094343562962	-1.48403858379571	0.63871314208722	9.86680999664685	0.0790982966221749	0.121619684575689	PNP	FALSE
ENSG00000196668.4	95.1815172787827	-1.24802019611739	0.97597183312259	9.84940362817554	0.0796165321064669	0.122200350616134	LINC00173	FALSE
ENSG00000161992.6	107.260617487108	1.6428867591532	1.74366241623975	9.82370447120223	0.0803874228799543	0.123265828786342	PRR35	FALSE
ENSG00000247595.5	23.6949344656145	-2.45373821914138	1.32396198119509	9.81134863035103	0.0807605147024036	0.123719873333425	MISFA	FALSE
ENSG00000122254.7	568.56768848184	-4.15005516370561	1.24288918295097	9.79346325464786	0.0813034162824963	0.1243145480171	HS3ST2	FALSE
ENSG00000184361.13	9.05499796623666	0.231714319001638	2.67744292888367	9.79430791139629	0.0812777012915804	0.1243145480171	SPATA32	FALSE
ENSG00000068078.20	1160.92505328432	-2.23960445859681	1.02000102070578	9.7793571004699	0.0817339835060598	0.124854098378553	FGFR3	FALSE
ENSG00000242808.12	1754.64728288514	0.98048396425917	0.869904770973448	9.72035092715947	0.0835580307695651	0.127519235941777	SOX2-OT	FALSE
ENSG00000005001.10	28.6889585838344	-1.1381672391252	2.39915368556031	9.69580423793595	0.0843278707447086	0.128408179080461	PRSS22	FALSE
ENSG00000135638.14	775.268575606919	-1.75699922639073	1.03198039433153	9.69779539644696	0.084265179921649	0.128408179080461	EMX1	FALSE
ENSG00000160401.15	127.316002626933	-2.48858157008356	1.07561702159368	9.69414212661235	0.0843802346664384	0.128408179080461	CFAP157	FALSE
ENSG00000135046.14	326.747034650847	-0.311649511616392	0.792952433997648	9.66556290510579	0.0852853221779261	0.129662736745437	ANXA1	FALSE
ENSG00000188313.13	212.065943829584	-0.168060500757543	0.921078058235836	9.65770647233848	0.0855356983107841	0.129823783878659	PLSCR1	FALSE
ENSG00000240801.1	211.462499936236	0.0490031418584869	1.25196447772308	9.65716989048974	0.0855528233525203	0.129823783878659	NA	FALSE
ENSG00000163645.15	9.76564993565796	0.649780658060688	2.09242588817601	9.64197067752116	0.0860392246641258	0.13043871135401	ERICH6	FALSE
ENSG00000006071.16	2081.98002477529	-0.128435250209988	0.776013650796171	9.63038762908809	0.0864116159537556	0.130879799093012	ABCC8	FALSE
ENSG00000188643.11	672.056802187256	-0.307349954920719	0.702325134203551	9.61055028559832	0.0870528390033203	0.131726847719713	S100A16	FALSE
ENSG00000128016.7	626.002732937403	1.29768106213857	0.97271103794833	9.59139823903871	0.0876760750484718	0.132525788539996	ZFP36	FALSE
ENSG00000186297.12	1636.80349456426	-2.48080663667147	1.23786213760961	9.5892645841036	0.0877457616717835	0.132525788539996	GABRA5	FALSE
ENSG00000141668.10	1981.37500558338	-1.65999763869892	1.23465488012731	9.5607551236825	0.088681816256172	0.133752562112441	CBLN2	FALSE
ENSG00000169442.9	9.38366552632187	3.33610012551509	1.75595398442013	9.55946248981752	0.0887244749295967	0.133752562112441	CD52	FALSE
ENSG00000141524.19	309.605215713655	1.46343177038876	0.741995384542762	9.54614872266558	0.0891649497857989	0.13416486358219	TMC6	FALSE
ENSG00000197406.8	40.1947407123101	-3.08081513284304	1.46169688857046	9.54628350153905	0.0891604806553047	0.13416486358219	DIO3	FALSE
ENSG00000276966.3	27.7848510935785	-3.16278158094194	1.35893819614764	9.53972412223982	0.089378222717889	0.134234396175372	H4C5	FALSE
ENSG00000279249.4	2110.78349033146	0.465601371149935	0.930968461480252	9.53989577821579	0.0893725182661139	0.134234396175372	SYNAGE	FALSE
ENSG00000119535.19	182.287681975535	0.663128296355311	0.956180767583687	9.49983574846067	0.090712925167937	0.136101725829816	CSF3R	FALSE
ENSG00000164418.22	4381.61039364253	-1.37175219259687	0.851942350791957	9.49752081606829	0.0907909459175872	0.136101725829816	GRIK2	FALSE
ENSG00000179520.11	76.3746856434486	-4.24981109783166	1.57487684126165	9.48237113187912	0.0913030672091674	0.136741872325379	SLC17A8	FALSE
ENSG00000135903.20	191.281586486286	-3.52068162267368	1.80564637752932	9.4788146597343	0.091423675427704	0.13679501528149	PAX3	FALSE
ENSG00000129667.13	146.205660460044	-0.592675911248379	0.872489620475252	9.45770818941986	0.0921424682702467	0.137742275823522	RHBDF2	FALSE
ENSG00000137959.17	627.577788384536	-0.289320848830202	1.11067764220926	9.44840072242755	0.0924610889927259	0.138090120828355	IFI44L	FALSE
ENSG00000053108.17	278.757671152211	0.790839897195588	0.941265236738481	9.44489299162393	0.0925814312932253	0.138141467119975	FSTL4	FALSE
ENSG00000112333.12	448.048563902988	-1.0035332162334	1.18759304285262	9.41556266733107	0.093593342826706	0.139521801412353	NR2E1	FALSE
ENSG00000260252.1	11.9273081951157	3.08842221281833	1.87205221122785	9.40529810275271	0.0939498717491046	0.139923488323273	NA	FALSE
ENSG00000244491.1	136.0200673566	2.41935797040901	1.17804442499858	9.39593734529177	0.0942760960787466	0.140279339257913	NA	FALSE
ENSG00000114547.10	52.4328701187866	-1.34132164788322	0.95766920679731	9.3517360150114	0.0958306326221181	0.142460524166276	ROPN1B	FALSE
ENSG00000115956.10	104.284427754717	-0.565919726650465	0.920770139725181	9.32361406324111	0.0968318847092256	0.143815932280708	PLEK	FALSE
ENSG00000213171.3	24.8469603145257	1.65460089690014	2.00755356347223	9.30248274757349	0.097590551652955	0.144808879507201	LINGO4	FALSE
ENSG00000135926.15	540.663786522281	0.410025921162099	0.661574662131266	9.25794886660066	0.0992073158918987	0.147072100219817	TMBIM1	FALSE
ENSG00000146678.10	34.8161915858385	0.868124430912258	1.56570260649726	9.19049841292627	0.10170283918747	0.150632684400243	IGFBP1	FALSE
ENSG00000105835.13	1935.32174192939	-1.92986000906262	0.669545551913638	9.18446442825632	0.101928861620474	0.150689678587031	NAMPT	FALSE
ENSG00000176842.16	103.225274659236	-4.23199499116691	1.68863031283482	9.18534911296521	0.101895694154034	0.150689678587031	IRX5	FALSE
ENSG00000242861.1	14.8567124640282	3.42247517626257	1.45624844868874	9.17118387392304	0.102427948008078	0.15128833864796	NA	FALSE
ENSG00000038295.8	270.265031427752	-0.173563597645332	1.06267212630944	9.1587762464498	0.102896248889731	0.1518404701247	TLL1	FALSE
ENSG00000128340.16	40.3665040398763	0.60427547030447	1.11258494825015	9.1165726929857	0.10450383264984	0.154071246851645	RAC2	FALSE
ENSG00000130208.10	248.115617507048	1.86664040548033	0.946738887712097	9.1076499753957	0.104846635785093	0.154434962150912	APOC1	FALSE
ENSG00000175356.14	424.740963604483	0.00333731232286221	0.664383545829337	9.1030238283256	0.1050247725357	0.154555686323141	SCUBE2	FALSE
ENSG00000273293.1	27.496171344237	-0.328674743093341	1.20959033491011	9.08414703537443	0.105754521303378	0.15548720561256	NA	FALSE
ENSG00000138083.5	20.2551746605437	-2.34898237342443	2.40980346609969	9.06759858988747	0.106398065444739	0.156290394122208	SIX3	FALSE
ENSG00000121440.15	1167.07065051745	-0.285918306877064	0.83015870974761	9.06484870617118	0.10650535003439	0.156305111876955	PDZRN3	FALSE
ENSG00000107738.20	461.483234943001	0.956847833535533	0.829021449408701	9.02729069898282	0.107980562426479	0.15832338712078	VSIR	FALSE
ENSG00000250644.3	259.743551703997	0.699717687313512	0.662966106887875	9.02483579568752	0.108077632651833	0.15832338712078	NA	FALSE
ENSG00000175985.10	187.673747867319	0.37199312569901	0.951639016062279	9.01239231330169	0.108570889987334	0.158901111302045	PLEKHD1	FALSE
ENSG00000287981.1	40.2146326463504	-0.936735493422406	1.5309212802036	8.97348887363688	0.110126281389629	0.161030877336791	NA	FALSE
ENSG00000273706.5	563.544992067959	-1.50501028941207	1.13153637285371	8.95239270218332	0.110978186309523	0.162129041272186	LHX1	FALSE
ENSG00000005020.13	288.601706370231	-0.997740549318909	1.1144542859989	8.93875083879203	0.111532261550523	0.162790503462027	SKAP2	FALSE
ENSG00000135424.19	2249.41113992081	-1.25950502717125	0.642629064461042	8.91281967291917	0.112592422920387	0.164188769177007	ITGA7	FALSE
ENSG00000144488.15	38.8974072856936	-0.195738747952175	1.53345681621818	8.84988495144822	0.115203640838019	0.167844289054122	ESPNL	FALSE
ENSG00000090539.16	1118.48805185483	-0.0348321278023014	0.843836446554779	8.84140358395854	0.115559716071134	0.168210564969486	CHRD	FALSE
ENSG00000131398.15	2028.58502536804	0.0290679022682921	0.772124703388116	8.82743857164223	0.116148190277242	0.168761430176789	KCNC3	FALSE
ENSG00000170627.11	10.5934110688991	-2.15399904508792	2.00855546553791	8.82926791071148	0.116070948896123	0.168761430176789	GTSF1	FALSE
ENSG00000263597.1	4.15493009720397	-1.93653111987584	1.97145495921191	8.82069903373772	0.116433160931242	0.169022664513555	MIR3936	FALSE
ENSG00000069667.16	973.035327083247	-1.28574444907013	0.700931789506362	8.78992487158285	0.117742477016836	0.170615113224577	RORA	FALSE
ENSG00000118503.17	178.418143903411	-1.7188331522963	0.974198761553766	8.79110746696745	0.117691916648864	0.170615113224577	TNFAIP3	FALSE
ENSG00000197019.5	119.430212580678	-0.0383348950924366	0.731400952003701	8.7849509433679	0.117955346728242	0.170769587560616	SERTAD1	FALSE
ENSG00000171094.18	96.8722757504383	-1.17160107611909	1.00875873204152	8.77491966039463	0.118385718424173	0.171238388395721	ALK	FALSE
ENSG00000209582.1	6.49730173221624	-5.49009924094433	2.23731362472976	8.76325343697889	0.118888023889759	0.17181030071119	SNORA48	FALSE
ENSG00000073670.14	2988.19110895737	0.0497629263950881	0.847165949701944	8.73528831387176	0.120099973489594	0.173156885406185	ADAM11	FALSE
ENSG00000257000.1	7.62969725978319	6.70572451321056	3.46558629864369	8.73260082910831	0.120217030792698	0.173156885406185	NA	FALSE
ENSG00000259607.1	41.1455036862898	2.5882743461228	1.26345734631442	8.7318252794426	0.120250830188738	0.173156885406185	NA	FALSE
ENSG00000275327.1	26.6092299104534	-1.8579379215772	1.82741566080907	8.73743177151701	0.120006686080534	0.173156885406185	NA	FALSE
ENSG00000215030.5	537.082955951857	-1.23714477571359	1.00829397065103	8.69210827062818	0.121993289377961	0.175508698326216	RPL13P12	FALSE
ENSG00000165985.10	307.641921159008	-2.15567059502126	1.42838615740047	8.68141380295276	0.122466363055476	0.176031704320349	C1QL3	FALSE
ENSG00000169758.13	432.703458837663	0.143732303994462	0.918061386128565	8.6646452552589	0.123211466393379	0.176944438332583	TMEM266	FALSE
ENSG00000286757.4	149.747139013771	-1.35442295007539	1.03563139571059	8.65366663475476	0.123701514022799	0.17748958306664	NA	FALSE
ENSG00000166118.8	6.93900330272195	0.984052821921643	2.77990558385094	8.64709902939582	0.123995510518734	0.177752707764144	SPATA19	FALSE
ENSG00000150995.21	3650.34594788204	0.437111262249031	0.997171094799439	8.62980479840172	0.124772702686168	0.178707427109334	ITPR1	FALSE
ENSG00000276168.1	984.51748025969	-2.41996367534488	1.14146358280712	8.50194321823113	0.130656472468684	0.186872678202709	RN7SL1	FALSE
ENSG00000276664.1	9.30290318631552	-4.82218858010575	2.70379573936719	8.50088451051141	0.130706216739169	0.186872678202709	NA	FALSE
ENSG00000290037.1	13.7938172918121	0.060144321450898	1.57352319246492	8.489636879225	0.131235749359852	0.187462977085584	NA	FALSE
ENSG00000226645.1	7.04874693190983	6.27689877715219	3.45195128507527	8.48062931514026	0.131661211619069	0.187903700774283	BUD13-DT	FALSE
ENSG00000100376.12	889.453732505197	-1.97620545142669	0.862514581434588	8.47146654900325	0.132095277073472	0.188188927532862	FAM118A	FALSE
ENSG00000104327.7	2071.53837606431	3.49651442525947	1.25558514051022	8.47327252436025	0.13200962136693	0.188188927532862	CALB1	FALSE
ENSG00000165474.8	44.4172951026659	-2.08030710360834	1.26793771180088	8.46414649854464	0.132442972143489	0.188517144583337	GJB2	FALSE
ENSG00000116717.13	487.097678734043	-0.885338035887449	0.770481727020864	8.45394177545643	0.132929059173519	0.189041591231721	GADD45A	FALSE
ENSG00000128591.16	793.005006231309	-1.27485246723584	0.924460115733445	8.44758657313764	0.133232589509131	0.189305721787067	FLNC	FALSE
ENSG00000163536.13	3603.68079723958	0.556715265270562	0.84126732049729	8.41791101343301	0.134658179567066	0.191162274350067	SERPINI1	FALSE
ENSG00000198576.4	761.644916828972	1.09382660952798	0.956345147121235	8.40374700267444	0.13534342358086	0.191965473693241	ARC	FALSE
ENSG00000273802.3	32.0135978484815	-3.91789405603529	1.37502740344754	8.39211268307932	0.135908622171047	0.1925971391789	H2BC8	FALSE
ENSG00000197238.5	55.3545148523991	-3.86686864389333	1.67022055574913	8.38545454089993	0.136233028421505	0.192886763588862	H4C11	FALSE
ENSG00000237343.1	56.1310998140552	-0.648615220604083	0.900644582576741	8.36593964603202	0.137187861637726	0.19406768807379	NA	FALSE
ENSG00000082074.19	111.15717130865	-0.0983384096789635	1.08684037337163	8.35803720919881	0.137576219018548	0.194445896185406	FYB1	FALSE
ENSG00000182326.17	545.933753023995	-0.149360793176915	0.76241508953785	8.35002951183486	0.137970754048633	0.194832163230363	C1S	FALSE
ENSG00000204389.10	16057.9483133115	-3.3876234883657	1.24266069035515	8.33765626267518	0.138582370993042	0.195524030013888	HSPA1A	FALSE
ENSG00000204335.4	95.9509162487877	-0.310950256931324	1.18915405847812	8.32222260986754	0.139348668275113	0.196432727998339	SP5	FALSE
ENSG00000106927.12	23.510694911737	-3.61914705350538	1.85317687935602	8.31645590533478	0.13963596339289	0.196665199975788	AMBP	FALSE
ENSG00000148926.10	228.851257577052	-0.655418264933901	0.967502385394028	8.30227658572687	0.140344627428582	0.19737253656788	ADM	FALSE
ENSG00000253356.1	12.0829677506675	1.71261014079672	1.87006131289192	8.3014941401504	0.140383826569438	0.19737253656788	NA	FALSE
ENSG00000163273.4	45.1064659252054	-0.409133894654215	1.46095056785419	8.27916507519353	0.141506608889362	0.198777203221333	NPPC	FALSE
ENSG00000146904.9	56.2203318470692	-1.32988017360937	1.0524375989601	8.26939488663814	0.142000407818347	0.199296642239374	EPHA1	FALSE
ENSG00000105639.21	155.794448406598	-0.17625070758002	0.867423409267592	8.25875086284555	0.142540123944214	0.199879562982856	JAK3	FALSE
ENSG00000169220.18	294.426377240753	0.331851403593681	0.942061014676625	8.24224567561157	0.143380661238248	0.200882931656378	RGS14	FALSE
ENSG00000135083.17	417.855528551829	-1.2296914166887	0.833985519618587	8.18014118027583	0.146583158370327	0.205190884582853	CCNJL	FALSE
ENSG00000204388.7	10304.0952296471	-3.77408041388712	1.15108305016842	8.17222466256669	0.146995933405147	0.205589612691098	HSPA1B	FALSE
ENSG00000171004.19	517.869872083931	-1.34846054673336	0.915252770325616	8.15896358050679	0.147689700136213	0.206380302712082	HS6ST2	FALSE
ENSG00000119125.17	1851.02686910911	1.91970992695096	1.14059786257726	8.1253738143335	0.14946004567941	0.208672713646231	GDA	FALSE
ENSG00000091482.8	16.1250240750396	2.06472733592542	1.65305788792367	8.09020849229478	0.151333635294244	0.211105166595356	SMPX	FALSE
ENSG00000164935.6	5.40915017496913	1.57703879730993	2.94301735314062	8.07541978703709	0.152127784972275	0.211811536800349	DCSTAMP	FALSE
ENSG00000166592.12	137.352448925817	-0.337436307738569	1.17526267545221	8.07649432215931	0.152069958241946	0.211811536800349	RRAD	FALSE
ENSG00000265179.9	294.03575902291	-1.61143903726086	1.10112714344261	8.07342062233431	0.152235423151464	0.211811536800349	NA	FALSE
ENSG00000279322.1	110.218563247795	2.59045521313827	1.33728018363785	8.06984516422966	0.152428100123059	0.211896156485947	NA	FALSE
ENSG00000289615.2	28.3565521061661	-1.265107709911	1.32538561088381	8.06567061530797	0.152653335346421	0.212025851254709	NA	FALSE
ENSG00000250208.7	177.325253279158	0.713867173454236	0.933021437584136	8.05473606411084	0.153244703614445	0.212663418573759	FZD10-AS1	FALSE
ENSG00000250334.8	32.4304853392783	-3.36538426496484	1.90603636621639	8.02955590345491	0.15461424854894	0.214378858859488	LINC00989	FALSE
ENSG00000129226.14	188.567236183822	-0.393970366237844	0.883293994702934	8.01383362399565	0.155474875554289	0.215386314668743	CD68	FALSE
ENSG00000169271.3	49.2932612668099	2.67452812621221	1.52411839535618	8.00035145516733	0.156216259257904	0.216226984175239	HSPB3	FALSE
ENSG00000157005.4	1255.36772436185	-2.79474108492039	1.46553158057503	7.97701582265108	0.157506888023773	0.217825790924443	SST	FALSE
ENSG00000233117.4	16.5736941559815	0.0582779265637006	1.69832225988806	7.94080646622808	0.159528213482177	0.220431503925931	LINC00702	FALSE
ENSG00000134343.14	313.336708188989	-0.320048862452492	1.2536834423433	7.91895066237879	0.160759345931211	0.221751303786658	ANO3	FALSE
ENSG00000213714.1	13.3882161284141	-0.697663825151451	1.66899958536918	7.92027535244245	0.160684488155494	0.221751303786658	FAM209B	FALSE
ENSG00000159713.11	416.442038782233	1.69025931037674	1.17095583853317	7.91595480707235	0.160928754299454	0.221794603910139	TPPP3	FALSE
ENSG00000213928.10	1168.61290813109	0.798568004715321	0.864692109231104	7.89336383384511	0.162211303968202	0.223370664504628	IRF9	FALSE
ENSG00000166220.14	9.17202145451384	-3.30467680596127	2.67398735685017	7.85821821644346	0.164224548712342	0.225949357688984	TBATA	FALSE
ENSG00000162772.17	145.906472447151	-0.156699804836168	1.13810388156456	7.84240319915119	0.165137643286806	0.227011285510605	ATF3	FALSE
ENSG00000272379.1	464.44632618739	1.10380878719378	0.683073279361331	7.82824194263833	0.165959048585545	0.227945462458949	NA	FALSE
ENSG00000139329.5	139.885610785025	-1.25471679764862	1.12053544222384	7.81502742424601	0.166728781883743	0.228611904852538	LUM	FALSE
ENSG00000218227.3	301.444141443079	0.00656969744336942	0.831667066136916	7.8152811766887	0.166713971504332	0.228611904852538	NA	FALSE
ENSG00000069535.14	543.971702252403	0.880151416650992	0.837835324217533	7.80407058738916	0.167369387985416	0.229294634691018	MAOB	FALSE
ENSG00000125355.16	241.672614256021	-0.982804517322961	0.91175495851659	7.78147023854029	0.16869758905989	0.230720872867441	TMEM255A	FALSE
ENSG00000281383.1	65.9224458767284	-1.59710605456177	1.84747157951849	7.78166303129552	0.168686219743375	0.230720872867441	NA	FALSE
ENSG00000188452.15	148.997993773624	-0.0484822129515986	1.102201340232	7.77817762545578	0.168891864040893	0.230790157749757	CERKL	FALSE
ENSG00000285565.1	2314.19599960511	-2.29796087645888	0.899928811704361	7.74531739657323	0.170841519889383	0.233256008888902	NA	FALSE
ENSG00000138741.11	437.281027233645	-1.17594604480083	0.841556197262744	7.73880133256006	0.171230468407679	0.233588593150373	TRPC3	FALSE
ENSG00000181541.6	164.07372210995	-2.69231756626038	2.90185578699563	7.73312396437532	0.171569987742906	0.233853240290797	MAB21L2	FALSE
ENSG00000159761.15	162.70068513565	0.147242785656606	0.828768702679979	7.70435841540439	0.173299321685228	0.235810338652127	C16orf86	FALSE
ENSG00000167281.20	2930.32554733512	0.682486203110752	0.84872992487873	7.70474116786323	0.173276211364651	0.235810338652127	RBFOX3	FALSE
ENSG00000010318.22	133.416835561243	-1.11772240439287	0.972274791048451	7.64180802215355	0.177112522075337	0.240795112500057	PHF7	FALSE
ENSG00000232456.1	35.6529485843199	-0.558424459931423	1.14414980287212	7.63213911539916	0.177708459262994	0.241197207800364	FAM131C2P	FALSE
ENSG00000234511.10	13.3039580739427	0.315027443226516	2.05518802136599	7.63418608165958	0.17758214974642	0.241197207800364	C5orf58	FALSE
ENSG00000273108.1	670.589206855908	-1.30204871793457	0.924071770708993	7.61776641936922	0.178597548965146	0.242199376529105	NA	FALSE
ENSG00000187791.13	5.1831296248244	-2.37569644729813	2.84905410348979	7.61299579284884	0.178893515578921	0.242396188478353	SPATA31F3	FALSE
ENSG00000025423.11	123.204294948129	-0.748581065333508	1.03645917195911	7.58405533349145	0.180698154656034	0.244635159673333	HSD17B6	FALSE
ENSG00000167077.13	19.4282074962436	-0.394314916598156	1.19042831643516	7.57868394109812	0.18103483962881	0.244884669430553	MEI1	FALSE
ENSG00000138136.7	42.5814023819933	-3.2842795896078	2.17894297424136	7.57201329136299	0.181453724702342	0.245244857524528	LBX1	FALSE
ENSG00000128040.12	9.4478348754738	1.94568649397508	2.58299375258147	7.56302134762102	0.182019712561935	0.245803090829437	SPINK2	FALSE
ENSG00000184845.4	182.45975179085	-1.72949356487569	1.02820410922604	7.54284120523869	0.183295530267035	0.247318150410684	DRD1	FALSE
ENSG00000136859.10	640.549087132511	0.64112444691784	0.853330713133373	7.51941906401908	0.18478606513612	0.249120139826967	ANGPTL2	FALSE
ENSG00000187017.18	95.5041772889518	-0.244487640272777	1.24265068619869	7.51597552531314	0.185006091042981	0.249207701849179	ESPN	FALSE
ENSG00000011083.9	610.651753563038	1.2232359619447	1.04422866420639	7.46941729966755	0.18800336583192	0.253033005772107	SLC6A7	FALSE
ENSG00000117318.9	478.094206605863	-0.0461119656553957	0.680028431616069	7.42825907544312	0.190688002355375	0.256431480991705	ID3	FALSE
ENSG00000165553.5	267.529488014877	-1.47127502804204	0.996894682469614	7.40849248189033	0.191989083814808	0.257965265627422	NGB	FALSE
ENSG00000203772.8	1660.11378736126	-0.82080913405219	0.91321556609227	7.39061222024361	0.193172612605	0.259338670389503	SPRN	FALSE
ENSG00000272114.1	22.2980144658053	-4.86044485656091	1.55590107980822	7.33684152426841	0.196769866975948	0.26394755945772	NA	FALSE
ENSG00000236494.3	111.523586122611	2.8750632892546	1.25443443375635	7.32429569332305	0.197617449819693	0.264863421067763	NA	FALSE
ENSG00000090382.7	21.7057672364339	-0.107615128945263	1.43167063064248	7.28446860061493	0.20032900158867	0.26827392129416	LYZ	FALSE
ENSG00000176058.13	1212.86105110437	0.697264290049066	0.79132638897738	7.2648684274011	0.201675155569076	0.269851769358456	TPRN	FALSE
ENSG00000180638.19	34.1381898439337	-2.34099893108937	1.41170980519011	7.24879020262577	0.202785217157072	0.271047582372264	SLC47A2	FALSE
ENSG00000244731.10	508.973578992988	-0.586150522640131	0.900073781224476	7.24704264483398	0.202906186430512	0.271047582372264	C4A	FALSE
ENSG00000177508.12	100.230577313453	-3.22602899828299	1.37457740074806	7.23061888404709	0.204046100745723	0.272343923503635	IRX3	FALSE
ENSG00000250385.2	20.9468843908514	2.28299027921336	1.8214901071145	7.20750419066447	0.20565971349274	0.274269841977455	NA	FALSE
ENSG00000151812.15	130.024278190093	0.90036155386804	0.933576896535343	7.17547074668141	0.207914004156827	0.277046272537331	SLC35F4	FALSE
ENSG00000065717.15	2306.95314956408	-1.0507237790816	0.750048782923524	7.13033000091627	0.211126556780697	0.281093932681508	TLE2	FALSE
ENSG00000122176.12	60.0518396240305	0.659180057890529	1.27483813678227	7.09577363496612	0.213614396647734	0.284170807461017	FMOD	FALSE
ENSG00000010379.16	93.6042458148642	0.574916165182861	1.0256235474516	7.09212191863725	0.213878751113165	0.284287140644215	SLC6A13	FALSE
ENSG00000136160.17	1054.55636774427	-2.1727529578919	0.801789320704907	7.07624841125551	0.215031104135672	0.285582631690929	EDNRB	FALSE
ENSG00000225338.1	5.29430255057658	-3.1425007103446	2.10379198692767	7.06433430225992	0.21589948895184	0.286499156685059	RPL23AP18	FALSE
ENSG00000230202.1	754.314977093138	-2.38231751619559	1.19660421800914	7.05019112339193	0.21693421488868	0.28755631651525	RPL29P4	FALSE
ENSG00000258177.1	17.9306439106949	3.12242526602443	1.98738012566295	7.04855725569091	0.217054021115742	0.28755631651525	NA	FALSE
ENSG00000167244.22	983.108520070497	-1.74927450552464	1.22470601101941	6.98148597391264	0.222020865276036	0.293894176687471	IGF2	FALSE
ENSG00000213058.3	137.545644817047	2.67528884033379	1.69350689155934	6.97447142681597	0.22254583484405	0.294346630941883	NA	FALSE
ENSG00000179580.10	6.91871549786624	-0.339153117832844	2.63254322076321	6.95786584056306	0.22379278745918	0.295752474874097	RNF151	FALSE
ENSG00000204711.9	13.8661602352962	3.40426405706414	1.8279349446212	6.93704331985299	0.225364743814213	0.297585162949417	CFAP95	FALSE
ENSG00000213088.12	1140.03074474005	0.94919821593052	0.880135013051271	6.91644432254748	0.226928991957509	0.29940467165494	ACKR1	FALSE
ENSG00000122585.8	781.9130613523	-2.80873652982872	1.488566675065	6.90118783152207	0.228093436396651	0.300694136414617	NPY	FALSE
ENSG00000283217.1	4.15820684004096	-3.91958022525714	2.68422296780083	6.8563781548529	0.231542657406972	0.304991024961479	NA	FALSE
ENSG00000271644.1	6.37204807510513	-6.97478766641285	2.88001416437438	6.84672800098512	0.232291190182137	0.305726406734394	NA	FALSE
ENSG00000235288.3	149.985660685293	0.0301787985466613	1.73180736810158	6.83272687124088	0.233380828352759	0.306909158071099	NA	FALSE
ENSG00000069482.7	13.5950299633427	-0.452206876804016	1.80972579416136	6.78279474203902	0.237301774894875	0.311810263496373	GAL	FALSE
ENSG00000260186.5	4.43730434710421	-1.60683921474293	1.73804877022966	6.76989108551192	0.238323962560668	0.312897555420746	LINC02137	FALSE
ENSG00000265972.6	5013.29443030565	-1.6977422450852	0.828809060177404	6.74521604662783	0.240288893448239	0.315219797364342	TXNIP	FALSE
ENSG00000123171.8	11.2066111408217	-1.30306712868643	2.65694903608857	6.71014185258333	0.243105190418315	0.318654193313403	CCDC70	FALSE
ENSG00000278771.1	8.31100759482844	-0.156256462801315	1.97560319727904	6.70325476716141	0.243661410212334	0.319122971647286	RN7SL3	FALSE
ENSG00000222041.13	67.8133214067038	1.01651072663358	1.05863506324817	6.69023557183272	0.244715770421848	0.320141895972054	CYTOR	FALSE
ENSG00000261040.9	5.90728311067904	-1.38389922155412	2.28547581762835	6.6887314217696	0.244837828344527	0.320141895972054	WFDC21P	FALSE
ENSG00000147488.13	1150.59325353418	-2.10416177661207	1.20439052739826	6.65572822720293	0.247528717557014	0.322731878513823	ST18	FALSE
ENSG00000165272.16	50.1150591629873	0.169066471023321	1.13615068011362	6.65459061425855	0.247621908032074	0.322731878513823	AQP3	FALSE
ENSG00000170345.10	2081.57821150277	-0.294239376576781	0.970562655255275	6.65551154192428	0.247546465641569	0.322731878513823	FOS	FALSE
ENSG00000180573.10	372.960717881139	0.892064032516979	0.884927479104547	6.65687240080518	0.247435019011462	0.322731878513823	H2AC6	FALSE
ENSG00000286488.1	75.9438359749958	-0.267714850234628	1.35960449940777	6.62303301132192	0.250218653770445	0.325852006976585	NA	FALSE
ENSG00000000938.13	104.583273233242	0.264864791002142	0.877330124127911	6.57804881832732	0.253959158867333	0.330069614173809	FGR	FALSE
ENSG00000168267.7	12.0549090671892	-3.83825049067332	1.77756055459247	6.57785747819312	0.253975167221054	0.330069614173809	PTF1A	FALSE
ENSG00000181656.7	209.161686757561	-1.06056199137221	0.94621600386151	6.57668238539532	0.254073498900437	0.330069614173809	GPR88	FALSE
ENSG00000276991.1	220.930544732453	-4.27755524778895	2.51291583405457	6.57118578469061	0.254533871418786	0.330400590767358	NA	FALSE
ENSG00000107593.17	15.3428374064824	2.21045224045207	1.85162223527507	6.5661790111279	0.254953816902965	0.330678598678825	PKD2L1	FALSE
ENSG00000112096.19	3840.72750691554	-1.28330167900145	0.807445130654658	6.53187661175474	0.257846334838835	0.334160532327425	NA	FALSE
ENSG00000177989.14	52.6293671491275	-1.21855377033858	1.14617283871473	6.51158681982415	0.25956992906459	0.336050830721127	CIMAP1B	FALSE
ENSG00000289692.1	18.3595351301424	1.62829317513479	2.41216085011622	6.50978828336801	0.259723168485152	0.336050830721127	NA	FALSE
ENSG00000166394.15	163.636936899203	1.66638681892947	1.07001494046111	6.50359616520296	0.260251319604853	0.336463290913113	CYB5R2	FALSE
ENSG00000165168.9	207.341254701062	0.36720358477588	0.861451978843679	6.4945861636466	0.261021394490077	0.3371876052617	CYBB	FALSE
ENSG00000152760.10	82.4216738178349	-1.03668135821656	1.11341709509368	6.48943692934307	0.26146233298194	0.337215063484733	DYNLT5	FALSE
ENSG00000223561.8	75.1410933353473	1.65259947511261	1.36643641954005	6.49050475834773	0.261370842612566	0.337215063484733	LINC03007	FALSE
ENSG00000129455.16	10.3919937269607	3.34931648820969	2.50984145194	6.47183415920854	0.262974306910593	0.3388931124341	KLK8	FALSE
ENSG00000147571.5	198.024375800494	1.48452861402023	1.56472035179676	6.46728616131827	0.263366115609331	0.339126079955285	CRH	FALSE
ENSG00000134115.13	369.43245972858	1.76801893870407	0.958794966320813	6.44909378472636	0.264938166324174	0.340877208393073	CNTN6	FALSE
ENSG00000008118.10	390.558371803309	0.652354932023496	0.822659117813462	6.43023684104338	0.266575735785592	0.342709765925957	CAMK1G	FALSE
ENSG00000118271.12	87.7944810148221	-0.484588809307568	1.61168275294185	6.40046481663842	0.269178007335971	0.345778623332458	TTR	FALSE
ENSG00000170743.17	481.206373367809	1.52505323681636	0.854198040836293	6.39148466268313	0.269966984593218	0.346309261541833	SYT9	FALSE
ENSG00000289502.1	85.6058725038688	0.542839770538659	1.27590603555895	6.39085820784078	0.27002209378464	0.346309261541833	NA	FALSE
ENSG00000163623.10	34.4814364526609	0.517641104931798	1.50890288788151	6.35983128394133	0.272763005826994	0.349545574452934	NKX6-1	FALSE
ENSG00000077150.21	192.394260837257	-1.1437103332814	0.807191019840067	6.33005193334469	0.275414919797386	0.352662769812271	NFKB2	FALSE
ENSG00000141526.18	201.360867407614	-1.22282208302466	0.917528118336385	6.30447634325361	0.277709123207555	0.355317325632597	SLC16A3	FALSE
ENSG00000083857.15	2079.83594968951	-0.491435204216403	0.65604269629583	6.2961250879037	0.278461593942223	0.355807752782139	FAT1	FALSE
ENSG00000186493.14	30.4356861442573	-3.63394538610046	1.90279270997942	6.29530855751963	0.278535253889192	0.355807752782139	IRX2-DT	FALSE
ENSG00000104635.15	612.898148937856	-0.891179411920267	0.660590165605912	6.28583623567113	0.279390911689976	0.356617311426363	SLC39A14	FALSE
ENSG00000111348.9	452.920913039621	1.2428940499808	0.742215145553906	6.26737437578646	0.281064713957129	0.35846904391199	ARHGDIB	FALSE
ENSG00000197261.12	100.271447533738	-0.935986438341474	1.52575848646206	6.25223078009145	0.282443700525562	0.359942130645978	C6orf141	FALSE
ENSG00000229344.1	45.0234049181498	2.29758967784727	1.11144895011012	6.23555339224492	0.283968652368936	0.361598751471379	MTCO2P12	FALSE
ENSG00000252835.1	2.34472053803804	-5.73928793330613	3.64102192481966	6.22900240639055	0.284569471509807	0.362076912681124	SCARNA21	FALSE
ENSG00000147588.7	1277.06116559379	0.291644270972209	1.10385350742572	6.21822920865088	0.285559748443849	0.363049458662394	PMP2	FALSE
ENSG00000254429.1	31.1719960256841	4.56770544607275	2.17653688464003	6.20872074663632	0.286436067014608	0.363875699361641	NA	FALSE
ENSG00000102924.12	5621.83189615133	0.137793534164998	0.988882130408699	6.17348056899664	0.289702689028187	0.367734771933884	CBLN1	FALSE
ENSG00000230583.9	25.3585451004421	3.74476206588035	1.81026481245426	6.14895454848164	0.291993686486796	0.370350319008904	GTF2IRD1P1	FALSE
ENSG00000173786.17	4981.52999619515	1.24668001967476	0.773471634499858	6.12827408776735	0.293936681017235	0.372213502525926	CNP	FALSE
ENSG00000236764.4	5.22967998948606	-1.66994161255292	2.18172966002944	6.12593037609732	0.294157528443016	0.372213502525926	COX7A2P2	FALSE
ENSG00000277947.1	26.446886744262	-1.91722784367103	2.3551201263894	6.12650381486412	0.294103481231075	0.372213502525926	SNORD3D	FALSE
ENSG00000238741.1	16.8654108941086	-2.28226748046889	1.29577589456448	6.0962215772449	0.296968442290069	0.37547465520074	SCARNA7	FALSE
ENSG00000214694.13	270.270419671225	-0.246589668744444	0.798767116242093	6.07802159580393	0.298700954109278	0.377368265136486	ARHGEF33	FALSE
ENSG00000228252.9	48.6077617650215	0.85989723183342	1.00254738178244	6.06787251186225	0.29967055106696	0.377702412207534	COL6A4P2	FALSE
ENSG00000267458.1	31.4739728401591	1.42067653002174	1.08674613119425	6.07111793996876	0.299360226950572	0.377702412207534	NA	FALSE
ENSG00000283268.1	4.899306657282	-2.48626952790853	2.67865805409542	6.07007183920727	0.299460226093216	0.377702412207534	TEX54	FALSE
ENSG00000105251.11	316.896516373706	0.239316622752334	0.765734981162591	6.04013224394424	0.302333444251	0.380760066544951	SHD	FALSE
ENSG00000274461.2	190.696513575484	0.0861688154575674	1.03257667544606	6.03729937422514	0.302606431163724	0.380805430603057	LINC02930	FALSE
ENSG00000198785.7	810.589994755933	-1.62682635529373	1.15701998374842	6.02469942003717	0.303822972551041	0.382037180664729	GRIN3A	FALSE
ENSG00000243679.1	22.4905377636251	-5.16553135922277	2.85874011092183	6.00438769842964	0.305792210417324	0.384212730367975	NA	FALSE
ENSG00000124920.14	645.246177387391	1.96974835102321	1.03790720569906	5.9768407984829	0.30847893717965	0.386681475856238	MYRF	FALSE
ENSG00000259112.2	27.1874458462775	-0.152598993991695	1.6384599334187	5.98007457434159	0.308162580595661	0.386681475856238	NDUFC2-KCTD14	FALSE
ENSG00000276269.1	4.87192860911078	3.1053566626302	2.64952313436055	5.97888268382674	0.308279152224723	0.386681475856238	NA	FALSE
ENSG00000260465.1	524.516658366928	2.13968368709295	1.04646332608626	5.96467278754051	0.309671604072591	0.387873942123658	NA	FALSE
ENSG00000125931.11	169.123353197748	-0.190990608094505	0.862833664873026	5.93461187779008	0.312633563554982	0.391278922611259	CITED1	FALSE
ENSG00000269897.5	40.1419401111821	-3.08566512204765	1.96834286852615	5.89908307052357	0.316162780089458	0.395388005917322	COMMD3-BMI1	FALSE
ENSG00000145708.11	151.067668860893	1.56624820682765	1.28952185406709	5.88777662804216	0.317292380845548	0.396492111989732	CRHBP	FALSE
ENSG00000125492.10	359.555583720619	-2.31027630331727	1.50095077500891	5.88282806478634	0.317787767093344	0.396802596518262	BARHL1	FALSE
ENSG00000264558.1	7.4694328899236	0.10613017538254	3.37684726540038	5.8793967173056	0.318131622140683	0.396923537872731	NA	FALSE
ENSG00000278050.1	2.38298721610027	-2.45327860664635	2.84228543766324	5.86658886604235	0.319417649345952	0.3982189003095	NA	FALSE
ENSG00000237973.1	3646.1102637499	0.556064808588162	1.27441573861948	5.84873850942097	0.321216714704162	0.400151364751618	MTCO1P12	FALSE
ENSG00000259001.3	12.2815486940186	-4.84431473774276	2.74297160499155	5.81910329508051	0.324220840384748	0.403580860184577	NA	FALSE
ENSG00000008196.13	227.91643404915	-2.02244632902071	1.40345623268438	5.80007532449781	0.326161115140631	0.405681820457426	TFAP2B	FALSE
ENSG00000198019.14	57.198738786288	0.397122710251239	0.947204301386669	5.79653833224768	0.326522765067956	0.405817543282448	FCGR1BP	FALSE
ENSG00000165588.19	197.04117592897	-2.4011297715629	1.37817199334375	5.78651819146398	0.327548979329456	0.406778369229085	OTX2	FALSE
ENSG00000196900.5	4.80430983640801	-2.55365690015263	3.56583767549454	5.75732123296348	0.330553329845087	0.410192433251779	SPMIP10	FALSE
ENSG00000185519.9	410.403567168547	-0.426124910122098	0.924334685402366	5.71657645806334	0.334781183314906	0.415118334557911	FAM131C	FALSE
ENSG00000130768.15	25.3234429907908	-0.255312285811688	1.20662760254775	5.70807647274799	0.335668360977371	0.415897498913365	SMPDL3B	FALSE
ENSG00000172073.4	7.57364191894793	-1.41788360306662	2.27650034901496	5.67530061926648	0.33910607886503	0.419833180844456	SPMIP9	FALSE
ENSG00000282416.1	47.1385387110738	-1.93167743667092	1.20521222741106	5.62997930345998	0.343903561789366	0.425444975978069	NA	FALSE
ENSG00000074370.18	431.779392956848	-0.550611791750525	0.950575615027805	5.59382453329346	0.34776732640215	0.429893918098658	ATP2A3	FALSE
ENSG00000202532.1	2.08399973577096	-4.36447839162944	3.32490640920475	5.55019337751384	0.352473381815496	0.435376421658341	RNU6-395P	FALSE
ENSG00000165983.15	873.608305791527	-1.11817835024213	1.26326117117427	5.53869957713681	0.353720990842418	0.436581898835458	PTER	FALSE
ENSG00000172137.19	1533.56886072015	1.13996066162353	0.970143003045152	5.46001200122299	0.362350637147954	0.446547142558866	CALB2	FALSE
ENSG00000182463.16	285.413012496091	-2.11099418452699	1.04111827738546	5.46091871485856	0.362250319242587	0.446547142558866	TSHZ2	FALSE
ENSG00000145832.16	125.677571919433	0.496874167847469	1.24930547335603	5.44868824942296	0.363605212039211	0.447749866472807	SLC25A48	FALSE
ENSG00000186815.13	1704.81635815941	-0.550483461233017	0.660334802682635	5.43798947734911	0.364793481093556	0.448869160886175	TPCN1	FALSE
ENSG00000288725.1	86.2527418176446	-13.3913003857152	5.72776942557306	5.41061027260452	0.367847371240893	0.451934805492443	NA	FALSE
ENSG00000290018.1	1423.73217729538	-1.05210448668188	1.47666939443898	5.41087940108099	0.367817261589196	0.451934805492443	NA	FALSE
ENSG00000198121.15	606.372024326591	2.03145813095023	1.04568210807318	5.38433266244778	0.370795959588535	0.455209401878362	LPAR1	FALSE
ENSG00000135406.14	86.2207540355359	-2.05781699198617	1.34796582376311	5.37092565300753	0.372306977654654	0.456715506176358	PRPH	FALSE
ENSG00000103528.17	746.466084406243	0.0214213418621486	1.09617025391189	5.33881297243238	0.375944398186702	0.460825818372258	SYT17	FALSE
ENSG00000165548.11	2472.70310501987	-1.39498701006906	0.990707403324418	5.33162692992926	0.376761881297	0.461475871375213	TMEM63C	FALSE
ENSG00000275215.1	88.1134351522176	-2.00583332618179	1.16337482147582	5.31647584432199	0.37848967875098	0.46218306516172	RNA5-8SN3	FALSE
ENSG00000277739.1	88.1134351522176	-2.00583332618179	1.16337482147582	5.31647584432199	0.37848967875098	0.46218306516172	NA	FALSE
ENSG00000278189.1	88.1134351522176	-2.00583332618179	1.16337482147582	5.31647584432199	0.37848967875098	0.46218306516172	RNA5-8SN1	FALSE
ENSG00000278233.1	88.1134351522176	-2.00583332618179	1.16337482147582	5.31647584432199	0.37848967875098	0.46218306516172	RNA5-8SN2	FALSE
ENSG00000149380.12	54.5071272635905	-0.427626894655	1.0779602959529	5.30332232276231	0.379994310767504	0.463668076995732	P4HA3	FALSE
ENSG00000103888.17	424.946339791953	1.35021457825045	0.866638792976842	5.2886937053791	0.381672734025786	0.46536273412704	CEMIP	FALSE
ENSG00000247774.9	37.6582881914563	1.20445840048498	0.981159870893085	5.27187736215853	0.38360874142916	0.467368648579728	PCED1B-AS1	FALSE
ENSG00000158714.11	65.1572352783438	-2.03437361946672	1.80080907140068	5.25027482016827	0.3861060793878	0.470054901194087	SLAMF8	FALSE
ENSG00000029534.21	895.903016515268	0.0557849582350081	0.818264335383936	5.24331953268899	0.386912604273408	0.470680208226621	ANK1	FALSE
ENSG00000116741.8	732.095212242574	-0.656902897401764	0.606789764824584	5.23892604707839	0.387422685294604	0.470944217298358	RGS2	FALSE
ENSG00000107438.9	258.109068192826	-0.0574919176286118	0.677396913638898	5.23175506221077	0.388256261401719	0.47160076498304	PDLIM1	FALSE
ENSG00000196187.12	322.956202289981	1.6259652776792	0.980713315984872	5.21174716091673	0.39058878304179	0.474075660383804	TMEM63A	FALSE
ENSG00000006128.12	472.708506481796	-0.525077055094485	1.30538643106713	5.20589018224149	0.39127346786761	0.474548273859055	TAC1	FALSE
ENSG00000143452.16	7.4519053346645	0.578338375455795	2.9487830865066	5.20209841702227	0.39171718118245	0.474728137375714	HORMAD1	FALSE
ENSG00000108515.18	147.769776906028	-0.075266178319622	0.804034364192254	5.14800444520807	0.398086029701994	0.481438423015658	ENO3	FALSE
ENSG00000124196.6	9.74469476110972	2.49816565947539	3.79458922020347	5.15158169827714	0.397662620995619	0.481438423015658	GTSF1L	FALSE
ENSG00000158874.11	20.1810816057356	-0.934483408598006	1.98545454772509	5.1474399645455	0.39815287130542	0.481438423015658	APOA2	FALSE
ENSG00000152977.10	7108.20660883954	-0.451437086344139	0.833786000474875	5.11670911972595	0.401803659867814	0.485487580005697	ZIC1	FALSE
ENSG00000173838.12	40.9552494702801	0.153633121483761	1.37829361579484	5.1023351996609	0.403519258818436	0.487194176499795	MARCHF10	FALSE
ENSG00000236548.3	134.056536858807	1.55950973800451	1.12271538155687	5.06509143858403	0.407988144006016	0.492219930493745	RNF217-AS1	FALSE
ENSG00000120738.8	1455.15581567015	1.05394347576895	0.956705798575426	5.0587995493841	0.40874647457614	0.492764879702819	EGR1	FALSE
ENSG00000138207.15	342.962371552699	0.723814299706593	1.05715313477466	5.04029689898738	0.410982135654831	0.495088674660655	RBP4	FALSE
ENSG00000179344.17	10.2274645572224	-1.35628375735627	2.32354757717754	5.03304284732778	0.41186092685698	0.49577566251623	HLA-DQB1	FALSE
ENSG00000043355.12	3303.51827253583	-0.426728887721622	0.91801327351242	5.01973986158799	0.41347586284112	0.497347089510239	ZIC2	FALSE
ENSG00000285723.1	27.7717782035966	-1.42251331483033	1.09064724688451	4.98140410221831	0.418153876290236	0.502597815406439	NA	FALSE
ENSG00000166923.12	222.52507093417	0.279964590278885	1.36348772605065	4.97760594092097	0.418619307707009	0.502660425398645	GREM1	FALSE
ENSG00000168209.6	1878.33213912509	-1.1464341911215	0.779286124270322	4.97527405140374	0.41890523441367	0.502660425398645	DDIT4	FALSE
ENSG00000288841.1	18.8704120458421	2.47921934099755	5.87279573694814	4.9733247629304	0.419144349741247	0.502660425398645	NA	FALSE
ENSG00000241131.2	29.3493873294758	2.83498461061946	1.60909540878941	4.96185569418762	0.420553109863183	0.503973786390854	LINC02032	FALSE
ENSG00000105143.13	2417.60834838902	-1.21761519807216	0.945854262651695	4.9539328891882	0.421528145706104	0.504765819783688	SLC1A6	FALSE
ENSG00000170788.14	7.22635244161965	-1.25656570335366	2.61570656616124	4.92790640226302	0.424741870616861	0.507857281310488	DYDC1	FALSE
ENSG00000268643.2	22.8841651826981	-3.96395706607808	4.24209915388271	4.93021493662481	0.424456151385697	0.507857281310488	NA	FALSE
ENSG00000174963.18	2334.69406203246	-0.461485875676007	0.958296142767998	4.89292584874045	0.429087063716782	0.51229042451179	ZIC4	FALSE
ENSG00000260878.1	147.501708185341	0.898726788225343	1.14826247292019	4.89468336738997	0.428868044348616	0.51229042451179	NA	FALSE
ENSG00000140403.13	3115.8746611488	-1.24801662660092	0.687597935040497	4.87516141587679	0.43130501863608	0.514528947407892	DNAJA4	FALSE
ENSG00000289609.2	8.08352200693994	-1.91569487897663	1.76741439025175	4.87278436978218	0.431602377788325	0.514528947407892	NA	FALSE
ENSG00000258498.10	97.118088615881	0.868427680179576	1.00085198103849	4.86149233138565	0.433016822476655	0.515832493491464	DIO3OS	FALSE
ENSG00000176769.9	456.318217739186	1.78407149600284	0.997625354794356	4.84632066720053	0.434922049024255	0.517718320579243	TCERG1L	FALSE
ENSG00000075429.9	463.230378260619	-0.869451386904345	0.987167177503223	4.83834227541905	0.435926172200585	0.518145975389305	CACNG5	FALSE
ENSG00000288931.1	14.5349351215011	5.1325859526336	2.48135024887677	4.83870327287624	0.435880705832089	0.518145975389305	NA	FALSE
ENSG00000181195.11	1288.04951840406	-2.60768221384491	1.23809101401057	4.82450682634385	0.437671046977702	0.519490189657956	PENK	FALSE
ENSG00000272418.1	20.3577663886185	9.5550765890633	3.98789829580329	4.82424889560193	0.437703619662024	0.519490189657956	NA	FALSE
ENSG00000250722.6	1125.5304185478	0.708904478049607	0.763320014400449	4.79171790423482	0.441824496675955	0.523994070965505	SELENOP	FALSE
ENSG00000237749.4	12.0474718005703	-1.16245501730226	1.29786251618944	4.78861062181349	0.442219430372371	0.524075681864602	RPS27P9	FALSE
ENSG00000231359.3	38.5982362042246	-2.01395744687003	1.25119361805959	4.77658775553525	0.443749687840125	0.525501656860044	RPL31P34	FALSE
ENSG00000253161.7	7.40409581775217	-0.64337235165689	1.89695367831186	4.76898689256974	0.444718885163149	0.526261596802047	LINC01605	FALSE
ENSG00000227877.7	137.159465086142	0.435548812274967	1.40665824534027	4.75740035470702	0.446198931864312	0.527624491174356	MRLN	FALSE
ENSG00000256464.1	7.87435364413885	-2.41560697361472	1.72630402086473	4.72214129850184	0.450722348672931	0.532581481115736	YWHABP2	FALSE
ENSG00000276965.1	11.3743460543275	-6.21024959018808	5.05052045832126	4.70532271435876	0.452890309839289	0.534749983770564	NA	FALSE
ENSG00000254452.1	59.2543944321443	6.78456666376624	2.87251115897722	4.70162145669161	0.453368301139853	0.534921336220076	NA	FALSE
ENSG00000122012.14	490.296711657944	-0.75104492759677	1.18688255212906	4.69354512775618	0.454412413533708	0.53575990355735	SV2C	FALSE
ENSG00000184557.4	238.999591979582	0.896540667529722	1.22434795657463	4.68938565663501	0.454950746434331	0.536001355953057	SOCS3	FALSE
ENSG00000289653.1	2.10950944088381	-6.46607036097625	5.85483657337404	4.68217541360057	0.455884876352833	0.536708422197071	NA	FALSE
ENSG00000271824.2	56.929727542436	-0.642881530501547	1.72688711027118	4.6576188785387	0.459075394280591	0.540068930167577	SMIM32	FALSE
ENSG00000120694.20	6869.02362772824	-1.28342699028923	0.862671652491911	4.62400205012045	0.463465715764605	0.544834970909817	HSPH1	FALSE
ENSG00000253861.1	134.367682014131	-30	5.78760084497486	4.6168087995072	0.46440852928756	0.545544229945255	SLC2A3P1	FALSE
ENSG00000277268.2	552.752795796118	-1.27319482189443	1.17371145048472	4.60169031233588	0.46639396802344	0.547476337920868	LHX1-DT	FALSE
ENSG00000143847.16	5378.48576395912	-0.859880378786838	0.8928658925426	4.58234117936843	0.468942625923298	0.549722892654671	PPFIA4	FALSE
ENSG00000180440.4	340.691599887303	-0.948983349501688	1.48244040927111	4.5793753064815	0.469334044008841	0.549722892654671	SERTM1	FALSE
ENSG00000287845.1	75.9490294833787	-1.79072270862673	1.58284548703244	4.58168436134915	0.469029291549904	0.549722892654671	NA	FALSE
ENSG00000277081.1	6.87429018568828	-2.94340293451984	2.01536198198464	4.56930009042065	0.470665205134422	0.550880542353253	NA	FALSE
ENSG00000152822.14	1096.54921627374	-0.596871320801237	0.884547968407649	4.55282404697164	0.472847022825124	0.55303141606985	GRM1	FALSE
ENSG00000215187.13	25.8167457759463	-0.00140603281054676	1.33221524808674	4.54982572599238	0.473244732396069	0.553094025425806	CIMIP2B	FALSE
ENSG00000250579.3	253.429567407233	0.126352408567034	1.08838706473216	4.53898028130067	0.474685011849421	0.554374138111932	ADAMTS16-DT	FALSE
ENSG00000277209.1	69.7656437337044	-2.34276226773248	1.39173460042147	4.53369347288401	0.475388063565288	0.554792024799867	RPPH1	FALSE
ENSG00000132702.13	239.271413715063	1.1727349394442	0.942112686294758	4.48638576326744	0.481707040317958	0.561758500573991	HAPLN2	FALSE
ENSG00000214975.4	10.5337061591346	-1.83204941270422	1.82012630749494	4.42650959119811	0.489776000481485	0.570754193454493	PPIAP29	FALSE
ENSG00000135063.20	495.919728887547	-0.42933957481218	0.805641848912621	4.40747381211526	0.492357734191083	0.573347013655849	ENTREP1	FALSE
ENSG00000227077.3	2.82012724383809	-2.99788323041104	2.51803529448203	4.39891018492055	0.49352174479169	0.573870798755605	NA	FALSE
ENSG00000237039.1	2.82012724383809	-2.99788323041104	2.51803529448203	4.39891018492055	0.49352174479169	0.573870798755605	RPS28P4	FALSE
ENSG00000197467.17	462.712380276933	-1.23403616906497	1.07181990001001	4.39559631065788	0.493972608868591	0.573979741469144	COL13A1	FALSE
ENSG00000230313.1	8.97220772565833	-4.76780794621159	2.48018352929193	4.3669529991715	0.497879490571783	0.578101402708711	HCG24	FALSE
ENSG00000260570.1	48.7623673631007	4.70714032038321	2.38699246676184	4.3630942218027	0.498407164432671	0.578296255049316	NA	FALSE
ENSG00000011426.11	606.876179188153	0.940412433336531	1.09011748222624	4.31056973889542	0.505621155450628	0.586243287741096	ANLN	FALSE
ENSG00000178172.7	18.7782568913825	2.03421695878975	2.90003675998174	4.30383239617058	0.506550706605059	0.586897610320353	SPINK6	FALSE
ENSG00000104783.15	17.3819618362039	0.217446041241584	1.27402577762156	4.29303109184752	0.508042942040784	0.588202455230216	KCNN4	FALSE
ENSG00000100146.20	700.984089428497	1.55222848205644	0.840922780918	4.2852116172449	0.509124744469854	0.589030571895648	SOX10	FALSE
ENSG00000202198.1	14.284792292586	-25.1460095414256	5.86734491842835	4.26916071135046	0.511349314779735	0.590647180260647	NA	FALSE
ENSG00000273313.1	15.596670122896	-0.406986545534402	1.86240988111708	4.26982574444571	0.511257038965111	0.590647180260647	RBAKDN	FALSE
ENSG00000284746.1	4.88986177931382	6.10264314575699	4.93715912850009	4.26717647745397	0.511624688813205	0.590647180260647	NA	FALSE
ENSG00000137843.12	1875.73177626868	-0.712382296319393	1.05256191570012	4.25439738090546	0.513400126287035	0.592212686703352	PAK6	FALSE
ENSG00000152154.11	2690.5410108713	0.226229346244038	0.869686053180918	4.25211348393486	0.513717787967936	0.592212686703352	TMEM178A	FALSE
ENSG00000072182.14	372.803115284838	0.381209991993185	0.978711037677411	4.21905525872688	0.518327689596114	0.597098635972011	ASIC4	FALSE
ENSG00000162595.8	175.661101687476	-1.91876522480811	1.06221450608476	4.16738292158493	0.525577374779448	0.605016361941671	DIRAS3	FALSE
ENSG00000123572.17	330.138019294011	-1.7649813222395	1.44547099923899	4.1561907001738	0.527154637987535	0.606397640118803	NRK	FALSE
ENSG00000143171.13	122.673370382216	0.219429634502645	1.30515891106508	4.15145620589698	0.527822586717569	0.606731685876347	RXRG	FALSE
ENSG00000111331.14	471.925420994925	-0.764796906795971	1.06314945497337	4.09664397025682	0.535587244880559	0.615217085434638	OAS3	FALSE
ENSG00000206814.1	1.45264978532233	-1.47846453279391	3.21802004976933	4.05451568599321	0.541594048494245	0.621672597093037	NA	FALSE
ENSG00000196569.14	649.882418561362	0.374327374436097	0.70941866864197	4.03748432943013	0.544031852236896	0.623580018933447	LAMA2	FALSE
ENSG00000250366.4	1020.99378517721	-0.700700535089661	1.04197179199008	4.03779506682383	0.54398732647578	0.623580018933447	TUNAR	FALSE
ENSG00000171956.7	39.5035984304918	-2.60508807909921	2.24948235632524	4.02923847650868	0.545214054288322	0.624044861283001	FOXB1	FALSE
ENSG00000285283.1	31.7931375047262	-3.18925120166325	2.60900511939308	4.03165768186079	0.544867085144999	0.624044861283001	NA	FALSE
ENSG00000238622.1	2.20443482780358	-6.00432705172726	4.34027847917122	4.02467388276445	0.545869012881982	0.624349824698466	SNORD97	FALSE
ENSG00000279528.1	27.3487356285337	3.07167462941601	2.62724283671064	4.01763460870552	0.546879801085552	0.625061052876587	NA	FALSE
ENSG00000263218.2	10.1397278175406	-0.0355250085799778	2.32023340399066	4.00510578870779	0.548681075605381	0.626674121178285	NA	FALSE
ENSG00000273367.1	49.5983485661765	1.02725765187196	1.07526779310209	3.96937613772039	0.553833434525946	0.632109608865905	NA	FALSE
ENSG00000171951.5	4828.30677764984	-1.2847133144106	1.32602186623453	3.92983863761856	0.559561134338644	0.638193571953301	SCG2	FALSE
ENSG00000151655.19	146.776630586496	-0.486348655281593	1.36655982557415	3.92042995401698	0.560928130325215	0.639298940023135	ITIH2	FALSE
ENSG00000256955.2	10.6375858640166	-1.99136950264984	1.67948799379086	3.88865944619488	0.56555519857642	0.644115665565065	NA	FALSE
ENSG00000010327.10	840.067572177229	-0.186525085131614	0.7426976595526	3.87490809738023	0.567563191542593	0.645944793774042	STAB1	FALSE
ENSG00000281000.1	8.74322620952827	2.29153614458037	3.47984665155991	3.84980669379814	0.571236557931628	0.64966535640207	SNORD3D	FALSE
ENSG00000290038.1	7.71872799131391	-4.76064755669433	4.35847235188429	3.82652764531889	0.574652351154503	0.65308792666569	NA	FALSE
ENSG00000086730.17	130.969687923536	0.276128147565862	0.76085202935982	3.81294432900609	0.576649448384056	0.654894461875037	LAT2	FALSE
ENSG00000284661.1	6.71433002101522	2.82158438512472	2.54975770064919	3.80511595767999	0.577801737220663	0.655739683413563	NA	FALSE
ENSG00000286862.1	5.786990052285	-1.16695810435328	2.65515642309981	3.75809062829674	0.584743441635501	0.66314940769813	NA	FALSE
ENSG00000166569.8	68.192726753672	-3.58456115425101	2.16798621396488	3.75235954896041	0.585591727769116	0.663643093459076	CPLX4	FALSE
ENSG00000258199.1	17.0802270932876	2.82425586429843	1.7658257836431	3.65587398841578	0.599944060892081	0.679429250072991	NA	FALSE
ENSG00000106823.13	146.072393548416	1.14713189546558	1.05321156943677	3.56352814393301	0.613797568026361	0.694628656210114	ECM2	FALSE
ENSG00000262413.1	29.5089225985343	20.2962858162621	5.78834438095672	3.54089787022809	0.617208498118883	0.697997224825507	NA	FALSE
ENSG00000170290.4	693.697892661901	-1.89711159984923	1.25797128683076	3.53712693250469	0.617777448627505	0.698149338920113	SLN	FALSE
ENSG00000142347.19	146.625818352631	-1.28976019418492	0.908478985775074	3.5102480254792	0.621837541516922	0.702243801277368	MYO1F	FALSE
ENSG00000280439.1	61.5787877672421	-1.59946778799312	1.36014962978206	3.50557306383769	0.62254452047058	0.702548486233302	NA	FALSE
ENSG00000154240.17	221.376879082913	-0.85686379781391	0.846240006488183	3.48914426149105	0.625030872488676	0.704859376904773	CEP112	FALSE
ENSG00000207129.1	2.28757916646699	-4.10151780678906	3.38865714446378	3.44763262797946	0.631325869136888	0.711459096565904	RNA5SP187	FALSE
ENSG00000119514.7	276.901752170298	-0.939236046389873	1.01097224675469	3.44087558172714	0.632352178055114	0.712116293016516	GALNT12	FALSE
ENSG00000169427.8	878.80054165537	-0.367827740274765	0.945274330773059	3.43172302672895	0.633743041635064	0.712849373138258	KCNK9	FALSE
ENSG00000213398.8	551.952684069776	0.0215750506264136	0.748905713023926	3.43075413318098	0.633890326206951	0.712849373138258	LCAT	FALSE
ENSG00000226143.1	19.5460381433989	4.16081439068927	2.49738946160646	3.4100428752628	0.637040824769393	0.71539105898282	NA	FALSE
ENSG00000285918.1	29.2869725143217	-0.58107656328202	1.49613032296656	3.41148474278432	0.636821365623711	0.71539105898282	NA	FALSE
ENSG00000164778.4	496.61090340787	-1.27060262917301	1.26178861087362	3.37576517964604	0.642263527949138	0.720752436741805	EN2	FALSE
ENSG00000146910.14	231.07027222731	-3.18213263818794	2.83318995457624	3.37091282246496	0.643003678799217	0.721079491856484	CNPY1	FALSE
ENSG00000187837.4	135.987701750609	-1.03338303720358	1.10852664694597	3.33733721485072	0.648130402406564	0.726321866574162	H1-2	FALSE
ENSG00000168539.4	820.926858331839	1.06861930104884	1.09640771814236	3.33432111809032	0.64859137346768	0.726331942273562	CHRM1	FALSE
ENSG00000272661.1	17.1237030270699	6.5150320879277	4.58342339424535	3.3172957949441	0.651194763248139	0.728739543551365	NA	FALSE
ENSG00000269900.3	35.2047016982386	-2.08354281401483	4.59815327836768	3.23465774490992	0.663859428690671	0.74239533883501	NA	FALSE
ENSG00000107485.18	11.3795408686897	-0.721926077448976	2.29497752982828	3.22941312722294	0.664664601626383	0.742778869828649	GATA3	FALSE
ENSG00000167749.12	18.456963438331	-1.60199528868892	2.0689153851504	3.17624137516663	0.672835645152351	0.751387687115933	KLK4	FALSE
ENSG00000277027.1	16.8786697824904	-1.46872525832111	1.66686821748806	3.16348883473037	0.674797282823014	0.753055023261516	RMRP	FALSE
ENSG00000176728.10	341.674927830034	0.65990955034106	2.69544675730431	3.15870278269534	0.675533658475164	0.753353635787362	TTTY14	FALSE
ENSG00000115541.11	2043.86387228181	-1.02724643350769	0.678001332918342	3.13168872982146	0.679691591620356	0.757464901341132	HSPE1	FALSE
ENSG00000183644.14	11.0871313449781	-1.14070629824755	2.91703173223763	3.09982121514331	0.684599557354109	0.762405744052705	HOATZ	FALSE
ENSG00000166888.12	440.600297480359	0.392099638528662	0.65513257065033	3.08551823870255	0.686803246187979	0.76433020541834	STAT6	FALSE
ENSG00000181019.13	230.272740364709	-0.36865157940989	0.863133311791751	3.04378539219306	0.693235346564617	0.770421301472573	NQO1	FALSE
ENSG00000256813.1	11.4797871176736	5.5704305653994	3.06945243402305	3.04595529886295	0.692900845222737	0.770421301472573	CCDC86-AS1	FALSE
ENSG00000164438.6	103.558433259386	-0.849378148295056	1.95953975167319	3.03249321844706	0.694976166875714	0.771822183945592	TLX3	FALSE
ENSG00000236060.2	3.8599579789408	-1.29123700282459	2.59333174848497	2.98636249856598	0.70208845946019	0.779182427039037	HSPB1P1	FALSE
ENSG00000172965.17	166.432362660644	0.157321592879976	0.951695943412742	2.97610214488623	0.70367035637606	0.780399077085113	MIR4435-2HG	FALSE
ENSG00000287363.4	8.70327025730925	13.3610421123219	5.85854363408635	2.93413359347974	0.710139902858181	0.787030913029722	CIMIP3	FALSE
ENSG00000136944.19	195.609362483916	-2.79684661685167	3.0863020598263	2.91263109433351	0.71345350454331	0.790158360993176	LMX1B	FALSE
ENSG00000272220.1	2.72838346508536	-5.47709499092112	3.11825470726121	2.90182064289388	0.715119041799966	0.791457507005886	NA	FALSE
ENSG00000164946.20	474.655281312483	0.119717151753967	0.809429701090601	2.89572551110842	0.716057970348546	0.791951244563052	FREM1	FALSE
ENSG00000233133.1	3.26322605344094	7.16738701335995	5.36788683571022	2.87166696127276	0.719763019353411	0.795501493879596	NPEPPSP2	FALSE
ENSG00000196126.12	53.053632922815	0.931023320060191	1.22534947768377	2.83861652779888	0.724849503612862	0.800572613268639	HLA-DRB1	FALSE
ENSG00000239839.7	3.99588974331465	13.2061904696742	4.89315724047459	2.81499547357373	0.728481932200571	0.804031912806537	DEFA3	FALSE
ENSG00000272638.1	65.6741492980016	-0.0179300538781221	0.933846129239841	2.8047241132071	0.730060597600463	0.805221263104972	NA	FALSE
ENSG00000289050.2	17.8037494893725	0.0701078959052508	1.32906269803073	2.8006417511375	0.730687884707327	0.805360377726114	NA	FALSE
ENSG00000153822.15	209.556603847549	1.093297506667	1.03438266529998	2.78340131584247	0.733335984717843	0.807725104483601	KCNJ16	FALSE
ENSG00000227203.3	29.4014220023697	-1.27999362528081	1.34719387757102	2.74418277682125	0.739353026594928	0.813794735437019	SUB1P1	FALSE
ENSG00000178538.10	1011.31139033138	-0.858855940441326	0.904909650611426	2.66702455991731	0.751157079137973	0.826221373151761	CA8	FALSE
ENSG00000289316.1	617.951036775639	1.07094897507975	1.20175659946326	2.63143371966237	0.756583690759291	0.831621060909836	NA	FALSE
ENSG00000280646.2	1.13104636489896	-0.00262059914872334	4.54802684650416	2.62551109721473	0.75748545358329	0.832043146895657	RNA5SP196	FALSE
ENSG00000157322.18	357.401195555885	-0.69695185590212	0.92155301900742	2.60969368359247	0.75989188615099	0.83411629852776	CLEC18A	FALSE
ENSG00000132026.15	159.185208421639	0.0291363784889805	1.03212323016506	2.5743566672333	0.765257525663535	0.839432657843892	RTBDN	FALSE
ENSG00000243509.6	75.3666403881736	3.19105439639657	2.67028750732542	2.56529720041775	0.76663066974432	0.84036527031318	TNFRSF6B	FALSE
ENSG00000288681.1	7.20750300065667	6.41869667919498	4.54851714389666	2.55390520415386	0.768355857010458	0.841682250999186	NA	FALSE
ENSG00000229807.13	16975.3951799072	-1.27627460121576	2.95291977357367	2.54036325862018	0.770404393531018	0.843351403545195	XIST	FALSE
ENSG00000026297.17	821.640317285132	0.142744905244593	0.740410558598611	2.52830070678857	0.772227027540167	0.844771159467017	RNASET2	FALSE
ENSG00000243620.2	118.851289438617	-1.00402062599149	1.2195629865886	2.5210259518829	0.77332524537413	0.845397053956617	NA	FALSE
ENSG00000188820.13	43.0973556929014	-1.25156727123691	1.16750512407783	2.47460675570227	0.780314393966752	0.852457669003787	CALHM6	FALSE
ENSG00000123689.6	36.4809800475241	-0.918470857388092	1.14186051643255	2.42892429440366	0.787159081650228	0.859350981122226	G0S2	FALSE
ENSG00000132437.18	17.1420470926324	-1.65305352668858	1.64655107970734	2.42440827055816	0.787833790092781	0.859503666448811	DDC	FALSE
ENSG00000198795.11	1732.39254309844	0.0686766168216641	0.638290510747499	2.41386232690593	0.789407973944286	0.860636780277115	ZNF521	FALSE
ENSG00000274419.7	147.20431738855	-0.652982413653308	2.699967723698	2.4094163027404	0.790071026956595	0.860775688352033	TBC1D3D	FALSE
ENSG00000114374.13	1676.58302827524	-0.811149608662069	2.49695393917763	2.37738872451888	0.794836556992017	0.865380993960821	USP9Y	FALSE
ENSG00000274276.6	1008.78279347945	-5.35150258684641	3.6396294359711	2.35858147676129	0.797625755830383	0.86782978308695	NA	FALSE
ENSG00000271924.1	0.557423698106105	-4.64336873204843	5.87329563879271	2.31679128800925	0.803797562676212	0.873953100961213	RNA5SP108	FALSE
ENSG00000201098.1	3.29906374984028	0.249025223681472	2.93617842737022	2.22445444823956	0.817295920271156	0.888028765298004	RNY1	FALSE
ENSG00000257342.1	19.4166580322758	21.9668650067556	5.80095262129792	2.21125947128783	0.819207953185497	0.889504851871009	OS9-AS1	FALSE
ENSG00000223259.1	1.21594971920205	0.642818039571298	4.44641379796869	2.19878268727662	0.821011783018257	0.890861536333788	RNA5SP508	FALSE
ENSG00000147246.10	91.6445332261674	-0.939222824809088	1.81480702512293	2.16829878639018	0.82540160340352	0.895020497077906	HTR2C	FALSE
ENSG00000206585.1	13.4565390770862	-0.607837342226192	1.64945699443837	2.12942176352263	0.830962786389567	0.895611802634496	RNVU1-7	FALSE
ENSG00000206588.1	13.4565390770862	-0.607837342226192	1.64945699443837	2.12942176352263	0.830962786389567	0.895611802634496	RNU1-28P	FALSE
ENSG00000206596.1	13.4565390770862	-0.607837342226192	1.64945699443837	2.12942176352263	0.830962786389567	0.895611802634496	RNU1-27P	FALSE
ENSG00000206652.1	13.4565390770862	-0.607837342226192	1.64945699443837	2.12942176352263	0.830962786389567	0.895611802634496	RNU1-1	FALSE
ENSG00000206737.1	13.4565390770862	-0.607837342226192	1.64945699443837	2.12942176352263	0.830962786389567	0.895611802634496	RNVU1-18	FALSE
ENSG00000207005.1	13.4565390770862	-0.607837342226192	1.64945699443837	2.12942176352263	0.830962786389567	0.895611802634496	RNU1-2	FALSE
ENSG00000207389.1	13.4565390770862	-0.607837342226192	1.64945699443837	2.12942176352263	0.830962786389567	0.895611802634496	RNU1-4	FALSE
ENSG00000207513.1	13.4565390770862	-0.607837342226192	1.64945699443837	2.12942176352263	0.830962786389567	0.895611802634496	RNU1-3	FALSE
ENSG00000237179.6	17.7886330467582	-1.93177713684672	2.17719304114222	2.15070853937755	0.827923108298727	0.895611802634496	LINC01797	FALSE
ENSG00000067048.17	1039.66477639611	-1.40303921825598	2.48078368382513	2.12196972875796	0.832023812523537	0.896154334266303	DDX3Y	FALSE
ENSG00000187595.18	280.941937720523	-0.524774920123305	0.768715250005881	2.11799127146639	0.832589599974982	0.896163085840453	ZNF385C	FALSE
ENSG00000284191.1	1.41139981338471	1.17712017847781	3.15138476705189	2.10994041123155	0.833733099146854	0.896793233151937	MIR671	FALSE
ENSG00000222328.1	11.8107808479705	-1.01375287759487	2.08876169735658	2.10536720524522	0.834381789098347	0.896890658917086	RNU2-2	FALSE
ENSG00000144188.9	25.8971629054889	-0.0682810260298256	2.47380705090969	2.0887586855679	0.836732309538735	0.898816057104777	TRIM43CP	FALSE
ENSG00000282432.1	0.714619863528309	-2.39835592481568	5.91405603732649	2.03803949524936	0.843856910633755	0.905863764454538	NA	FALSE
ENSG00000186973.11	11.1799751895198	-0.369103300816148	2.17706282566151	2.02216176406489	0.846070114673368	0.907633293911951	CFAP144	FALSE
ENSG00000258985.1	55.711411134303	0.0919263761316818	1.13191639238835	2.00739203448705	0.848121264249052	0.909226732253653	NA	FALSE
ENSG00000260593.1	4.84007173633551	0.40150023893301	2.27379832844019	2.00036717077006	0.849094228640035	0.909662950283024	NA	FALSE
ENSG00000273768.1	13.374450132702	-0.592769736799624	1.7337221795377	1.97437947770283	0.852678651528996	0.912894465694268	RNVU1-29	FALSE
ENSG00000168875.3	49.8668097147288	-2.57344536970991	5.89794253450797	1.95875003920837	0.854822820685059	0.914580740906052	SOX14	FALSE
ENSG00000278026.1	1.39841692258264	-0.637931064495434	3.14397581605531	1.93621295165563	0.857898941689509	0.917261210442476	NA	FALSE
ENSG00000199546.1	0.569007092775097	4.53560957784355	5.81992792747059	1.91860435208509	0.860289179063131	0.91920525981014	NA	FALSE
ENSG00000129824.16	2431.43178440057	-1.24950648194282	2.42404247400574	1.89924407981545	0.862903527311573	0.921386025508105	RPS4Y1	FALSE
ENSG00000206870.1	1.07809345707082	-3.91319107310138	5.08265737537058	1.83327614310971	0.871699828454972	0.930160441120279	RNU6-398P	FALSE
ENSG00000163064.7	55.5058451631142	-2.49190356502827	2.37880370179521	1.80114328953371	0.875919096313444	0.934042460368749	EN1	FALSE
ENSG00000269483.2	1.51239814738678	-1.86953022976545	5.90973985230103	1.78610934695453	0.877877838148831	0.935510401793881	NA	FALSE
ENSG00000276003.1	0.944875725601125	-0.221097635195217	5.31873962946638	1.78104796423882	0.878535037369328	0.935590328066607	NA	FALSE
ENSG00000280215.1	1.00952642354024	0.336855513028671	5.24195149962162	1.72275371354448	0.886020801378297	0.942937369413856	NA	FALSE
ENSG00000289901.1	136.905610174673	6.61361939283711	3.78280451351448	1.70463086572255	0.888315833496989	0.944754165737697	NA	FALSE
ENSG00000240409.1	1.90421766373248	-2.89904425975827	4.53870543406018	1.67507605867615	0.892024668933048	0.948071192444053	MTATP8P1	FALSE
ENSG00000177106.17	294.83931859901	0.267265668038572	0.771916714560137	1.66873591038615	0.892814721444659	0.948283712730711	EPS8L2	FALSE
ENSG00000283874.1	0.924337020621428	-1.91931993390297	5.92914478441241	1.65447167136841	0.894584889699884	0.949536273281185	MIR3911	FALSE
ENSG00000260335.1	15.3560557169015	1.73449039348343	2.43825293903418	1.63869709359943	0.896530561373213	0.950973341337791	NA	FALSE
ENSG00000252149.1	0.740819024671443	-2.63791815803193	5.91566434626148	1.61635363380826	0.899264663482503	0.952615895989705	RNA5SP315	FALSE
ENSG00000252877.1	0.740819024671443	-2.63791815803193	5.91566434626148	1.61635363380826	0.899264663482503	0.952615895989705	RNA5SP312	FALSE
ENSG00000133636.11	29.5652376000178	-1.3783751810657	2.0701459362803	1.57709716232409	0.904005007769928	0.957006618897414	NTS	FALSE
ENSG00000223313.1	0.643971704756425	-2.45155275637275	5.92119203520324	1.56128026101577	0.905891591838688	0.958372474051857	RNU6-516P	FALSE
ENSG00000202538.1	5.06157775293137	-1.47694200697234	2.30500835118872	1.54637292875336	0.907657148999394	0.959608577922385	RNU4-2	FALSE
ENSG00000281404.2	138.84143872517	-0.966226841197303	1.03756489921645	1.5033005679951	0.91268861585314	0.964293626348453	LINC01176	FALSE
ENSG00000238906.1	0.475397727972813	-2.41101571767291	5.9228191221965	1.49063272484603	0.914148257632042	0.965201215515566	NA	FALSE
ENSG00000201900.1	0.682204464922197	-3.41720494435847	5.86570967536018	1.47673178518241	0.915739239922326	0.966246197344175	RNY1P13	FALSE
ENSG00000259952.1	33.6924842311418	0.665409622720062	2.64797668012516	1.43568034579522	0.920370800214433	0.970495981590941	NA	FALSE
ENSG00000277124.1	19.5386044469508	1.17321523387579	2.89478009551179	1.36439486817653	0.928168109802658	0.978076165542867	NA	FALSE
ENSG00000277954.1	404.9363306741	-0.556667718382437	1.17469108484029	1.34849628897621	0.929863228921705	0.979220320365124	NA	FALSE
ENSG00000206651.1	0.452702330943601	-1.69739466956693	5.92914478424427	1.3289067433472	0.931929276542405	0.980753338181824	NA	FALSE
ENSG00000135824.13	1225.53273864057	0.173375930803703	1.05306917417709	1.23237755756804	0.941733721351689	0.990422833908484	RGS8	FALSE
ENSG00000175267.15	118.649817617805	-0.829016925984157	0.960886331701929	1.21100869389755	0.943816879375327	0.991964503045226	VWA3A	FALSE
ENSG00000267448.6	376.236197625095	0.708541656777038	1.51374019442699	1.16829339379666	0.947882776044665	0.995586680459984	NA	FALSE
ENSG00000200815.1	0.288938019020566	-3.22417904174171	5.9148551100346	1.13713280133614	0.950764546182001	0.997961218624739	RNU6-1091P	FALSE
ENSG00000235386.1	0.436243026355288	-0.920254565782386	5.92459522334638	1.12596067321888	0.951780140132082	0.998375120882674	NA	FALSE
ENSG00000275129.1	0.8119114374101	2.06055244799996	5.59123348419205	1.10375670226929	0.953770613254317	0.999158654171896	NA	FALSE
ENSG00000278527.1	0.977261322968645	-1.1376405803271	4.16300582934017	1.10639831477181	0.953535767648783	0.999158654171896	NA	FALSE
ENSG00000199436.1	0.328218387584573	-1.04716505651544	5.91940761148994	0.372698551254658	0.996048328180014	1	SNORD9	FALSE
ENSG00000199461.1	0.130995983411331	-1.07595503544875	5.9291447843153	0.836377415172281	0.974655286187543	1	NA	FALSE
ENSG00000199466.1	0.18983217496972	-1.27574947023837	5.92828733816632	0.592016705752663	0.988365842726366	1	NA	FALSE
ENSG00000199476.1	0.13308847332405	1.41153721115491	5.89354378439096	0.238158047193167	0.998647264420351	1	NA	FALSE
ENSG00000199906.1	0.625073781110634	-0.211210136798329	5.47069699024339	0.641163938153014	0.986041057276753	1	RNU5B-2P	FALSE
ENSG00000200003.1	0.0273629814613983	-1.46387835038229	5.92871334832872	0.18949525636452	0.999222783869519	1	RNU6-986P	FALSE
ENSG00000200152.1	0.264752471409272	-1.07597529139931	5.92914478431217	1.04421164387812	0.95892155703292	1	RNU6-216P	FALSE
ENSG00000200156.1	0.378424853665562	-0.896348628512817	5.91847592325629	0.0374037813903811	0.999985798327105	1	RNU5B-1	FALSE
ENSG00000200356.1	0.099604721660085	-1.71637087673004	5.92851184855604	0.123418364055606	0.999727608807689	1	RNU6-833P	FALSE
ENSG00000200361.1	0.0468545846770702	-1.29785623032957	5.92914478445731	0.0220544451558276	0.999996187853494	1	NA	FALSE
ENSG00000200579.1	0.0391957547510335	-1.07148240280938	5.92891728749302	0.102774737416688	0.999826359941617	1	NA	FALSE
ENSG00000200591.1	0.130995983411331	-1.07595503544875	5.9291447843153	0.836377415172281	0.974655286187543	1	NA	FALSE
ENSG00000200610.1	0.0706508892741806	-1.31526728604813	5.92580578322375	0.25857650217003	0.998350392561763	1	NA	FALSE
ENSG00000200737.1	0.532343702044446	-3.01767082580161	5.92580383737232	0.781971416060728	0.978168982983549	1	NA	FALSE
ENSG00000200779.1	0.436720243505315	-2.30090607028577	5.91068410365503	0.36682463769553	0.996194312900183	1	RNU6-105P	FALSE
ENSG00000200847.1	0.165748599812607	-1.81031038936764	5.92475782030547	0.126737584516086	0.999709266961469	1	NA	FALSE
ENSG00000200924.1	0.505239044631803	-2.41110215253115	5.91393207431319	0.903295738150135	0.969982578634088	1	RNU6-1048P	FALSE
ENSG00000201134.1	0.0188947715485514	-1.38316783525695	5.92767955570766	0.0449747329468106	0.999977545703264	1	NA	FALSE
ENSG00000201136.1	0.298093725698443	0.166754654005057	5.91039270352836	-0.00498791911739715	1	1	RNU6-353P	FALSE
ENSG00000201563.1	0.535630508422334	-3.60568273936539	5.89669622503732	0.656055209201668	0.985293144918394	1	NA	FALSE
ENSG00000201709.1	0.231547451483675	-1.69734773300719	5.92914478445519	0.467422555756894	0.993267634035188	1	RNU6-686P	FALSE
ENSG00000202025.1	0.0804006648591614	0.292023367772163	5.91126918362014	0.199642008297015	0.999117709192241	1	RNU6-1240P	FALSE
ENSG00000202079.1	0.584227635123476	-1.65735091168668	5.90678720216535	0.656490624834049	0.985270972569834	1	NA	FALSE
ENSG00000202255.1	0.500723500433205	-3.49517790043481	5.89551676289807	0.91907194917308	0.968825568251043	1	NA	FALSE
ENSG00000202533.1	0.610250237048974	-1.31956776256885	5.91198684342177	0.535946656279819	0.990747872935339	1	NA	FALSE
ENSG00000206654.1	0.0782135688167525	-1.46388740332036	5.92871333184565	0.366480408247313	0.996202773502238	1	RNU6-608P	FALSE
ENSG00000206762.1	0.149158612662293	-1.13268809390193	5.92536234002599	0.0679871348653123	0.999937427732301	1	RNU6-418P	FALSE
ENSG00000206816.1	0.0889134371380909	-1.29786570889058	5.92914478445731	0.185782685954319	0.99925931862215	1	NA	FALSE
ENSG00000207383.1	0.200473722872005	-1.91927740740125	5.92914478445519	0.557962855999591	0.989846947840032	1	NA	FALSE
ENSG00000207420.1	0.130995983411331	-1.07595503544875	5.9291447843153	0.836377415172281	0.974655286187543	1	NA	FALSE
ENSG00000207438.1	0.211788452934628	-0.85403483962445	5.9291447843153	0.875849703214627	0.971945331806669	1	NA	FALSE
ENSG00000207445.1	1.24016778784341	-1.26501673261802	3.53449649017308	0.831686936414457	0.974968378366919	1	SNORD15B	FALSE
ENSG00000207457.1	0.409127648882082	-2.04680465508156	5.92688922826991	1.05425815402495	0.958071841111695	1	RNU6-476P	FALSE
ENSG00000207613.1	0.246166796409621	-2.76872031547968	5.91786213504231	0.77515280518584	0.978591030773987	1	MIR181C	FALSE
ENSG00000212460.1	0.141225612441599	-1.59307414093009	5.92547810046681	0.478303585712535	0.992896199801239	1	RNU6-460P	FALSE
ENSG00000221750.1	0.596568915871409	-0.895992526825016	5.9053958751991	0.687790734919204	0.983632022382497	1	SNORA11G	FALSE
ENSG00000221792.1	0.61039268142368	-2.90774877732337	5.91531278676829	0.718422395173206	0.981942331702635	1	MIR1282	FALSE
ENSG00000222317.1	0.253877860969639	-2.2764636153384	5.92734549993548	0.85498154872024	0.973394716066794	1	RNA5SP118	FALSE
ENSG00000222335.1	0.0931129839872322	-1.95224629044874	5.92443912837058	0.49680940779977	0.992239653885831	1	NA	FALSE
ENSG00000226744.1	1.15349744266544	-1.11274457634464	5.10643322229557	0.999899486842381	0.96257387992038	1	NA	FALSE
ENSG00000231930.1	0.0468545846770702	-1.29785623032957	5.92914478445731	0.0220544451558276	0.999996187853494	1	NA	FALSE
ENSG00000232663.2	4.10173217674046	-1.39188740005177	5.92281876685835	0.641636648251541	0.986017625829303	1	NA	FALSE
ENSG00000238426.1	0.0310737286116701	-0.853985241240561	5.92914478445731	0.0463841877427402	0.999975757100118	1	NA	FALSE
ENSG00000238793.1	0.10971628220715	-1.61712918116711	5.92681692724517	0.247214922661279	0.998519724250085	1	SNORD124	FALSE
ENSG00000239096.1	0.165182805825179	-1.97283546158556	5.92474994678607	0.399154083780786	0.995352860746314	1	NA	FALSE
ENSG00000251374.1	0.0559586813695992	-1.15466086903638	5.9284139517002	-0.00888144820943637	1	1	NA	FALSE
ENSG00000251939.1	0.993349246676306	-2.82582955810242	5.8589274672856	0.988890059448309	0.96345687973835	1	RNU6-1278P	FALSE
ENSG00000251988.1	0.656242994733976	1.09239965314874	5.90589910119319	1.00583220655041	0.96209399507687	1	RNU4ATAC18P	FALSE
ENSG00000252017.1	0.185516783020598	-2.81849473054151	5.92752150720444	0.781596715649352	0.978192282180294	1	RNU6-1194P	FALSE
ENSG00000252558.1	0.86538013896997	-2.1484725592458	5.90420500151376	0.360271212343775	0.996353591578123	1	RNU6-914P	FALSE
ENSG00000252743.1	0.116596984910598	-1.07593381380623	5.92914478445535	0.486793492880398	0.992598882864646	1	RNU6-850P	FALSE
ENSG00000252821.1	0.465487721651967	-2.57681754409111	5.92567730540103	0.857376641560826	0.973230263326252	1	RNU6-388P	FALSE
ENSG00000252965.1	0.891493450670764	-2.70587890338775	4.65122360253496	0.592240210929305	0.988355770598334	1	NA	FALSE
ENSG00000256148.1	1.49860211085929	1.46257434999217	4.87829639663623	0.989440330757759	0.963412978737093	1	NA	FALSE
ENSG00000265784.1	82.5195825832428	1.9980843391187	3.3869800085378	0.871021133848927	0.972284011524017	1	NA	FALSE
ENSG00000266325.1	0.642679813408549	-3.79932097865808	5.89787147985641	0.913730861428697	0.969219619630254	1	MIR3665	FALSE
ENSG00000274118.1	0.0943970000549517	1.07476811385629	5.89862571271933	0.3080009420061	0.997489895550325	1	NA	FALSE
ENSG00000275930.1	0.104398142032519	-1.07592439419441	5.92914478445731	0.350815341013384	0.996576757053014	1	NA	FALSE
ENSG00000276178.1	0.104398142032519	-1.07592439419441	5.92914478445731	0.350815341013384	0.996576757053014	1	NA	FALSE
ENSG00000276902.1	0.0310737286116701	-0.853985241240561	5.92914478445731	0.0463841877427402	0.999975757100118	1	NA	FALSE
ENSG00000276919.1	0.420951341100953	2.26337013957672	5.82846153539733	0.737171038335347	0.980866529991861	1	NA	FALSE
ENSG00000277049.1	0.508953854239184	-2.88799502691055	5.92580040322882	0.78077064805305	0.978243604024648	1	RNA5SP530	FALSE
ENSG00000277577.1	1.34489093582954	-0.787800354459993	5.88201757927483	0.959274196007613	0.965783253007152	1	NA	FALSE
ENSG00000278395.1	0.0684498837245572	-0.185046857395524	5.92005811405494	0.0869253363755007	0.999885118306809	1	NA	FALSE
ENSG00000279167.1	0.033033152159884	-0.906323573886841	5.92895781349554	0.0456048421441793	0.999976756165525	1	NA	FALSE
ENSG00000283923.1	0.62113594705715	-3.7006473074005	5.89178978860467	0.78727175646469	0.977838077233825	1	MIR6132	FALSE
ENSG00000283958.1	0.292540258360734	-1.51705409901599	5.92025904667766	0.650630807666261	0.985567922139967	1	MIR1248	FALSE
ENSG00000284159.1	0.0668782439989708	-1.07592439419441	5.92914478445731	0.264751012201652	0.998253967287441	1	MIR3940	FALSE
ENSG00000284202.1	0.0188947715485514	-1.38316783525695	5.92767955570766	0.0449747329468106	0.999977545703264	1	MIR137	FALSE
ENSG00000284446.1	0.0273629814613983	-1.46387835038229	5.92871334832872	0.18949525636452	0.999222783869519	1	MIR1236	FALSE
ENSG00000284584.1	0.373084297767275	-1.6285065439018	5.92089189175596	0.806535727539163	0.976614602659474	1	MIR5006	FALSE
ENSG00000285522.1	0.504977917109606	-3.03775936332709	5.906189505694	0.661065841323051	0.985036950221767	1	NA	FALSE
ENSG00000288581.1	24.6719659069965	0.486596145825524	1.84738309499851	0.416002914943419	0.99487733228687	1	NA	FALSE
ENSG00000012124.17	69.6943621054159	5.32239289110757	1.69848342591497	19.0277092723458	NA	NA	CD22	FALSE
ENSG00000029559.7	15.1156438156757	-2.91746521595344	2.93184290431688	10.7411640735288	NA	NA	IBSP	FALSE
ENSG00000064886.14	79.602040110283	2.98015826600436	2.03916392117825	34.033231985224	NA	NA	CHI3L2	FALSE
ENSG00000066322.15	573.559557967811	1.0904063964159	0.802863984683911	3.50475777316609	NA	NA	ELOVL1	FALSE
ENSG00000091513.16	2617.04221950797	4.83854843882454	1.16631972191583	28.7663044663173	NA	NA	TF	FALSE
ENSG00000092529.25	377.095703354279	2.7664623351842	0.982567607253999	16.6498961096386	NA	NA	CAPN3	FALSE
ENSG00000101327.9	220.206624606999	-2.55745546340804	1.25716984527351	34.2307151984961	NA	NA	PDYN	FALSE
ENSG00000103089.9	185.089700641068	6.13131365508488	1.13990991688856	39.8751236255453	NA	NA	FA2H	FALSE
ENSG00000105679.9	27.0809089410886	2.06874771911756	2.3777751416125	14.0552243541137	NA	NA	GAPDHS	FALSE
ENSG00000105695.15	513.310828760944	10.1662488327888	1.66905734807733	44.3243334314748	NA	NA	MAG	FALSE
ENSG00000106004.5	62.8888191598501	-21.6277003240939	5.71619250587793	1.95324092255719	NA	NA	HOXA5	FALSE
ENSG00000106211.10	2748.80315306507	-1.89086320448177	1.22341889450801	7.9828340548072	NA	NA	HSPB1	FALSE
ENSG00000106236.4	1392.86199836779	0.864393095797059	1.054716844806	12.0767992930095	NA	NA	NPTX2	FALSE
ENSG00000108511.10	163.499982298266	-10.1368713903066	3.24216577314378	6.68357553059003	NA	NA	HOXB6	FALSE
ENSG00000108576.10	41.9859990727712	-3.74686677892272	1.44434528828908	13.5334796478335	NA	NA	SLC6A4	FALSE
ENSG00000115590.14	25.6389425468515	0.616317058754152	2.43423851524453	15.8619010888065	NA	NA	IL1R2	FALSE
ENSG00000117266.16	485.437844798232	2.33805327647851	0.952524609826043	10.7685433217981	NA	NA	CDK18	FALSE
ENSG00000118245.2	205.139533712532	3.62118500845792	2.75392402152026	18.555188379596	NA	NA	TNP1	FALSE
ENSG00000120068.7	843.557980971	-26.7034409579033	5.84491305854057	3.72784557772245	NA	NA	HOXB8	FALSE
ENSG00000120075.6	174.197689279188	-8.59090170311867	5.83259464188886	2.60471156805357	NA	NA	HOXB5	FALSE
ENSG00000120093.12	161.770076053992	-7.43998937927607	2.36799991594304	7.7116311410586	NA	NA	HOXB3	FALSE
ENSG00000120949.15	33.2232593900711	-5.56369206378313	2.12887116136171	13.3061379918497	NA	NA	TNFRSF8	FALSE
ENSG00000122304.11	232.301512926634	4.82615569335764	3.3428063662629	11.9212977068037	NA	NA	PRM2	FALSE
ENSG00000122367.21	71.0938278886542	3.7909824266799	1.20208386779884	15.6636900061374	NA	NA	LDB3	FALSE
ENSG00000123560.14	10909.5698888034	6.96555351788461	1.27091358130303	41.1833799919899	NA	NA	PLP1	FALSE
ENSG00000124251.11	39.3058166083783	2.02320267644714	1.28792083578577	8.68454512688396	NA	NA	TP53TG5	FALSE
ENSG00000124490.14	80.1722511576038	-3.04857975823664	1.82009732219497	19.0531369852597	NA	NA	CRISP2	FALSE
ENSG00000126822.18	907.487917515945	1.53802912656365	0.775244362047935	8.74706732296511	NA	NA	PLEKHG3	FALSE
ENSG00000128422.18	67.9336871159903	4.02411423179462	1.46971762845238	34.0667384508862	NA	NA	KRT17	FALSE
ENSG00000129514.8	8.78309226197672	-4.20927407481986	2.72890196293874	8.09353635629189	NA	NA	FOXA1	FALSE
ENSG00000131885.17	10.2558840152522	4.55537662856282	2.18892751764445	8.50437186803225	NA	NA	KRT17P1	FALSE
ENSG00000132002.9	4925.3090103086	-2.83602638757092	1.00305225031486	6.28699767778892	NA	NA	DNAJB1	FALSE
ENSG00000133048.13	182.449177635673	0.720127841794199	1.43905587441443	27.2512956156516	NA	NA	CHI3L1	FALSE
ENSG00000135898.10	31.9126645616184	-1.31162430719327	1.70570993646407	10.8821183404328	NA	NA	GPR55	FALSE
ENSG00000136867.11	64.9733880528044	3.18427186209344	1.55297057865788	9.40213416824011	NA	NA	SLC31A2	FALSE
ENSG00000142319.18	79.0393764925851	-3.1567210706986	2.29948518561631	12.6401155439468	NA	NA	SLC6A3	FALSE
ENSG00000143546.10	181.497062777359	2.89594449360282	1.53213093079494	37.2615684505787	NA	NA	S100A8	FALSE
ENSG00000143851.16	16.7925956009778	-1.72377474653588	1.51855348775852	7.4376529047868	NA	NA	PTPN7	FALSE
ENSG00000147081.15	34.6754242473563	1.94763741126269	2.40357893180519	18.4459048920741	NA	NA	AKAP4	FALSE
ENSG00000150656.15	182.567688483664	3.70663857504957	1.35029160200232	18.1895067438039	NA	NA	CNDP1	FALSE
ENSG00000152086.9	19.884290859948	0.201901249286949	2.0294123548702	6.65215007163866	NA	NA	TUBA3E	FALSE
ENSG00000152192.8	79.7971044655292	-9.11285135583134	2.35170031420111	15.8584841987673	NA	NA	POU4F1	FALSE
ENSG00000154099.18	223.796389674843	0.507381540285947	1.11837040082398	0.866160201612217	NA	NA	DNAAF1	FALSE
ENSG00000155761.14	65.6934580667312	-2.9935817355861	1.28725478825525	5.4767786610449	NA	NA	SPAG17	FALSE
ENSG00000156076.10	221.782454786498	-1.15144721547865	1.28756809127208	16.3929186382181	NA	NA	WIF1	FALSE
ENSG00000157978.12	691.993228168099	1.8271721763678	0.948776162755985	21.4781409779723	NA	NA	LDLRAP1	FALSE
ENSG00000158517.16	38.3684205966075	1.08648495821196	1.3775017616353	11.8931729288163	NA	NA	NCF1	FALSE
ENSG00000160973.8	284.154397439587	8.23428136512825	2.97387681737235	12.9089171604176	NA	NA	FOXH1	FALSE
ENSG00000162645.13	132.189868937409	4.49540107916623	1.15403363405588	59.4016243806119	NA	NA	GBP2	FALSE
ENSG00000163206.6	27.6726663543634	4.01401210463336	2.44819167802562	23.9738021310164	NA	NA	SMCP	FALSE
ENSG00000163221.9	14.6960712533733	2.86449123193811	2.25910634151963	18.3254781681871	NA	NA	S100A12	FALSE
ENSG00000163467.12	62.6379740150254	1.10623925545213	1.77151080769699	17.5425739432915	NA	NA	TSACC	FALSE
ENSG00000165606.10	189.40380146449	-10.1552595009269	3.17543548724304	7.29588342257765	NA	NA	DRGX	FALSE
ENSG00000166091.21	168.730372264984	4.51129276878252	0.941832036053243	32.3028093002088	NA	NA	CMTM5	FALSE
ENSG00000166796.12	22.377325746775	1.56368465178824	2.17700278728244	10.0061677521236	NA	NA	LDHC	FALSE
ENSG00000166920.13	9.77267171109247	-0.145973532398646	1.70134316515099	10.2677022985243	NA	NA	COXFA4L3	FALSE
ENSG00000167191.12	4316.2258431145	1.96252312277839	0.632251752185018	12.0896889284174	NA	NA	GPRC5B	FALSE
ENSG00000167755.15	112.552848665712	9.25818411894356	1.80423137288461	41.2115244311182	NA	NA	KLK6	FALSE
ENSG00000168314.19	2899.65392585352	8.52863749595515	1.44695488874144	54.2131561230076	NA	NA	MOBP	FALSE
ENSG00000169245.6	50.8535724789251	2.45838045727397	2.2553922605197	30.1753634070456	NA	NA	CXCL10	FALSE
ENSG00000169248.13	10.4309483701884	-0.192714386838396	2.41953943542169	13.409457440479	NA	NA	CXCL11	FALSE
ENSG00000170689.10	199.469117894167	-25.55038301416	4.0905783986022	5.08029400276122	NA	NA	HOXB9	FALSE
ENSG00000172005.11	445.900737470711	12.5487660690109	1.78100712434917	66.7505611364977	NA	NA	MAL	FALSE
ENSG00000172508.11	390.648608867432	5.05620839178539	1.27205996783718	30.1005695191367	NA	NA	CARNS1	FALSE
ENSG00000172935.9	88.3655217460646	2.15208801093101	1.20942546348701	17.4201508477782	NA	NA	MRGPRF	FALSE
ENSG00000173110.8	872.424682700485	-8.34686578229421	1.73769998928166	27.8945548577375	NA	NA	HSPA6	FALSE
ENSG00000173432.13	6.61976061138868	2.52059893396879	2.6579684084344	8.95017213785087	NA	NA	SAA1	FALSE
ENSG00000173805.16	273.983457779514	-0.973631839978745	1.28041833367855	7.46529908967216	NA	NA	HAP1	FALSE
ENSG00000173917.11	48.2777765991709	-3.47829249890111	1.78558724925312	13.2567125944336	NA	NA	HOXB2	FALSE
ENSG00000174576.10	94.1371848616631	-1.8724671423031	1.59535020736467	5.73266020950871	NA	NA	NPAS4	FALSE
ENSG00000175646.4	250.930390837578	6.09389995408678	3.27539904494349	14.8546792133048	NA	NA	PRM1	FALSE
ENSG00000176165.12	10078.9033071742	-4.14791004852561	1.12785108125518	25.993368500905	NA	NA	FOXG1	FALSE
ENSG00000176256.11	115.609230530079	1.82908908993155	1.87100895346787	31.6868249149283	NA	NA	HMGB4	FALSE
ENSG00000176381.6	152.702426889069	5.40013453116979	1.12498476277109	35.9838317581551	NA	NA	PRR18	FALSE
ENSG00000177143.5	45.6767333996408	16.1305186968014	3.97109052987785	8.0022980337109	NA	NA	CETN1	FALSE
ENSG00000177938.5	21.802823263349	2.54986036558364	2.73452265533648	11.7843673510085	NA	NA	CAPZA3	FALSE
ENSG00000178343.5	16.8897856506779	-3.94354474197642	2.37487172089765	7.2649447780548	NA	NA	SHISA3	FALSE
ENSG00000180176.15	47.4132650050828	0.366471554968703	1.941542698976	7.46680376460301	NA	NA	TH	FALSE
ENSG00000180739.15	47.6615292202684	8.42508556457262	1.8355995383623	35.9799075924653	NA	NA	S1PR5	FALSE
ENSG00000182487.12	12.3619466620273	1.12399032785117	1.69834077063756	14.1068517053353	NA	NA	NCF1B	FALSE
ENSG00000182742.6	39.6650216830702	-5.53410940803988	4.02623691003822	3.18251794750844	NA	NA	HOXB4	FALSE
ENSG00000182759.4	89.1996217363803	-9.05059755742416	1.92686772828068	15.4408970181832	NA	NA	MAFA	FALSE
ENSG00000183019.8	5.15692170523408	-0.886902114192846	2.79967122940165	4.76041643577967	NA	NA	MCEMP1	FALSE
ENSG00000183379.9	271.122525816632	-1.32637301852468	1.27790250201218	18.0966270875226	NA	NA	SYNDIG1L	FALSE
ENSG00000186895.4	26.8008369994975	-7.14539663954458	2.70222100639145	4.55736850819244	NA	NA	FGF3	FALSE
ENSG00000197430.11	391.819251664434	12.8415478586009	2.53667652002757	34.6016189423053	NA	NA	OPALIN	FALSE
ENSG00000197576.14	47.1385676314888	-9.0728883929227	5.8420153586243	2.04336925364682	NA	NA	HOXA4	FALSE
ENSG00000197757.8	8.49904006826777	-26.8875241944004	5.84365111165515	1.34220218411075	NA	NA	HOXC6	FALSE
ENSG00000198033.12	32.4027680715809	17.0884198771423	2.48628871743935	16.4428877570377	NA	NA	TUBA3C	FALSE
ENSG00000198353.8	45.0538308649727	-4.9727386475127	3.61597705502985	3.82869811542488	NA	NA	HOXC4	FALSE
ENSG00000203784.3	22.1529687842316	4.5021178893062	2.89108400305894	12.9604969798832	NA	NA	LELP1	FALSE
ENSG00000203942.5	30.167419607751	2.70870289763251	2.09536049666904	29.8392046968752	NA	NA	C10orf62	FALSE
ENSG00000204655.12	618.78003149769	8.26770709358075	1.60064303961419	32.0012150085988	NA	NA	MOG	FALSE
ENSG00000207955.5	92.6537454014235	6.38522882415098	1.27994203946654	32.4342684086342	NA	NA	MIR219A2HG	FALSE
ENSG00000213934.9	682.731479693799	-7.6618423524904	2.26878448335039	11.9194072143653	NA	NA	HBG1	FALSE
ENSG00000214940.9	771.533526188998	-4.0613787882859	1.60531556949167	28.2798738357885	NA	NA	NPIPA8	FALSE
ENSG00000221869.5	216.509123642401	2.52268814044828	0.925226930319458	33.7284597643146	NA	NA	CEBPD	FALSE
ENSG00000225217.1	143.893700442404	-6.050762910846	1.87257332355952	20.6849388290389	NA	NA	HSPA7	FALSE
ENSG00000225877.3	9.35518862776233	4.47560213975403	2.09272061632815	9.85892364613272	NA	NA	PSG8-AS1	FALSE
ENSG00000226102.3	26.8551400147443	-7.01397906592304	2.38351043578625	25.5019034070714	NA	NA	SEPTIN7P3	FALSE
ENSG00000228075.5	43.4893162935331	4.34548441266429	2.49704955769695	17.1365068808925	NA	NA	BOD1L2	FALSE
ENSG00000228314.1	79.0725753959884	1.39787695563094	1.87939471121857	22.9450026186221	NA	NA	CYP4F29P	FALSE
ENSG00000230916.2	10.2118045166378	2.39917909804299	2.84312533600815	9.47144318079752	NA	NA	MTCO1P53	FALSE
ENSG00000232581.1	12.0416841277999	7.17266741110057	3.4906068097933	4.98072881632375	NA	NA	NA	FALSE
ENSG00000233101.10	12.397011654391	-9.79781755515097	5.84853009774012	1.58327517256009	NA	NA	HOXB-AS3	FALSE
ENSG00000233429.9	28.8335035580606	-4.76182591477759	2.33850973683954	7.14193718622383	NA	NA	HOTAIRM1	FALSE
ENSG00000233444.1	1.83334998808854	0.221274126002812	5.91624704103964	1.1245893484921	NA	NA	NA	FALSE
ENSG00000235426.2	22.9870940789328	26.5819016159318	4.44583615372569	6.0069015351162	NA	NA	NA	FALSE
ENSG00000238217.7	11.0306262105813	6.22294270290726	2.41700095801374	12.5387798390417	NA	NA	LINC01877	FALSE
ENSG00000250135.1	9.41538593866699	19.6013343936697	3.43537754520213	4.41424686741324	NA	NA	NA	FALSE
ENSG00000250742.6	62.3112217193226	-2.10893711756359	1.17764012221988	13.6329028054174	NA	NA	LINC02381	FALSE
ENSG00000253629.1	4.86894169806134	4.9348416226987	5.79798612915623	2.6343248246361	NA	NA	NA	FALSE
ENSG00000253851.1	7.91406620412931	-29.952396374257	5.83965038347091	2.27044055748297	NA	NA	NA	FALSE
ENSG00000253877.6	20.7858926374156	5.90822908090444	2.01582649116277	17.3307912455814	NA	NA	LINC01608	FALSE
ENSG00000256512.1	3.47589403281329	-4.77409580125729	5.86840219778544	4.09408021630575	NA	NA	NA	FALSE
ENSG00000257553.1	6.62964640065214	30	5.73109520415564	3.79172343176275	NA	NA	NA	FALSE
ENSG00000257767.3	31.5272990088057	-7.01727079031154	2.65960744529722	6.4626462934801	NA	NA	NA	FALSE
ENSG00000258752.2	65.5435956994483	-4.54867688363088	1.37492645516886	20.296044054457	NA	NA	FOXN3-AS3	FALSE
ENSG00000259018.1	3.02216950883209	6.47377183144862	5.81287062268091	3.54961276972154	NA	NA	NA	FALSE
ENSG00000259045.1	6.68528797478012	-0.963400711601723	3.41672271952143	4.05078065503409	NA	NA	MTCO1P2	FALSE
ENSG00000260027.5	61.6652122032021	-1.85039484616715	3.82773001171269	3.94293683421427	NA	NA	HOXB7	FALSE
ENSG00000261329.7	33.0764569101219	3.94696754049235	1.54589157720236	11.1435799585093	NA	NA	NA	FALSE
ENSG00000262902.1	13.7001678218524	2.98177692570477	2.02270057615313	9.3372346238119	NA	NA	MTCO1P40	FALSE
ENSG00000264204.2	52.3088518390619	0.330605584640509	1.98499044697179	26.9922445484744	NA	NA	AGAP7P	FALSE
ENSG00000266844.1	3833.51902374755	14.0841395976573	2.12774769576189	45.9701304505359	NA	NA	MBP-AS1	FALSE
ENSG00000267062.1	19.3094871322633	30	5.8074096814801	6.15664601906501	NA	NA	NA	FALSE
ENSG00000267601.1	24.5921572323506	-24.6816931118468	5.82777928496968	1.74097833516541	NA	NA	NA	FALSE
ENSG00000268083.5	15.7118816094801	19.2657065856389	5.80518519698135	3.58446661334045	NA	NA	NA	FALSE
ENSG00000268518.1	27.0399109846947	9.25923402783197	2.41298499831229	22.2325838452597	NA	NA	MYREM	FALSE
ENSG00000269292.1	126.35352403491	9.58197858966369	5.79575158022223	6.07983807008283	NA	NA	NA	FALSE
ENSG00000270225.1	9.60035686637922	16.5575404426264	5.85613694343327	1.45381030280481	NA	NA	MTCO2P22	FALSE
ENSG00000272600.1	4.14052610456365	6.48952529736662	3.85463841607762	3.98020377422314	NA	NA	NA	FALSE
ENSG00000272742.1	22.382463519726	22.9831401055571	5.81122672099115	4.71679187346032	NA	NA	NA	FALSE
ENSG00000274012.1	1701.33345138384	-2.66986583838246	1.1538086914548	10.6848901908916	NA	NA	RN7SL2	FALSE
ENSG00000275395.7	471.967872904775	-3.24257082679649	1.22424511737873	15.5665965541369	NA	NA	FCGBP	FALSE
ENSG00000276771.1	1.47760099891551	-4.60351282445354	5.87009557311178	1.48642531166563	NA	NA	NA	FALSE
ENSG00000277694.1	1.9038987055577	-5.62941119092729	5.80051263829629	1.18225148501626	NA	NA	NA	FALSE
ENSG00000278097.1	3.13351976415064	6.64006620501164	5.32233187543445	3.7390605130233	NA	NA	NA	FALSE
ENSG00000279419.1	25.266372280294	5.75585484261535	1.89027320676316	15.9058952958693	NA	NA	NA	FALSE
ENSG00000280614.1	35022.8981357222	-3.36095614266528	1.2546956636887	13.8064860324408	NA	NA	NA	FALSE
ENSG00000280800.1	35022.8981357222	-3.36095614266528	1.2546956636887	13.8064860324408	NA	NA	NA	FALSE
ENSG00000281181.1	34921.1299778036	-3.35794539483973	1.26478009923303	13.6708548004036	NA	NA	NA	FALSE
ENSG00000285957.1	17.9986136390151	9.19460322377424	2.25377218037879	15.8334727184143	NA	NA	NA	FALSE
ENSG00000287387.1	19.8189323752415	6.50491437059103	2.54076840808029	10.767466019038	NA	NA	NA	FALSE
ENSG00000287677.2	27.013230804998	3.79184960545348	1.40588836894282	23.7123455228451	NA	NA	NA	FALSE
ENSG00000288642.1	239.586625746795	-4.65321993034817	1.66533797568127	13.4477146581397	NA	NA	CDR1	FALSE
ENSG00000289449.1	271.364630145973	4.67028326795099	1.6831678287991	12.3962256454294	NA	NA	NA	FALSE
ENSG00000289474.2	68.2346146511166	3.87239411714794	2.23491823711145	27.0653129350561	NA	NA	NA	FALSE
