pathway	pval	padj	log2err	ES	NES	size	leadingEdge
DESCARTES_FETAL_HEART_SATB2_LRRC7_POSITIVE_CELLS	3.09350643050084e-17	9.52799980594259e-15	1.06720998682811	0.825683270046772	2.59678578727795	115	ENSG00000136535;ENSG00000106689;ENSG00000186960;ENSG00000186732;ENSG00000176165;ENSG00000231764;ENSG00000101134;ENSG00000153266;ENSG00000119042;ENSG00000225953;ENSG00000256637;ENSG00000164076;ENSG00000164794;ENSG00000183287;ENSG00000235597;ENSG00000233639;ENSG00000048540;ENSG00000188580;ENSG00000183662;ENSG00000215196;ENSG00000254377;ENSG00000198822;ENSG00000164600;ENSG00000198963;ENSG00000109956;ENSG00000187122;ENSG00000273079;ENSG00000164082;ENSG00000198914;ENSG00000101188;ENSG00000132975;ENSG00000142408;ENSG00000165084;ENSG00000121753;ENSG00000156687;ENSG00000150556;ENSG00000250686;ENSG00000249509;ENSG00000255693;ENSG00000100346;ENSG00000072315;ENSG00000165323;ENSG00000130287;ENSG00000175497;ENSG00000099715;ENSG00000184613;ENSG00000146006;ENSG00000233723
ZHONG_PFC_C3_MICROGLIA	1.66010751365306e-30	1.02262622841029e-27	1.43181244608859	0.691317652812746	2.5446721580085	487	ENSG00000186732;ENSG00000119866;ENSG00000101134;ENSG00000115844;ENSG00000119042;ENSG00000077522;ENSG00000185668;ENSG00000143013;ENSG00000112186;ENSG00000221866;ENSG00000164076;ENSG00000113645;ENSG00000151090;ENSG00000133627;ENSG00000033122;ENSG00000183287;ENSG00000197872;ENSG00000183307;ENSG00000170921;ENSG00000235597;ENSG00000172803;ENSG00000157470;ENSG00000145242;ENSG00000112183;ENSG00000125675;ENSG00000188580;ENSG00000100884;ENSG00000123119;ENSG00000178662;ENSG00000112290;ENSG00000149256;ENSG00000119125;ENSG00000142686;ENSG00000060709;ENSG00000011332;ENSG00000167654;ENSG00000187902;ENSG00000105926;ENSG00000164600;ENSG00000085433;ENSG00000184916;ENSG00000116852;ENSG00000110841;ENSG00000139220;ENSG00000186487;ENSG00000112320;ENSG00000187122;ENSG00000188042;ENSG00000074416;ENSG00000121769;ENSG00000178531;ENSG00000104419;ENSG00000129990;ENSG00000175183;ENSG00000158560;ENSG00000185070;ENSG00000005249;ENSG00000225465;ENSG00000069188;ENSG00000130540;ENSG00000113657;ENSG00000163171;ENSG00000114861;ENSG00000132975;ENSG00000164116;ENSG00000168772;ENSG00000142408;ENSG00000163629;ENSG00000122733;ENSG00000133083;ENSG00000117020;ENSG00000121753;ENSG00000162545;ENSG00000075945;ENSG00000109265;ENSG00000152894;ENSG00000186684;ENSG00000106089;ENSG00000087095;ENSG00000240694;ENSG00000123213;ENSG00000185950;ENSG00000178074;ENSG00000118507;ENSG00000116679;ENSG00000105647;ENSG00000167414;ENSG00000107130;ENSG00000158856;ENSG00000158445;ENSG00000137285;ENSG00000154277;ENSG00000182809;ENSG00000129682;ENSG00000114405;ENSG00000163536;ENSG00000120438;ENSG00000084731;ENSG00000145934;ENSG00000116649;ENSG00000137267;ENSG00000114554;ENSG00000151778;ENSG00000055163;ENSG00000104427;ENSG00000083812;ENSG00000141258;ENSG00000122585;ENSG00000007264;ENSG00000015592;ENSG00000203685;ENSG00000147650;ENSG00000110786;ENSG00000104059;ENSG00000165323;ENSG00000130287;ENSG00000131711;ENSG00000084676;ENSG00000122679;ENSG00000167552;ENSG00000141404;ENSG00000136783;ENSG00000185800;ENSG00000197283;ENSG00000138698;ENSG00000075340;ENSG00000145362;ENSG00000176956;ENSG00000148948;ENSG00000119782;ENSG00000151490;ENSG00000104435;ENSG00000198836;ENSG00000155816;ENSG00000080823;ENSG00000151079;ENSG00000092964;ENSG00000184613;ENSG00000143126;ENSG00000114279;ENSG00000087495;ENSG00000015676;ENSG00000165434;ENSG00000258947;ENSG00000097021;ENSG00000154096;ENSG00000221946;ENSG00000094796;ENSG00000113161;ENSG00000064042;ENSG00000123240;ENSG00000181191;ENSG00000152402;ENSG00000115306;ENSG00000128266;ENSG00000170091;ENSG00000105649;ENSG00000127585;ENSG00000134283;ENSG00000160293;ENSG00000141873;ENSG00000127561;ENSG00000020129;ENSG00000100167;ENSG00000154118;ENSG00000172995;ENSG00000183715;ENSG00000161082;ENSG00000004777;ENSG00000153902;ENSG00000101204;ENSG00000148606;ENSG00000159409;ENSG00000141668;ENSG00000087258;ENSG00000137261;ENSG00000157216;ENSG00000171843;ENSG00000177875;ENSG00000143862;ENSG00000181195;ENSG00000092051;ENSG00000134443;ENSG00000183317;ENSG00000167535;ENSG00000164742;ENSG00000169504;ENSG00000179915;ENSG00000101958;ENSG00000184489;ENSG00000173114;ENSG00000171160;ENSG00000133169;ENSG00000149294;ENSG00000188191;ENSG00000162512;ENSG00000003249;ENSG00000169258
DESCARTES_FETAL_LUNG_VISCERAL_NEURONS	8.76756113928304e-16	1.80027255393278e-13	1.02766987054358	0.738493887475103	2.52733411498823	207	ENSG00000106689;ENSG00000144355;ENSG00000186960;ENSG00000176165;ENSG00000231764;ENSG00000119042;ENSG00000225953;ENSG00000256637;ENSG00000111249;ENSG00000033122;ENSG00000139364;ENSG00000140557;ENSG00000235597;ENSG00000233639;ENSG00000145242;ENSG00000125675;ENSG00000184156;ENSG00000152969;ENSG00000159307;ENSG00000156475;ENSG00000237515;ENSG00000011332;ENSG00000225206;ENSG00000167654;ENSG00000137968;ENSG00000198822;ENSG00000164600;ENSG00000198963;ENSG00000044524;ENSG00000162975;ENSG00000139220;ENSG00000186487;ENSG00000109956;ENSG00000170579;ENSG00000146469;ENSG00000066032;ENSG00000134121;ENSG00000198914;ENSG00000130540;ENSG00000176749;ENSG00000271860;ENSG00000156687;ENSG00000174145;ENSG00000158445;ENSG00000137285;ENSG00000249509;ENSG00000129682;ENSG00000197977;ENSG00000113361;ENSG00000137267;ENSG00000015592;ENSG00000130287;ENSG00000131711;ENSG00000213190;ENSG00000075340;ENSG00000151490;ENSG00000104435;ENSG00000134363;ENSG00000169933;ENSG00000165973;ENSG00000087495;ENSG00000258947;ENSG00000233723;ENSG00000078328;ENSG00000165194;ENSG00000170091;ENSG00000152092;ENSG00000168959;ENSG00000120437;ENSG00000130558;ENSG00000127561;ENSG00000100167;ENSG00000011677;ENSG00000162490;ENSG00000172995;ENSG00000184486;ENSG00000161082;ENSG00000002746;ENSG00000226053;ENSG00000157851;ENSG00000150361;ENSG00000264515;ENSG00000092051;ENSG00000173406
ZHONG_PFC_C8_UNKNOWN_NEUROD2_POS_INTERNEURON	2.09298696068532e-09	1.84182852540308e-07	0.774939030136436	0.791619396737403	2.39172503519944	84	ENSG00000106689;ENSG00000101134;ENSG00000077522;ENSG00000155926;ENSG00000221866;ENSG00000183287;ENSG00000197872;ENSG00000131773;ENSG00000123119;ENSG00000164600;ENSG00000103316;ENSG00000184916;ENSG00000109956;ENSG00000010818;ENSG00000121769;ENSG00000175183;ENSG00000117411;ENSG00000114861;ENSG00000142408;ENSG00000048991;ENSG00000152894;ENSG00000099864;ENSG00000116649;ENSG00000106123;ENSG00000275832;ENSG00000113805;ENSG00000152953;ENSG00000110042;ENSG00000176595;ENSG00000184613;ENSG00000104490;ENSG00000078328;ENSG00000158716;ENSG00000175445;ENSG00000116254;ENSG00000127561;ENSG00000088387;ENSG00000184486
FAN_EMBRYONIC_CTX_BIG_GROUPS_EXCITATORY_NEURON	2.71769303973494e-09	2.0926236405959e-07	0.774939030136436	0.864195105233892	2.36797949542233	47	ENSG00000106689;ENSG00000101134;ENSG00000119042;ENSG00000077522;ENSG00000155926;ENSG00000221866;ENSG00000164076;ENSG00000183287;ENSG00000235597;ENSG00000233639;ENSG00000156475;ENSG00000164600;ENSG00000171617;ENSG00000225783;ENSG00000134138;ENSG00000129990;ENSG00000175183;ENSG00000158560;ENSG00000142408;ENSG00000048991;ENSG00000106123;ENSG00000184613;ENSG00000078328;ENSG00000088387;ENSG00000172995;ENSG00000184486
ZHONG_PFC_C7_ORG_UNDERGOING_NEURONAL_DIFFERENTIATION	3.6883429671835e-07	1.20850502478949e-05	0.674962860011025	0.763613238904937	2.24573555093702	67	ENSG00000081189;ENSG00000119042;ENSG00000155926;ENSG00000139364;ENSG00000150594;ENSG00000100503;ENSG00000171617;ENSG00000103316;ENSG00000197147;ENSG00000044524;ENSG00000186487;ENSG00000225783;ENSG00000072201;ENSG00000104419;ENSG00000134121;ENSG00000158560;ENSG00000142408;ENSG00000165084;ENSG00000196935;ENSG00000070444;ENSG00000151778;ENSG00000112414;ENSG00000141441;ENSG00000094796;ENSG00000078328;ENSG00000100246;ENSG00000172995;ENSG00000150672;ENSG00000171843;ENSG00000170500;ENSG00000165868;ENSG00000101958
DESCARTES_MAIN_FETAL_SATB2_LRRC7_POSITIVE_CELLS	2.60400949724492e-07	9.4357050017816e-06	0.674962860011025	0.676431858148621	2.17055648836287	128	ENSG00000176165;ENSG00000225953;ENSG00000236653;ENSG00000101292;ENSG00000164076;ENSG00000100276;ENSG00000259964;ENSG00000159307;ENSG00000112290;ENSG00000164600;ENSG00000217236;ENSG00000109956;ENSG00000117632;ENSG00000175183;ENSG00000198914;ENSG00000225465;ENSG00000176749;ENSG00000138769;ENSG00000175414;ENSG00000259404;ENSG00000121753;ENSG00000237862;ENSG00000167414;ENSG00000084731;ENSG00000116649;ENSG00000229240;ENSG00000184319;ENSG00000203772;ENSG00000185875;ENSG00000178397;ENSG00000164129;ENSG00000105649;ENSG00000100167;ENSG00000184486;ENSG00000004777;ENSG00000232520;ENSG00000142235;ENSG00000042304;ENSG00000166924;ENSG00000146453
ZHONG_PFC_MAJOR_TYPES_INTERNEURON	1.40290283549514e-07	5.76125431110006e-06	0.690132458796796	0.929735870940964	2.15512136355304	18	ENSG00000144355;ENSG00000105880;ENSG00000004848;ENSG00000106852;ENSG00000115844;ENSG00000081189;ENSG00000102024
DESCARTES_FETAL_CEREBRUM_EXCITATORY_NEURONS	4.84970241839517e-07	1.49370834486571e-05	0.659444398037935	0.898831948811143	2.11270579972844	20	ENSG00000136535;ENSG00000186732;ENSG00000153266;ENSG00000119042;ENSG00000113389;ENSG00000086717;ENSG00000256637;ENSG00000091137;ENSG00000250125
DESCARTES_FETAL_LUNG_VASCULAR_ENDOTHELIAL_CELLS	0.000166179096898557	0.00255915809223778	0.518848077743792	0.754766749838388	2.0823596842453	48	ENSG00000106852;ENSG00000113389;ENSG00000145632;ENSG00000214357;ENSG00000111981;ENSG00000131015;ENSG00000171509;ENSG00000171864
ZHONG_PFC_C6_DLX5_GAD1_GAD2_POS_INTERNEURON	7.6697618252319e-07	2.24979680206802e-05	0.659444398037935	0.926799605632698	2.05835114526169	15	ENSG00000105880;ENSG00000004848;ENSG00000115844;ENSG00000198797
FAN_OVARY_CL1_GPRC5A_TNFRS12A_HIGH_SELECTABLE_FOLLICLE_STROMAL_CELL	7.51773839666058e-10	9.26185370468583e-08	0.801215574617779	0.568172101018722	2.04340758261534	378	ENSG00000276023;ENSG00000048162;ENSG00000164934;ENSG00000163938;ENSG00000160818;ENSG00000103342;ENSG00000161960;ENSG00000105821;ENSG00000071127;ENSG00000101367;ENSG00000104131;ENSG00000198431;ENSG00000158747;ENSG00000170027;ENSG00000115641;ENSG00000086189;ENSG00000183520;ENSG00000082153;ENSG00000105971;ENSG00000173598;ENSG00000139132;ENSG00000115946;ENSG00000109519;ENSG00000107937;ENSG00000150753;ENSG00000165732;ENSG00000136997;ENSG00000108829;ENSG00000100664;ENSG00000142864;ENSG00000182481;ENSG00000170515;ENSG00000031698;ENSG00000135241;ENSG00000164134;ENSG00000120705;ENSG00000146731;ENSG00000120438;ENSG00000168374;ENSG00000221914;ENSG00000189241;ENSG00000109332;ENSG00000163811;ENSG00000171621;ENSG00000123505;ENSG00000053372;ENSG00000198492;ENSG00000135316;ENSG00000131711;ENSG00000104695;ENSG00000150991;ENSG00000179820;ENSG00000167552;ENSG00000116717;ENSG00000086061;ENSG00000174574;ENSG00000133316;ENSG00000091164;ENSG00000087074;ENSG00000013588;ENSG00000106615;ENSG00000123562;ENSG00000090006;ENSG00000108588;ENSG00000151247;ENSG00000121579;ENSG00000069345;ENSG00000108064;ENSG00000120694;ENSG00000155438;ENSG00000174173;ENSG00000115053;ENSG00000065154;ENSG00000115520;ENSG00000113712;ENSG00000132661;ENSG00000146457;ENSG00000143621;ENSG00000163605;ENSG00000109971;ENSG00000114784;ENSG00000175606;ENSG00000172465;ENSG00000115484;ENSG00000109814;ENSG00000164949;ENSG00000117143;ENSG00000075785;ENSG00000196305;ENSG00000197170;ENSG00000153037;ENSG00000134333;ENSG00000013275;ENSG00000166197;ENSG00000108561;ENSG00000166226;ENSG00000101558;ENSG00000141030;ENSG00000177889;ENSG00000143753;ENSG00000131981;ENSG00000179041;ENSG00000113460;ENSG00000146223;ENSG00000132341;ENSG00000065911;ENSG00000113575;ENSG00000154640;ENSG00000115310;ENSG00000143153;ENSG00000154582;ENSG00000197451;ENSG00000105993;ENSG00000023909;ENSG00000168028;ENSG00000188229;ENSG00000162595;ENSG00000107581;ENSG00000196419;ENSG00000158417;ENSG00000163468;ENSG00000239672;ENSG00000116260;ENSG00000106682;ENSG00000116161;ENSG00000115541;ENSG00000173221;ENSG00000130303;ENSG00000222041;ENSG00000084623;ENSG00000173418;ENSG00000142192;ENSG00000096384;ENSG00000138385;ENSG00000164615;ENSG00000100591;ENSG00000178053;ENSG00000113013;ENSG00000060138;ENSG00000023287;ENSG00000170759;ENSG00000150347;ENSG00000101421;ENSG00000184009;ENSG00000106591;ENSG00000147465;ENSG00000232956;ENSG00000114473;ENSG00000070756;ENSG00000123395;ENSG00000006327;ENSG00000170881;ENSG00000117519;ENSG00000197019;ENSG00000065978;ENSG00000105974;ENSG00000169641;ENSG00000117500;ENSG00000132510;ENSG00000145907;ENSG00000147649;ENSG00000163565;ENSG00000147677;ENSG00000100219;ENSG00000171490;ENSG00000204590;ENSG00000130204;ENSG00000112208;ENSG00000169813;ENSG00000023734;ENSG00000165775;ENSG00000168439;ENSG00000118515
ZHONG_PFC_C3_ASTROCYTE	1.05257129628928e-09	1.08063986419032e-07	0.788186810800237	0.55996508097924	2.02646311848403	386	ENSG00000144355;ENSG00000081189;ENSG00000119042;ENSG00000086717;ENSG00000164951;ENSG00000221866;ENSG00000164076;ENSG00000151090;ENSG00000136153;ENSG00000033122;ENSG00000183287;ENSG00000099260;ENSG00000091137;ENSG00000187164;ENSG00000130751;ENSG00000060709;ENSG00000167654;ENSG00000171617;ENSG00000184916;ENSG00000117155;ENSG00000139220;ENSG00000225783;ENSG00000066248;ENSG00000187122;ENSG00000188641;ENSG00000169554;ENSG00000067191;ENSG00000089234;ENSG00000129990;ENSG00000162522;ENSG00000158560;ENSG00000185070;ENSG00000172426;ENSG00000005249;ENSG00000225465;ENSG00000182022;ENSG00000176749;ENSG00000170027;ENSG00000204217;ENSG00000113657;ENSG00000138769;ENSG00000059915;ENSG00000108960;ENSG00000142408;ENSG00000106723;ENSG00000117020;ENSG00000137727;ENSG00000154639;ENSG00000198598;ENSG00000174871;ENSG00000186684;ENSG00000106089;ENSG00000166257;ENSG00000087095;ENSG00000033327;ENSG00000197063;ENSG00000099308;ENSG00000116954;ENSG00000145014;ENSG00000100604;ENSG00000143324;ENSG00000142449;ENSG00000153253;ENSG00000143147;ENSG00000083812;ENSG00000176788;ENSG00000113805;ENSG00000019505;ENSG00000141404;ENSG00000137309;ENSG00000119888;ENSG00000116731;ENSG00000162687;ENSG00000143126;ENSG00000165434;ENSG00000168952;ENSG00000103056;ENSG00000206579;ENSG00000165194;ENSG00000128266;ENSG00000170091;ENSG00000048740;ENSG00000105649;ENSG00000183186;ENSG00000175445;ENSG00000116254;ENSG00000127561;ENSG00000177181;ENSG00000143079;ENSG00000169432;ENSG00000178773;ENSG00000172995;ENSG00000108262;ENSG00000161082;ENSG00000114923
TRAVAGLINI_LUNG_BRONCHIAL_VESSEL_2_CELL	5.5866211371993e-08	2.86779885042898e-06	0.719512826338911	0.575152618778457	2.00938689008151	266	ENSG00000081189;ENSG00000099260;ENSG00000131015;ENSG00000111859;ENSG00000134758;ENSG00000179388;ENSG00000164934;ENSG00000155090;ENSG00000175895;ENSG00000074416;ENSG00000125870;ENSG00000104131;ENSG00000137947;ENSG00000163171;ENSG00000082153;ENSG00000162642;ENSG00000113387;ENSG00000165732;ENSG00000136997;ENSG00000116679;ENSG00000168374;ENSG00000148154;ENSG00000106537;ENSG00000140105;ENSG00000075624;ENSG00000132603;ENSG00000109332;ENSG00000125740;ENSG00000150991;ENSG00000043591;ENSG00000086061;ENSG00000133789;ENSG00000148339;ENSG00000102804;ENSG00000001630;ENSG00000067064;ENSG00000128245;ENSG00000123416;ENSG00000105835;ENSG00000120738;ENSG00000115520;ENSG00000143621;ENSG00000176597;ENSG00000109971;ENSG00000173812;ENSG00000112335;ENSG00000196428;ENSG00000175606;ENSG00000171223;ENSG00000011422;ENSG00000117143;ENSG00000134333;ENSG00000134107;ENSG00000159200;ENSG00000073921;ENSG00000163638;ENSG00000145708;ENSG00000153234;ENSG00000133872;ENSG00000144566;ENSG00000169504;ENSG00000189306;ENSG00000067334;ENSG00000154582;ENSG00000167088;ENSG00000143256;ENSG00000079332;ENSG00000106546;ENSG00000164741;ENSG00000142684;ENSG00000137575;ENSG00000188229;ENSG00000059804;ENSG00000196843;ENSG00000137876;ENSG00000084623;ENSG00000139083;ENSG00000186594;ENSG00000096384;ENSG00000143322;ENSG00000124762;ENSG00000101335;ENSG00000060138;ENSG00000184009;ENSG00000057657;ENSG00000142867;ENSG00000139832;ENSG00000113070;ENSG00000196628;ENSG00000070761;ENSG00000173334;ENSG00000091972;ENSG00000157557;ENSG00000113739;ENSG00000006327;ENSG00000119669;ENSG00000197019;ENSG00000105443;ENSG00000090104;ENSG00000148841;ENSG00000198833;ENSG00000132510;ENSG00000163565;ENSG00000185010;ENSG00000115875;ENSG00000099860;ENSG00000169813;ENSG00000128016;ENSG00000176435;ENSG00000115904
MANNO_MIDBRAIN_NEUROTYPES_HRN	2.63718391720933e-08	1.47682299363722e-06	0.73376198835648	0.561236443594977	2.00095624261109	332	ENSG00000119866;ENSG00000185668;ENSG00000061337;ENSG00000139364;ENSG00000229847;ENSG00000183307;ENSG00000170370;ENSG00000184156;ENSG00000188580;ENSG00000117600;ENSG00000152969;ENSG00000131773;ENSG00000248540;ENSG00000167178;ENSG00000254377;ENSG00000167654;ENSG00000171617;ENSG00000116852;ENSG00000139220;ENSG00000225783;ENSG00000134775;ENSG00000117632;ENSG00000066032;ENSG00000162630;ENSG00000005249;ENSG00000176749;ENSG00000066735;ENSG00000170027;ENSG00000113657;ENSG00000163171;ENSG00000166206;ENSG00000114757;ENSG00000133083;ENSG00000152503;ENSG00000154639;ENSG00000052795;ENSG00000077264;ENSG00000121989;ENSG00000163637;ENSG00000119446;ENSG00000137285;ENSG00000154277;ENSG00000084731;ENSG00000145934;ENSG00000054277;ENSG00000226479;ENSG00000100604;ENSG00000155974;ENSG00000153253;ENSG00000136261;ENSG00000079156;ENSG00000166974;ENSG00000176788;ENSG00000078018;ENSG00000049759;ENSG00000176204;ENSG00000186469;ENSG00000019505;ENSG00000015592;ENSG00000101746;ENSG00000069956;ENSG00000110786;ENSG00000130287;ENSG00000131711;ENSG00000213190;ENSG00000145362;ENSG00000136237;ENSG00000151490;ENSG00000104435;ENSG00000182287;ENSG00000084070;ENSG00000152954;ENSG00000092964;ENSG00000135503;ENSG00000114279;ENSG00000145416;ENSG00000087495;ENSG00000165434;ENSG00000258947;ENSG00000107643;ENSG00000103056;ENSG00000141431;ENSG00000105520;ENSG00000078328;ENSG00000198673;ENSG00000198513;ENSG00000170091;ENSG00000145247;ENSG00000105649;ENSG00000127585;ENSG00000173452;ENSG00000120658;ENSG00000221823;ENSG00000180875;ENSG00000020129;ENSG00000100167;ENSG00000142700;ENSG00000161082;ENSG00000105290;ENSG00000159409;ENSG00000164099;ENSG00000142235;ENSG00000141668;ENSG00000151632;ENSG00000157216;ENSG00000116667;ENSG00000177875;ENSG00000172292;ENSG00000187134;ENSG00000197535;ENSG00000150361;ENSG00000251349;ENSG00000092051;ENSG00000110436;ENSG00000167535;ENSG00000170500;ENSG00000203668;ENSG00000272398;ENSG00000149243;ENSG00000196418;ENSG00000179915;ENSG00000101958;ENSG00000149294;ENSG00000169258;ENSG00000123684;ENSG00000143067;ENSG00000206052
FAN_EMBRYONIC_CTX_ASTROCYTE_1	0.000491433799537049	0.00617802490846576	0.477270815362862	0.644613780886406	1.93056415637377	79	ENSG00000176165;ENSG00000101134;ENSG00000182704;ENSG00000105088;ENSG00000211448;ENSG00000198822;ENSG00000186998;ENSG00000145824;ENSG00000164199;ENSG00000057252;ENSG00000124772;ENSG00000092820;ENSG00000130287;ENSG00000122679;ENSG00000189238;ENSG00000184232;ENSG00000204950;ENSG00000118495;ENSG00000134824;ENSG00000211445;ENSG00000131981;ENSG00000146250;ENSG00000176907
CUI_DEVELOPING_HEART_C8_MACROPHAGE	2.25618874747729e-06	5.34543180171542e-05	0.627256739718528	0.549691772938663	1.92459345488435	272	ENSG00000081189;ENSG00000155926;ENSG00000204397;ENSG00000143549;ENSG00000111252;ENSG00000131236;ENSG00000102879;ENSG00000153310;ENSG00000158050;ENSG00000162783;ENSG00000116741;ENSG00000163931;ENSG00000176788;ENSG00000125740;ENSG00000204103;ENSG00000110324;ENSG00000147010;ENSG00000084070;ENSG00000111229;ENSG00000145416;ENSG00000067082;ENSG00000105835;ENSG00000241553;ENSG00000137752;ENSG00000176597;ENSG00000112096;ENSG00000137161;ENSG00000171223;ENSG00000147416;ENSG00000011422;ENSG00000043462;ENSG00000114353;ENSG00000182578;ENSG00000106066;ENSG00000177885;ENSG00000107968;ENSG00000172216;ENSG00000100600;ENSG00000124491;ENSG00000153234;ENSG00000150977;ENSG00000146112;ENSG00000155629;ENSG00000130775;ENSG00000177575;ENSG00000171051;ENSG00000163694;ENSG00000167851;ENSG00000142669;ENSG00000081237;ENSG00000059804;ENSG00000164733;ENSG00000184922;ENSG00000103187;ENSG00000162711;ENSG00000112799;ENSG00000173221;ENSG00000130303;ENSG00000138071;ENSG00000143119;ENSG00000260314;ENSG00000132965;ENSG00000159189;ENSG00000124762;ENSG00000171659;ENSG00000137841;ENSG00000233276;ENSG00000137491;ENSG00000173369;ENSG00000158869;ENSG00000159216;ENSG00000028137;ENSG00000100055;ENSG00000254087;ENSG00000155307;ENSG00000162924;ENSG00000140749;ENSG00000167613;ENSG00000137331;ENSG00000129226;ENSG00000113070;ENSG00000121281;ENSG00000070756;ENSG00000126264;ENSG00000185862;ENSG00000186517;ENSG00000145287;ENSG00000162511;ENSG00000005020;ENSG00000171860;ENSG00000150337;ENSG00000143878;ENSG00000090104;ENSG00000175567;ENSG00000146376;ENSG00000173372;ENSG00000134516;ENSG00000166927;ENSG00000169413;ENSG00000082074;ENSG00000111348;ENSG00000132334;ENSG00000155659;ENSG00000165168;ENSG00000099860;ENSG00000134996;ENSG00000128016;ENSG00000277632;ENSG00000118515;ENSG00000160255;ENSG00000115956;ENSG00000139278;ENSG00000169508;ENSG00000077420;ENSG00000176845;ENSG00000216490;ENSG00000197405;ENSG00000131724;ENSG00000130429;ENSG00000116701;ENSG00000066336;ENSG00000154589;ENSG00000140575;ENSG00000131042;ENSG00000143226;ENSG00000114013;ENSG00000128340;ENSG00000142347;ENSG00000026297;ENSG00000163106;ENSG00000163563;ENSG00000010327;ENSG00000196126;ENSG00000090382;ENSG00000168461;ENSG00000122862;ENSG00000110079;ENSG00000163131;ENSG00000104894;ENSG00000165025;ENSG00000221869;ENSG00000171522;ENSG00000163932;ENSG00000136167;ENSG00000130755;ENSG00000143384;ENSG00000197629;ENSG00000011600;ENSG00000161921;ENSG00000135821;ENSG00000119535;ENSG00000184060;ENSG00000107738;ENSG00000117410;ENSG00000180353;ENSG00000086730;ENSG00000170458;ENSG00000204525;ENSG00000203747;ENSG00000131446;ENSG00000204472;ENSG00000205352;ENSG00000160712
MANNO_MIDBRAIN_NEUROTYPES_HSERT	2.23154269268524e-08	1.47682299363722e-06	0.73376198835648	0.527565515346644	1.92188478015912	441	ENSG00000183307;ENSG00000082014;ENSG00000184156;ENSG00000188580;ENSG00000117600;ENSG00000183662;ENSG00000152969;ENSG00000178662;ENSG00000156475;ENSG00000060709;ENSG00000011332;ENSG00000167654;ENSG00000169783;ENSG00000159842;ENSG00000186998;ENSG00000139220;ENSG00000068615;ENSG00000158560;ENSG00000005249;ENSG00000225465;ENSG00000176749;ENSG00000170027;ENSG00000113657;ENSG00000138769;ENSG00000059915;ENSG00000196353;ENSG00000132975;ENSG00000142408;ENSG00000064726;ENSG00000104998;ENSG00000197380;ENSG00000174871;ENSG00000166257;ENSG00000240694;ENSG00000154217;ENSG00000118507;ENSG00000175264;ENSG00000184887;ENSG00000117598;ENSG00000158856;ENSG00000142875;ENSG00000154277;ENSG00000129682;ENSG00000163536;ENSG00000129951;ENSG00000145934;ENSG00000137267;ENSG00000100604;ENSG00000143324;ENSG00000153253;ENSG00000104427;ENSG00000166974;ENSG00000187672;ENSG00000176788;ENSG00000137843;ENSG00000124772;ENSG00000186469;ENSG00000019505;ENSG00000204851;ENSG00000015592;ENSG00000101746;ENSG00000131711;ENSG00000213190;ENSG00000261115;ENSG00000141404;ENSG00000196277;ENSG00000145362;ENSG00000176956;ENSG00000147010;ENSG00000119782;ENSG00000221890;ENSG00000104435;ENSG00000169933;ENSG00000154153;ENSG00000165973;ENSG00000145416;ENSG00000087495;ENSG00000151552;ENSG00000165434;ENSG00000258947;ENSG00000128245;ENSG00000097021;ENSG00000055813;ENSG00000103056;ENSG00000141431;ENSG00000105520;ENSG00000078328;ENSG00000181790;ENSG00000178235;ENSG00000198673;ENSG00000123240;ENSG00000165194;ENSG00000198513;ENSG00000140945;ENSG00000170091;ENSG00000127585;ENSG00000128872;ENSG00000168959;ENSG00000180875;ENSG00000064763;ENSG00000116254;ENSG00000127561;ENSG00000020129;ENSG00000186231;ENSG00000169432;ENSG00000178773;ENSG00000154118;ENSG00000154478;ENSG00000183715;ENSG00000161082;ENSG00000105290;ENSG00000114923;ENSG00000145990;ENSG00000101204;ENSG00000065559;ENSG00000159409;ENSG00000169213;ENSG00000142235;ENSG00000141668;ENSG00000151632;ENSG00000087258;ENSG00000177875;ENSG00000172568;ENSG00000187134;ENSG00000129355;ENSG00000197535;ENSG00000251349;ENSG00000092051;ENSG00000182601;ENSG00000170500;ENSG00000164742;ENSG00000166111;ENSG00000165868;ENSG00000096092;ENSG00000179915;ENSG00000101958;ENSG00000198689;ENSG00000131507;ENSG00000133169;ENSG00000149294;ENSG00000188191;ENSG00000182621;ENSG00000150394;ENSG00000206052;ENSG00000067715;ENSG00000171951;ENSG00000111897;ENSG00000156395;ENSG00000169851;ENSG00000182968;ENSG00000145428;ENSG00000175874;ENSG00000162981;ENSG00000120820;ENSG00000068831;ENSG00000077279;ENSG00000101098;ENSG00000101977;ENSG00000144596;ENSG00000150625;ENSG00000107282;ENSG00000067057;ENSG00000067606;ENSG00000101210;ENSG00000165644;ENSG00000101152;ENSG00000126950;ENSG00000241973;ENSG00000058404;ENSG00000182050;ENSG00000147642;ENSG00000186377
FAN_OVARY_CL18_B_LYMPHOCYTE	1.14500287667639e-07	5.0380126573761e-06	0.704975715167238	0.524098577852409	1.90963042875747	419	ENSG00000135334;ENSG00000213639;ENSG00000173726;ENSG00000163466;ENSG00000112137;ENSG00000164924;ENSG00000143549;ENSG00000115233;ENSG00000184007;ENSG00000158985;ENSG00000196396;ENSG00000198431;ENSG00000101109;ENSG00000137947;ENSG00000139233;ENSG00000111252;ENSG00000136490;ENSG00000082153;ENSG00000131236;ENSG00000102879;ENSG00000113387;ENSG00000165732;ENSG00000153310;ENSG00000169136;ENSG00000141522;ENSG00000151131;ENSG00000158710;ENSG00000182481;ENSG00000196072;ENSG00000115165;ENSG00000242247;ENSG00000010404;ENSG00000124225;ENSG00000120705;ENSG00000137265;ENSG00000054277;ENSG00000148154;ENSG00000106537;ENSG00000023445;ENSG00000116741;ENSG00000119801;ENSG00000170606;ENSG00000092203;ENSG00000092820;ENSG00000110880;ENSG00000198492;ENSG00000177879;ENSG00000114942;ENSG00000086061;ENSG00000174574;ENSG00000015475;ENSG00000115241;ENSG00000243927;ENSG00000121579;ENSG00000138757;ENSG00000111229;ENSG00000101745;ENSG00000125037;ENSG00000120694;ENSG00000136950;ENSG00000184203;ENSG00000103257;ENSG00000241553;ENSG00000109971;ENSG00000143420;ENSG00000108774;ENSG00000198843;ENSG00000137161;ENSG00000147416;ENSG00000115540;ENSG00000143106;ENSG00000120963;ENSG00000132463;ENSG00000177885;ENSG00000169217;ENSG00000100600;ENSG00000114850;ENSG00000164687;ENSG00000132341;ENSG00000171631;ENSG00000150977;ENSG00000133872;ENSG00000087086;ENSG00000124831;ENSG00000006451;ENSG00000130775;ENSG00000146072;ENSG00000122068;ENSG00000161057;ENSG00000167522;ENSG00000123983;ENSG00000089327;ENSG00000122034;ENSG00000142669;ENSG00000090273;ENSG00000188229;ENSG00000196843;ENSG00000104856;ENSG00000125304;ENSG00000089737;ENSG00000120742;ENSG00000106609;ENSG00000164733;ENSG00000184922;ENSG00000110172;ENSG00000174021;ENSG00000152492;ENSG00000095794;ENSG00000167996;ENSG00000122986;ENSG00000168675;ENSG00000116161;ENSG00000115541;ENSG00000118705;ENSG00000138071;ENSG00000143119;ENSG00000132965;ENSG00000099958;ENSG00000112110;ENSG00000022277;ENSG00000145860;ENSG00000233276;ENSG00000168282;ENSG00000242372;ENSG00000158869;ENSG00000141759;ENSG00000104951;ENSG00000105329;ENSG00000162924;ENSG00000239961;ENSG00000269404;ENSG00000129226;ENSG00000196628;ENSG00000149781;ENSG00000166562;ENSG00000070756;ENSG00000126264;ENSG00000173334;ENSG00000145901;ENSG00000185862;ENSG00000185651
TRAVAGLINI_LUNG_BRONCHIAL_VESSEL_1_CELL	3.44594217123936e-05	0.000606485822138127	0.557332238758646	0.542514235918474	1.86581004463041	221	ENSG00000081189;ENSG00000099260;ENSG00000048162;ENSG00000179388;ENSG00000163938;ENSG00000074416;ENSG00000104419;ENSG00000182240;ENSG00000137801;ENSG00000163171;ENSG00000102897;ENSG00000165732;ENSG00000122877;ENSG00000136997;ENSG00000142864;ENSG00000154217;ENSG00000148154;ENSG00000151468;ENSG00000106537;ENSG00000153815;ENSG00000136261;ENSG00000115350;ENSG00000116717;ENSG00000133789;ENSG00000074590;ENSG00000158716;ENSG00000120738;ENSG00000130558;ENSG00000175606;ENSG00000130300;ENSG00000234741;ENSG00000163597;ENSG00000117592;ENSG00000134333;ENSG00000134107;ENSG00000131981;ENSG00000167680;ENSG00000159200;ENSG00000163638;ENSG00000153234;ENSG00000065911;ENSG00000072110;ENSG00000167088;ENSG00000172809;ENSG00000140988;ENSG00000168028;ENSG00000196843;ENSG00000103187;ENSG00000137876;ENSG00000239672;ENSG00000115541;ENSG00000175602;ENSG00000096384;ENSG00000100353;ENSG00000124762;ENSG00000067057;ENSG00000101335;ENSG00000071082;ENSG00000088992;ENSG00000150347;ENSG00000133110;ENSG00000113070;ENSG00000126756;ENSG00000070756;ENSG00000144713;ENSG00000173334;ENSG00000157557;ENSG00000145912;ENSG00000198918;ENSG00000150907;ENSG00000086544;ENSG00000171490;ENSG00000118785;ENSG00000197756;ENSG00000161970
RUBENSTEIN_SKELETAL_MUSCLE_MYELOID_CELLS	1.46300508169175e-06	3.91830926227008e-05	0.643551836150722	0.520440252808958	1.85844606777311	344	ENSG00000146386;ENSG00000197872;ENSG00000163466;ENSG00000162704;ENSG00000204397;ENSG00000143549;ENSG00000161960;ENSG00000184007;ENSG00000136490;ENSG00000102879;ENSG00000113387;ENSG00000153310;ENSG00000057608;ENSG00000197006;ENSG00000196072;ENSG00000187840;ENSG00000158050;ENSG00000115091;ENSG00000116741;ENSG00000100300;ENSG00000075624;ENSG00000109332;ENSG00000163931;ENSG00000125740;ENSG00000115350;ENSG00000114942;ENSG00000159128;ENSG00000133316;ENSG00000110324;ENSG00000120533;ENSG00000087074;ENSG00000015475;ENSG00000182287;ENSG00000084070;ENSG00000111229;ENSG00000111237;ENSG00000105835;ENSG00000070831;ENSG00000137752;ENSG00000129625;ENSG00000135930;ENSG00000173812;ENSG00000112335;ENSG00000143420;ENSG00000112096;ENSG00000171223;ENSG00000011422;ENSG00000120963;ENSG00000106066;ENSG00000172216;ENSG00000114850;ENSG00000153234;ENSG00000062716;ENSG00000133872;ENSG00000087086;ENSG00000124831;ENSG00000146112;ENSG00000169230;ENSG00000138744;ENSG00000034510;ENSG00000171051;ENSG00000104763;ENSG00000172809;ENSG00000089327;ENSG00000165502;ENSG00000142669;ENSG00000081237;ENSG00000140988;ENSG00000085265;ENSG00000128383;ENSG00000120742;ENSG00000164733;ENSG00000103187;ENSG00000112799;ENSG00000167996;ENSG00000241343;ENSG00000102524;ENSG00000173221;ENSG00000138071;ENSG00000143119;ENSG00000138385;ENSG00000160213;ENSG00000124762;ENSG00000233276;ENSG00000115271;ENSG00000158869;ENSG00000115738;ENSG00000205542;ENSG00000187116;ENSG00000140749;ENSG00000137331;ENSG00000172757;ENSG00000129226;ENSG00000115539;ENSG00000070756;ENSG00000144713;ENSG00000126264;ENSG00000211450;ENSG00000196954;ENSG00000129559;ENSG00000170345;ENSG00000145287;ENSG00000162511;ENSG00000065978;ENSG00000150337;ENSG00000175567;ENSG00000198918;ENSG00000169021;ENSG00000166927;ENSG00000169413;ENSG00000082074;ENSG00000135441;ENSG00000111348;ENSG00000126883;ENSG00000165168;ENSG00000149357;ENSG00000134996;ENSG00000161970;ENSG00000197249;ENSG00000128016;ENSG00000277632;ENSG00000160255;ENSG00000115956;ENSG00000139278;ENSG00000182117;ENSG00000172115;ENSG00000216490;ENSG00000197405;ENSG00000130429;ENSG00000066336;ENSG00000154589;ENSG00000221983;ENSG00000228474;ENSG00000229117;ENSG00000198223;ENSG00000131469;ENSG00000131238;ENSG00000026297;ENSG00000169100;ENSG00000163563;ENSG00000196126;ENSG00000090382;ENSG00000135604;ENSG00000042753;ENSG00000123358;ENSG00000122862;ENSG00000163131;ENSG00000104894;ENSG00000102144;ENSG00000150681;ENSG00000174748;ENSG00000084207;ENSG00000136167;ENSG00000130755;ENSG00000143384;ENSG00000197629;ENSG00000011600
MANNO_MIDBRAIN_NEUROTYPES_HDA	2.6312237139014e-08	1.47682299363722e-06	0.73376198835648	0.504983252968406	1.85456148597766	495	ENSG00000119866;ENSG00000221866;ENSG00000033122;ENSG00000139364;ENSG00000197872;ENSG00000183307;ENSG00000145242;ENSG00000187164;ENSG00000169744;ENSG00000125675;ENSG00000184156;ENSG00000117600;ENSG00000183662;ENSG00000178662;ENSG00000254377;ENSG00000172159;ENSG00000197705;ENSG00000163873;ENSG00000167654;ENSG00000077063;ENSG00000183908;ENSG00000171617;ENSG00000116852;ENSG00000139220;ENSG00000186487;ENSG00000225783;ENSG00000163947;ENSG00000117632;ENSG00000112320;ENSG00000066032;ENSG00000153823;ENSG00000068615;ENSG00000134121;ENSG00000170381;ENSG00000225465;ENSG00000130540;ENSG00000101188;ENSG00000176749;ENSG00000196227;ENSG00000170027;ENSG00000113657;ENSG00000059915;ENSG00000163171;ENSG00000196353;ENSG00000166206;ENSG00000187391;ENSG00000133083;ENSG00000185630;ENSG00000162545;ENSG00000154639;ENSG00000187801;ENSG00000166257;ENSG00000087095;ENSG00000131242;ENSG00000175264;ENSG00000077264;ENSG00000158856;ENSG00000142875;ENSG00000137285;ENSG00000196935;ENSG00000154277;ENSG00000129682;ENSG00000148154;ENSG00000106537;ENSG00000226479;ENSG00000100604;ENSG00000143324;ENSG00000155974;ENSG00000153253;ENSG00000104427;ENSG00000187672;ENSG00000176788;ENSG00000078018;ENSG00000275832;ENSG00000137843;ENSG00000049759;ENSG00000186469;ENSG00000019505;ENSG00000204851;ENSG00000015592;ENSG00000139971;ENSG00000110786;ENSG00000165323;ENSG00000131711;ENSG00000213190;ENSG00000167552;ENSG00000261115;ENSG00000141404;ENSG00000145362;ENSG00000136237;ENSG00000176956;ENSG00000132604;ENSG00000151490;ENSG00000104435;ENSG00000182287;ENSG00000154153;ENSG00000156113;ENSG00000101745;ENSG00000135503;ENSG00000067798;ENSG00000179431;ENSG00000165966;ENSG00000087495;ENSG00000165434;ENSG00000258947;ENSG00000097021;ENSG00000103056;ENSG00000105520;ENSG00000206579;ENSG00000178235;ENSG00000123240;ENSG00000140945;ENSG00000128266;ENSG00000170091;ENSG00000127585;ENSG00000183186;ENSG00000128872;ENSG00000173452;ENSG00000116254;ENSG00000020129;ENSG00000186231;ENSG00000169432;ENSG00000165617;ENSG00000161082;ENSG00000068366;ENSG00000105290;ENSG00000114923;ENSG00000132535;ENSG00000101204;ENSG00000159409;ENSG00000142235;ENSG00000141668;ENSG00000151632;ENSG00000150672;ENSG00000087258;ENSG00000110400;ENSG00000143862;ENSG00000139200;ENSG00000172568;ENSG00000245750;ENSG00000145708;ENSG00000153234;ENSG00000187134;ENSG00000197535;ENSG00000150361;ENSG00000251349;ENSG00000092051;ENSG00000166924;ENSG00000085552;ENSG00000178385;ENSG00000182601;ENSG00000272398;ENSG00000196581;ENSG00000166111;ENSG00000149243
DURANTE_ADULT_OLFACTORY_NEUROEPITHELIUM_GLOBOSE_BASAL_CELLS	0.00449018368020574	0.0300647081196384	0.407017918923954	0.709939331483415	1.84403434829832	34	ENSG00000106689;ENSG00000170370;ENSG00000117632;ENSG00000167414;ENSG00000137285;ENSG00000196230;ENSG00000154277;ENSG00000015592;ENSG00000131711;ENSG00000167552;ENSG00000104435
DESCARTES_FETAL_CEREBRUM_INHIBITORY_NEURONS	0.00387093618466672	0.0266942012783997	0.431707695803346	0.708628863540702	1.83957204579704	33	ENSG00000144355;ENSG00000105880;ENSG00000004848;ENSG00000006377;ENSG00000115844;ENSG00000164651;ENSG00000231453;ENSG00000166863
FAN_OVARY_CL13_MONOCYTE_MACROPHAGE	3.72753173230524e-07	1.20850502478949e-05	0.674962860011025	0.501483543479303	1.83235764848202	453	ENSG00000146386;ENSG00000197872;ENSG00000163466;ENSG00000112137;ENSG00000164924;ENSG00000105887;ENSG00000162704;ENSG00000204397;ENSG00000143549;ENSG00000104765;ENSG00000188042;ENSG00000169554;ENSG00000184007;ENSG00000196396;ENSG00000198431;ENSG00000101109;ENSG00000163171;ENSG00000136490;ENSG00000082153;ENSG00000131236;ENSG00000102879;ENSG00000153310;ENSG00000169136;ENSG00000141522;ENSG00000158710;ENSG00000196072;ENSG00000115165;ENSG00000052795;ENSG00000084733;ENSG00000242247;ENSG00000115091;ENSG00000140105;ENSG00000116741;ENSG00000100300;ENSG00000075624;ENSG00000091039;ENSG00000176788;ENSG00000092820;ENSG00000110880;ENSG00000204103;ENSG00000137309;ENSG00000159128;ENSG00000110324;ENSG00000015475;ENSG00000182287;ENSG00000121579;ENSG00000111229;ENSG00000128245;ENSG00000111237;ENSG00000105835;ENSG00000241553;ENSG00000070831;ENSG00000137752;ENSG00000146457;ENSG00000133961;ENSG00000112335;ENSG00000255112;ENSG00000108774;ENSG00000266412;ENSG00000112096;ENSG00000148834;ENSG00000137161;ENSG00000147416;ENSG00000011422;ENSG00000107341;ENSG00000075785;ENSG00000114353;ENSG00000120963;ENSG00000134333;ENSG00000106066;ENSG00000177885;ENSG00000107968;ENSG00000172216;ENSG00000100600;ENSG00000131981;ENSG00000164687;ENSG00000150977;ENSG00000087086;ENSG00000124831;ENSG00000146112;ENSG00000006451;ENSG00000067334;ENSG00000130775;ENSG00000196839;ENSG00000002549;ENSG00000163694;ENSG00000104763;ENSG00000106546;ENSG00000103642;ENSG00000089327;ENSG00000142669;ENSG00000081237;ENSG00000085265;ENSG00000137575;ENSG00000178381;ENSG00000188229;ENSG00000164733;ENSG00000103187;ENSG00000174021;ENSG00000070961;ENSG00000095794;ENSG00000112799;ENSG00000169032;ENSG00000176170;ENSG00000167996;ENSG00000169756;ENSG00000116161;ENSG00000115541;ENSG00000102524;ENSG00000222041;ENSG00000138071;ENSG00000143119;ENSG00000132965;ENSG00000186594;ENSG00000112110;ENSG00000115919;ENSG00000108179;ENSG00000145860;ENSG00000143322;ENSG00000160213;ENSG00000090013;ENSG00000124762;ENSG00000233276;ENSG00000123130;ENSG00000158869;ENSG00000028137;ENSG00000205542;ENSG00000104951;ENSG00000101421;ENSG00000155307;ENSG00000162924;ENSG00000140749;ENSG00000137331;ENSG00000172757;ENSG00000184602;ENSG00000129226;ENSG00000149781;ENSG00000070756;ENSG00000126264;ENSG00000135077;ENSG00000145901;ENSG00000185862;ENSG00000185651;ENSG00000157557;ENSG00000196954;ENSG00000182220;ENSG00000162511;ENSG00000123689;ENSG00000065978;ENSG00000166128;ENSG00000090104;ENSG00000173372;ENSG00000172965;ENSG00000166927;ENSG00000169413;ENSG00000135441;ENSG00000111348;ENSG00000132334;ENSG00000155659;ENSG00000134996;ENSG00000197249;ENSG00000111275;ENSG00000173391;ENSG00000197448;ENSG00000145779;ENSG00000160255;ENSG00000115956;ENSG00000000938;ENSG00000139278
DESCARTES_FETAL_PANCREAS_ENS_NEURONS	0.000516634934199351	0.00636494238933601	0.477270815362862	0.55939782412138	1.8315824095653	154	ENSG00000105880;ENSG00000231764;ENSG00000006377;ENSG00000253633;ENSG00000152969;ENSG00000167178;ENSG00000172209;ENSG00000225206;ENSG00000167654;ENSG00000225783;ENSG00000146469;ENSG00000170381;ENSG00000130540;ENSG00000113657;ENSG00000113100;ENSG00000137285;ENSG00000154277;ENSG00000129682;ENSG00000129951;ENSG00000137267;ENSG00000122585;ENSG00000015592;ENSG00000131711;ENSG00000213190;ENSG00000167552;ENSG00000145362;ENSG00000104435;ENSG00000138650;ENSG00000116329;ENSG00000152954;ENSG00000087495;ENSG00000258947;ENSG00000170091;ENSG00000149927;ENSG00000130558;ENSG00000116254;ENSG00000127561;ENSG00000144452;ENSG00000162490;ENSG00000154118;ENSG00000164326;ENSG00000164989;ENSG00000002746;ENSG00000157851;ENSG00000181195;ENSG00000134443;ENSG00000259343;ENSG00000169258;ENSG00000260455;ENSG00000178233;ENSG00000155980;ENSG00000067715
FAN_OVARY_CL17_PUTATIVE_APOPTOTIC_SMOOTH_MUSCLE_CELL	9.65477300400304e-05	0.00155543021199861	0.538434096309916	0.531013346313673	1.83066882199231	230	ENSG00000276023;ENSG00000048162;ENSG00000163938;ENSG00000134001;ENSG00000161960;ENSG00000180957;ENSG00000175183;ENSG00000119508;ENSG00000173598;ENSG00000115946;ENSG00000150753;ENSG00000165732;ENSG00000100664;ENSG00000197498;ENSG00000146731;ENSG00000120438;ENSG00000151468;ENSG00000109332;ENSG00000163811;ENSG00000053372;ENSG00000131711;ENSG00000243927;ENSG00000102804;ENSG00000151247;ENSG00000121579;ENSG00000198668;ENSG00000110958;ENSG00000123416;ENSG00000065154;ENSG00000115520;ENSG00000143621;ENSG00000109971;ENSG00000173812;ENSG00000164949;ENSG00000211445;ENSG00000134333;ENSG00000143753;ENSG00000168140;ENSG00000179041;ENSG00000139112;ENSG00000132341;ENSG00000065911;ENSG00000072110;ENSG00000108106;ENSG00000213626;ENSG00000169504;ENSG00000067334;ENSG00000187513;ENSG00000184489;ENSG00000165502;ENSG00000105993;ENSG00000090273;ENSG00000182492;ENSG00000188229;ENSG00000196843;ENSG00000163468;ENSG00000095794;ENSG00000169756;ENSG00000116161;ENSG00000205362;ENSG00000115541;ENSG00000177311;ENSG00000222041;ENSG00000107796;ENSG00000186594;ENSG00000096384;ENSG00000112110;ENSG00000125741;ENSG00000100591;ENSG00000124762;ENSG00000113013;ENSG00000137726;ENSG00000101335;ENSG00000060138;ENSG00000108946;ENSG00000150347;ENSG00000137331;ENSG00000106591;ENSG00000114473;ENSG00000103196;ENSG00000157557;ENSG00000123395;ENSG00000006327;ENSG00000065978;ENSG00000105974;ENSG00000132510;ENSG00000172965;ENSG00000168734;ENSG00000100219;ENSG00000143248;ENSG00000099860;ENSG00000169813;ENSG00000181649;ENSG00000168439;ENSG00000105655
CUI_DEVELOPING_HEART_TRABECULAR_VENTRICULAR_CARDIOMYOCYTE	0.000485716947127292	0.00617802490846576	0.49849310876659	0.576073176857947	1.80308583402868	108	ENSG00000175906;ENSG00000048162;ENSG00000128045;ENSG00000170340;ENSG00000197798;ENSG00000104549;ENSG00000052802;ENSG00000182481;ENSG00000185847;ENSG00000136603;ENSG00000106537;ENSG00000184697;ENSG00000213190;ENSG00000087074;ENSG00000147955;ENSG00000138442;ENSG00000001630;ENSG00000117477;ENSG00000087495;ENSG00000113161;ENSG00000136943;ENSG00000164949;ENSG00000145147;ENSG00000157680;ENSG00000159200;ENSG00000272398;ENSG00000134375
MANNO_MIDBRAIN_NEUROTYPES_HOMTN	2.17632612606733e-06	5.34543180171542e-05	0.627256739718528	0.500270659628766	1.80184174104015	380	ENSG00000101134;ENSG00000061337;ENSG00000164951;ENSG00000112186;ENSG00000221866;ENSG00000183307;ENSG00000187164;ENSG00000117600;ENSG00000131773;ENSG00000248540;ENSG00000156475;ENSG00000060709;ENSG00000167654;ENSG00000169783;ENSG00000044524;ENSG00000139220;ENSG00000215845;ENSG00000117632;ENSG00000066032;ENSG00000186297;ENSG00000153823;ENSG00000068615;ENSG00000170381;ENSG00000005249;ENSG00000130540;ENSG00000066735;ENSG00000113657;ENSG00000115896;ENSG00000106536;ENSG00000114757;ENSG00000152503;ENSG00000075945;ENSG00000154639;ENSG00000123213;ENSG00000131242;ENSG00000158856;ENSG00000173166;ENSG00000164221;ENSG00000142875;ENSG00000137285;ENSG00000154277;ENSG00000129682;ENSG00000106829;ENSG00000145934;ENSG00000075213;ENSG00000137267;ENSG00000100604;ENSG00000153253;ENSG00000136261;ENSG00000104427;ENSG00000079156;ENSG00000176788;ENSG00000078018;ENSG00000186469;ENSG00000015592;ENSG00000069956;ENSG00000112182;ENSG00000131711;ENSG00000213190;ENSG00000167552;ENSG00000141404;ENSG00000145362;ENSG00000136237;ENSG00000104435;ENSG00000185567;ENSG00000084070;ENSG00000156113;ENSG00000184613;ENSG00000165973;ENSG00000117971;ENSG00000135503;ENSG00000171914;ENSG00000087495;ENSG00000146006;ENSG00000258947;ENSG00000097021;ENSG00000103056;ENSG00000105520;ENSG00000078328;ENSG00000206579;ENSG00000178235;ENSG00000198513;ENSG00000145247;ENSG00000139116;ENSG00000105649;ENSG00000128872;ENSG00000180875;ENSG00000130558;ENSG00000100167;ENSG00000169432;ENSG00000188916;ENSG00000154118;ENSG00000166342;ENSG00000157005;ENSG00000068366;ENSG00000105290;ENSG00000159409;ENSG00000166736;ENSG00000151632;ENSG00000170231;ENSG00000177875;ENSG00000139200;ENSG00000172568;ENSG00000187134;ENSG00000197535;ENSG00000251349;ENSG00000092051;ENSG00000166924;ENSG00000167535;ENSG00000272398;ENSG00000164742;ENSG00000166111;ENSG00000144119;ENSG00000165868;ENSG00000101958;ENSG00000173114;ENSG00000133169;ENSG00000182621;ENSG00000169258;ENSG00000145911;ENSG00000218336;ENSG00000206052;ENSG00000139915
HU_FETAL_RETINA_RGC	1.74597998792866e-06	4.48134863568355e-05	0.643551836150722	0.492328307037072	1.79351806100204	441	ENSG00000145242;ENSG00000112290;ENSG00000167178;ENSG00000156475;ENSG00000167654;ENSG00000085433;ENSG00000164924;ENSG00000175274;ENSG00000162704;ENSG00000102172;ENSG00000196376;ENSG00000143549;ENSG00000104765;ENSG00000225783;ENSG00000117632;ENSG00000187122;ENSG00000066032;ENSG00000121769;ENSG00000068615;ENSG00000129990;ENSG00000101220;ENSG00000170027;ENSG00000104549;ENSG00000113657;ENSG00000196353;ENSG00000144369;ENSG00000106536;ENSG00000133083;ENSG00000150753;ENSG00000152503;ENSG00000075945;ENSG00000154639;ENSG00000148925;ENSG00000052802;ENSG00000106089;ENSG00000182481;ENSG00000240694;ENSG00000123213;ENSG00000196072;ENSG00000084733;ENSG00000112972;ENSG00000176903;ENSG00000128656;ENSG00000128989;ENSG00000164221;ENSG00000137285;ENSG00000196935;ENSG00000196230;ENSG00000154277;ENSG00000182809;ENSG00000129682;ENSG00000114405;ENSG00000106829;ENSG00000120438;ENSG00000084731;ENSG00000137267;ENSG00000143324;ENSG00000153253;ENSG00000104427;ENSG00000166974;ENSG00000176788;ENSG00000078018;ENSG00000186469;ENSG00000019505;ENSG00000015592;ENSG00000130287;ENSG00000131711;ENSG00000177879;ENSG00000213190;ENSG00000167552;ENSG00000136783;ENSG00000138698;ENSG00000075340;ENSG00000145362;ENSG00000273841;ENSG00000175582;ENSG00000119782;ENSG00000104435;ENSG00000123562;ENSG00000183775;ENSG00000102804;ENSG00000092964;ENSG00000184613;ENSG00000111229;ENSG00000067064;ENSG00000160014;ENSG00000087495;ENSG00000165434;ENSG00000128245;ENSG00000097021;ENSG00000221946;ENSG00000126733;ENSG00000113161;ENSG00000131966;ENSG00000123240;ENSG00000198513;ENSG00000070831;ENSG00000138107;ENSG00000145247;ENSG00000133318;ENSG00000105649;ENSG00000128872;ENSG00000160310;ENSG00000120437;ENSG00000114784;ENSG00000234964;ENSG00000130558;ENSG00000064763;ENSG00000138413;ENSG00000127955;ENSG00000138801;ENSG00000169432;ENSG00000144320;ENSG00000157005;ENSG00000068366;ENSG00000105290;ENSG00000169213;ENSG00000079950;ENSG00000134333;ENSG00000177885;ENSG00000163875;ENSG00000141668;ENSG00000151632;ENSG00000118680;ENSG00000087258;ENSG00000183726;ENSG00000120265;ENSG00000164687;ENSG00000177875;ENSG00000008197;ENSG00000157851;ENSG00000187134;ENSG00000129355;ENSG00000150361;ENSG00000103145;ENSG00000167535;ENSG00000272398;ENSG00000164742;ENSG00000104967;ENSG00000115310;ENSG00000182195;ENSG00000149243;ENSG00000165868;ENSG00000104388;ENSG00000096092;ENSG00000101132;ENSG00000143256;ENSG00000079459;ENSG00000034510;ENSG00000173114;ENSG00000133169;ENSG00000149294;ENSG00000123983;ENSG00000003249;ENSG00000142669;ENSG00000218336;ENSG00000155980;ENSG00000166833;ENSG00000144635;ENSG00000067715;ENSG00000137343;ENSG00000241685;ENSG00000152256;ENSG00000196591;ENSG00000138175;ENSG00000147400;ENSG00000277586;ENSG00000134590;ENSG00000239672;ENSG00000189159
MANNO_MIDBRAIN_NEUROTYPES_HNBML1	2.0439255541451e-05	0.000381532770107085	0.575610261071129	0.503854016351343	1.79134250436964	322	ENSG00000119866;ENSG00000185668;ENSG00000183287;ENSG00000139364;ENSG00000197872;ENSG00000184156;ENSG00000188580;ENSG00000159307;ENSG00000178662;ENSG00000248540;ENSG00000167178;ENSG00000073849;ENSG00000254377;ENSG00000167654;ENSG00000169783;ENSG00000183908;ENSG00000116852;ENSG00000225783;ENSG00000134775;ENSG00000117632;ENSG00000066032;ENSG00000170381;ENSG00000005249;ENSG00000176749;ENSG00000066735;ENSG00000170027;ENSG00000113657;ENSG00000132975;ENSG00000115896;ENSG00000168772;ENSG00000166206;ENSG00000114757;ENSG00000180730;ENSG00000152503;ENSG00000154639;ENSG00000154764;ENSG00000052795;ENSG00000077264;ENSG00000142875;ENSG00000137285;ENSG00000196935;ENSG00000154277;ENSG00000129951;ENSG00000084731;ENSG00000075213;ENSG00000153815;ENSG00000143324;ENSG00000153253;ENSG00000136261;ENSG00000176788;ENSG00000078018;ENSG00000176204;ENSG00000186469;ENSG00000069956;ENSG00000110786;ENSG00000104059;ENSG00000131711;ENSG00000213190;ENSG00000167552;ENSG00000141404;ENSG00000145362;ENSG00000136237;ENSG00000066697;ENSG00000074590;ENSG00000104435;ENSG00000182287;ENSG00000155816;ENSG00000184613;ENSG00000135503;ENSG00000114279;ENSG00000087495;ENSG00000165434;ENSG00000258947;ENSG00000107643;ENSG00000103056;ENSG00000141431;ENSG00000206579;ENSG00000198673;ENSG00000198513;ENSG00000145247;ENSG00000139116;ENSG00000105649;ENSG00000183186;ENSG00000173452;ENSG00000130558;ENSG00000186231;ENSG00000172995;ENSG00000184486;ENSG00000071242;ENSG00000161082;ENSG00000159409;ENSG00000141668;ENSG00000151632;ENSG00000177875;ENSG00000187134;ENSG00000197535;ENSG00000251349;ENSG00000092051;ENSG00000166924;ENSG00000085552;ENSG00000167535;ENSG00000272398;ENSG00000166111;ENSG00000149243
FAN_OVARY_CL9_PUTATIVE_APOPTOTIC_ENDOTHELIAL_CELL	1.23651443724594e-05	0.000262652721842585	0.593325476396405	0.490803013343896	1.76412185376999	363	ENSG00000081189;ENSG00000169744;ENSG00000048162;ENSG00000174749;ENSG00000143549;ENSG00000134001;ENSG00000110841;ENSG00000161960;ENSG00000104419;ENSG00000104131;ENSG00000198431;ENSG00000182240;ENSG00000204217;ENSG00000137801;ENSG00000163171;ENSG00000114861;ENSG00000088832;ENSG00000105971;ENSG00000109519;ENSG00000165732;ENSG00000102024;ENSG00000141522;ENSG00000142864;ENSG00000158710;ENSG00000125977;ENSG00000182809;ENSG00000120438;ENSG00000148154;ENSG00000136238;ENSG00000109332;ENSG00000163811;ENSG00000198492;ENSG00000135316;ENSG00000150991;ENSG00000198898;ENSG00000116717;ENSG00000137309;ENSG00000086061;ENSG00000120533;ENSG00000087074;ENSG00000133789;ENSG00000182287;ENSG00000102804;ENSG00000103769;ENSG00000101745;ENSG00000153048;ENSG00000067082;ENSG00000136950;ENSG00000171488;ENSG00000105835;ENSG00000115306;ENSG00000086065;ENSG00000113712;ENSG00000146457;ENSG00000112335;ENSG00000108774;ENSG00000175606;ENSG00000112096;ENSG00000150938;ENSG00000150687;ENSG00000075785;ENSG00000197170;ENSG00000134333;ENSG00000108561;ENSG00000131981;ENSG00000146223;ENSG00000073921;ENSG00000062716;ENSG00000065911;ENSG00000072110;ENSG00000087086;ENSG00000124831;ENSG00000144566;ENSG00000007908;ENSG00000154582;ENSG00000002549;ENSG00000162645;ENSG00000167522;ENSG00000089327;ENSG00000105993;ENSG00000090273;ENSG00000137575;ENSG00000188229;ENSG00000059804;ENSG00000196843;ENSG00000121858;ENSG00000158417;ENSG00000174021;ENSG00000130202;ENSG00000152492;ENSG00000239672;ENSG00000180817;ENSG00000119048;ENSG00000169756;ENSG00000169242;ENSG00000115541;ENSG00000222041;ENSG00000175602;ENSG00000084623;ENSG00000142192;ENSG00000162616;ENSG00000143322;ENSG00000100591;ENSG00000124762;ENSG00000233276;ENSG00000160075;ENSG00000060138;ENSG00000101421;ENSG00000136630;ENSG00000137331;ENSG00000172757;ENSG00000106591;ENSG00000196628;ENSG00000157557;ENSG00000006327;ENSG00000069020;ENSG00000153721;ENSG00000197019;ENSG00000105974;ENSG00000169641;ENSG00000133574;ENSG00000198833;ENSG00000172965;ENSG00000145907;ENSG00000109220;ENSG00000122644;ENSG00000163565
MENON_FETAL_KIDNEY_10_IMMUNE_CELLS	0.00230333029188864	0.0186690981553079	0.431707695803346	0.581236654163117	1.75539640951064	82	ENSG00000081189;ENSG00000163466;ENSG00000143549;ENSG00000131236;ENSG00000102879;ENSG00000075624;ENSG00000115355;ENSG00000111229;ENSG00000067082;ENSG00000123416;ENSG00000137161;ENSG00000226608;ENSG00000177885;ENSG00000087086;ENSG00000124831;ENSG00000034510;ENSG00000142669;ENSG00000081237;ENSG00000103187;ENSG00000138071;ENSG00000233276;ENSG00000205542;ENSG00000140749;ENSG00000172757;ENSG00000070756;ENSG00000170345;ENSG00000162511;ENSG00000082074;ENSG00000111348;ENSG00000165168;ENSG00000213261;ENSG00000197958;ENSG00000187653;ENSG00000130429;ENSG00000140575;ENSG00000221983;ENSG00000131469;ENSG00000163563;ENSG00000196126;ENSG00000133112;ENSG00000122862;ENSG00000198900;ENSG00000136167;ENSG00000011600
AIZARANI_LIVER_C18_NK_NKT_CELLS_5	0.00227801957375858	0.0186690981553079	0.431707695803346	0.556399077816635	1.74921299681515	116	ENSG00000112137;ENSG00000169554;ENSG00000139132;ENSG00000162783;ENSG00000116741;ENSG00000115355;ENSG00000204103;ENSG00000086061;ENSG00000145416;ENSG00000120694;ENSG00000090621;ENSG00000109321;ENSG00000147416;ENSG00000011422;ENSG00000182578;ENSG00000106066;ENSG00000172216;ENSG00000150977;ENSG00000163823;ENSG00000127528;ENSG00000177575;ENSG00000171051;ENSG00000085265;ENSG00000128383;ENSG00000103187;ENSG00000070961;ENSG00000167996;ENSG00000096384;ENSG00000155465;ENSG00000158869;ENSG00000028137;ENSG00000254087;ENSG00000168769;ENSG00000140749;ENSG00000137331;ENSG00000113070;ENSG00000185862;ENSG00000162511;ENSG00000171860;ENSG00000018280;ENSG00000166927;ENSG00000169413;ENSG00000132334;ENSG00000165168;ENSG00000099860;ENSG00000120899;ENSG00000118515;ENSG00000115956;ENSG00000000938;ENSG00000169508;ENSG00000197405;ENSG00000116701;ENSG00000161929;ENSG00000131042;ENSG00000143226;ENSG00000163563;ENSG00000090382;ENSG00000168461;ENSG00000163131;ENSG00000104894;ENSG00000158517;ENSG00000106211;ENSG00000197629;ENSG00000011600
RUBENSTEIN_SKELETAL_MUSCLE_NK_CELLS	0.000537801481685198	0.00649579828858984	0.477270815362862	0.5065984673535	1.74329656245486	223	ENSG00000146386;ENSG00000163466;ENSG00000131508;ENSG00000164924;ENSG00000162704;ENSG00000143549;ENSG00000161960;ENSG00000184007;ENSG00000143222;ENSG00000101109;ENSG00000136490;ENSG00000131236;ENSG00000102879;ENSG00000113387;ENSG00000153310;ENSG00000196230;ENSG00000115091;ENSG00000075624;ENSG00000109332;ENSG00000186469;ENSG00000111229;ENSG00000198668;ENSG00000136950;ENSG00000086598;ENSG00000070831;ENSG00000128294;ENSG00000109971;ENSG00000173812;ENSG00000198843;ENSG00000171223;ENSG00000133872;ENSG00000146112;ENSG00000036448;ENSG00000169230;ENSG00000143727;ENSG00000165678;ENSG00000165502;ENSG00000142669;ENSG00000081237;ENSG00000140988;ENSG00000137441;ENSG00000168028;ENSG00000173221;ENSG00000143119;ENSG00000078304;ENSG00000132965;ENSG00000147123;ENSG00000134954;ENSG00000158869;ENSG00000115738;ENSG00000205542;ENSG00000184009;ENSG00000172757;ENSG00000070756;ENSG00000110696;ENSG00000126264;ENSG00000196954;ENSG00000145287;ENSG00000162511;ENSG00000133574;ENSG00000175567;ENSG00000082074;ENSG00000111348;ENSG00000100219;ENSG00000099860;ENSG00000134996;ENSG00000167004;ENSG00000169813;ENSG00000277632;ENSG00000044574;ENSG00000197081;ENSG00000160255;ENSG00000140030;ENSG00000115956
AIZARANI_LIVER_C2_KUPFFER_CELLS_1	0.000346299576947292	0.00484819407726209	0.49849310876659	0.511331982396822	1.74220086229842	196	ENSG00000112137;ENSG00000119508;ENSG00000111252;ENSG00000153310;ENSG00000196935;ENSG00000162783;ENSG00000116741;ENSG00000115355;ENSG00000176788;ENSG00000204103;ENSG00000182287;ENSG00000084070;ENSG00000092964;ENSG00000111229;ENSG00000145416;ENSG00000090621;ENSG00000048740;ENSG00000109321;ENSG00000266412;ENSG00000147416;ENSG00000011422;ENSG00000182578;ENSG00000156052;ENSG00000106066;ENSG00000107968;ENSG00000164687;ENSG00000124491;ENSG00000150977;ENSG00000087086;ENSG00000130775;ENSG00000163823;ENSG00000177575;ENSG00000034510;ENSG00000171051;ENSG00000106546;ENSG00000164733;ENSG00000103187;ENSG00000162711;ENSG00000112799;ENSG00000167996;ENSG00000169756;ENSG00000241343;ENSG00000172578;ENSG00000102524;ENSG00000260314;ENSG00000159189;ENSG00000171659;ENSG00000233276;ENSG00000137491;ENSG00000173369;ENSG00000158869;ENSG00000028137;ENSG00000181631;ENSG00000205542;ENSG00000254087;ENSG00000162924;ENSG00000140749;ENSG00000137331;ENSG00000070756;ENSG00000185862;ENSG00000162511;ENSG00000171860;ENSG00000042980;ENSG00000090104;ENSG00000146192;ENSG00000175567;ENSG00000173372;ENSG00000166927;ENSG00000169413;ENSG00000132334;ENSG00000155659;ENSG00000165168;ENSG00000118515;ENSG00000160255;ENSG00000115956;ENSG00000000938;ENSG00000169508;ENSG00000152229;ENSG00000197405;ENSG00000131724;ENSG00000130429;ENSG00000116701;ENSG00000198502;ENSG00000139970;ENSG00000131042;ENSG00000143226;ENSG00000114013;ENSG00000066294;ENSG00000131238;ENSG00000026297;ENSG00000163563;ENSG00000072694;ENSG00000196126;ENSG00000090382;ENSG00000175489;ENSG00000168461;ENSG00000122862;ENSG00000166523;ENSG00000110079;ENSG00000163131;ENSG00000104894;ENSG00000165025;ENSG00000186818;ENSG00000179583;ENSG00000197629;ENSG00000011600;ENSG00000161921
HAY_BONE_MARROW_IMMATURE_NEUTROPHIL	0.000651070358760357	0.00771267963454577	0.477270815362862	0.514472222025317	1.74072920474988	191	ENSG00000197872;ENSG00000112245;ENSG00000187164;ENSG00000181467;ENSG00000188483;ENSG00000155090;ENSG00000104765;ENSG00000179833;ENSG00000169554;ENSG00000184007;ENSG00000153823;ENSG00000183023;ENSG00000111252;ENSG00000087266;ENSG00000033327;ENSG00000162783;ENSG00000239911;ENSG00000136238;ENSG00000109332;ENSG00000069956;ENSG00000140450;ENSG00000204103;ENSG00000159128;ENSG00000110324;ENSG00000148803;ENSG00000092964;ENSG00000105835;ENSG00000070831;ENSG00000152484;ENSG00000176597;ENSG00000133961;ENSG00000175606;ENSG00000197329;ENSG00000135956;ENSG00000043462;ENSG00000107341;ENSG00000138069;ENSG00000106066;ENSG00000177885;ENSG00000107968;ENSG00000134107;ENSG00000172216;ENSG00000131981;ENSG00000139112;ENSG00000073921;ENSG00000140332;ENSG00000062716;ENSG00000182831;ENSG00000139318;ENSG00000087086;ENSG00000163823;ENSG00000104763;ENSG00000106546;ENSG00000103642;ENSG00000170385;ENSG00000128383;ENSG00000164733;ENSG00000112715;ENSG00000162711;ENSG00000070961
LAKE_ADULT_KIDNEY_C7_PROXIMAL_TUBULE_EPITHELIAL_CELLS_S3	0.00264903203457489	0.0209205606833094	0.431707695803346	0.540329502618416	1.73181302235026	130	ENSG00000113645;ENSG00000110841;ENSG00000170579;ENSG00000145824;ENSG00000113361;ENSG00000092820;ENSG00000100154;ENSG00000154153;ENSG00000198668;ENSG00000067082;ENSG00000197555;ENSG00000115053;ENSG00000133961;ENSG00000211445;ENSG00000073921;ENSG00000087086;ENSG00000034510;ENSG00000133313;ENSG00000172809;ENSG00000186094;ENSG00000196141;ENSG00000263961;ENSG00000168028;ENSG00000164733;ENSG00000069275;ENSG00000171791;ENSG00000167996;ENSG00000177311;ENSG00000096384;ENSG00000158089;ENSG00000146555;ENSG00000146038;ENSG00000071082;ENSG00000150347;ENSG00000231500;ENSG00000070756;ENSG00000144713;ENSG00000153721;ENSG00000197756;ENSG00000169567;ENSG00000044574;ENSG00000197958
ZHONG_PFC_C2_SOX5_BCL11B_POS_EXCITATORY_NEURON	0.00837235058096654	0.045484497148594	0.380730400722792	0.690730701341984	1.72837752010095	27	ENSG00000136153;ENSG00000048540;ENSG00000103316;ENSG00000074416;ENSG00000186369;ENSG00000134532;ENSG00000180730;ENSG00000145687;ENSG00000163536;ENSG00000221946;ENSG00000134333
MANNO_MIDBRAIN_NEUROTYPES_HNBML5	3.73025154143496e-06	8.51049981305162e-05	0.627256739718528	0.471930618166652	1.72387815917739	457	ENSG00000119866;ENSG00000164951;ENSG00000221866;ENSG00000160145;ENSG00000139364;ENSG00000229847;ENSG00000183307;ENSG00000170370;ENSG00000157470;ENSG00000116141;ENSG00000188580;ENSG00000178662;ENSG00000254377;ENSG00000111670;ENSG00000197705;ENSG00000167654;ENSG00000169783;ENSG00000171617;ENSG00000175274;ENSG00000044524;ENSG00000116852;ENSG00000139220;ENSG00000186487;ENSG00000225783;ENSG00000121769;ENSG00000162630;ENSG00000005249;ENSG00000130540;ENSG00000176749;ENSG00000170027;ENSG00000113657;ENSG00000134982;ENSG00000155093;ENSG00000132975;ENSG00000075618;ENSG00000197380;ENSG00000180730;ENSG00000152503;ENSG00000154639;ENSG00000109265;ENSG00000188848;ENSG00000166257;ENSG00000240694;ENSG00000123213;ENSG00000154217;ENSG00000158769;ENSG00000131242;ENSG00000175264;ENSG00000077264;ENSG00000121989;ENSG00000107130;ENSG00000158856;ENSG00000164221;ENSG00000142875;ENSG00000137285;ENSG00000145934;ENSG00000153815;ENSG00000100604;ENSG00000143324;ENSG00000155974;ENSG00000153253;ENSG00000136261;ENSG00000079156;ENSG00000187672;ENSG00000176788;ENSG00000078018;ENSG00000049759;ENSG00000186469;ENSG00000019505;ENSG00000015592;ENSG00000101746;ENSG00000152953;ENSG00000110786;ENSG00000130287;ENSG00000131711;ENSG00000213190;ENSG00000196277;ENSG00000075340;ENSG00000145362;ENSG00000136237;ENSG00000074590;ENSG00000221890;ENSG00000151490;ENSG00000104435;ENSG00000171877;ENSG00000155816;ENSG00000156113;ENSG00000165973;ENSG00000135503;ENSG00000087495;ENSG00000146006;ENSG00000165434;ENSG00000258947;ENSG00000107643;ENSG00000055813;ENSG00000103056;ENSG00000149313;ENSG00000141431;ENSG00000105520;ENSG00000078328;ENSG00000206579;ENSG00000178235;ENSG00000198673;ENSG00000123240;ENSG00000140945;ENSG00000170091;ENSG00000139116;ENSG00000128872;ENSG00000020129;ENSG00000100167;ENSG00000172995;ENSG00000154478;ENSG00000183715;ENSG00000165617;ENSG00000161082;ENSG00000105290;ENSG00000159409;ENSG00000164099;ENSG00000142235;ENSG00000168081;ENSG00000087258;ENSG00000157216;ENSG00000139200;ENSG00000203965;ENSG00000172568;ENSG00000187134;ENSG00000251349;ENSG00000092051;ENSG00000076356;ENSG00000182601;ENSG00000167535;ENSG00000170500;ENSG00000272398;ENSG00000163380;ENSG00000104967;ENSG00000196581;ENSG00000149243;ENSG00000083642;ENSG00000179915;ENSG00000198689;ENSG00000138709;ENSG00000149294;ENSG00000138944
FAN_OVARY_CL0_XBP1_SELK_HIGH_STROMAL_CELL	0.000823031310046187	0.00905334441050805	0.477270815362862	0.530130964920751	1.7207972615405	142	ENSG00000112245;ENSG00000163938;ENSG00000101367;ENSG00000115641;ENSG00000165732;ENSG00000100664;ENSG00000125977;ENSG00000106615;ENSG00000123562;ENSG00000151247;ENSG00000110958;ENSG00000120694;ENSG00000086598;ENSG00000006652;ENSG00000114784;ENSG00000173812;ENSG00000156976;ENSG00000101558;ENSG00000172216;ENSG00000143153;ENSG00000079332;ENSG00000172809;ENSG00000165502;ENSG00000140988;ENSG00000105993;ENSG00000120742;ENSG00000137876;ENSG00000119048;ENSG00000241343;ENSG00000096384;ENSG00000090060;ENSG00000113013;ENSG00000071082;ENSG00000150347;ENSG00000101421;ENSG00000231500;ENSG00000147465;ENSG00000114473;ENSG00000070756;ENSG00000144713;ENSG00000117519;ENSG00000065978;ENSG00000198918;ENSG00000166598;ENSG00000100219;ENSG00000171490;ENSG00000161970;ENSG00000044574;ENSG00000197958;ENSG00000172115;ENSG00000130255;ENSG00000100380
TRAVAGLINI_LUNG_MUCOUS_CELL	0.00337704802478264	0.0255454947826909	0.431707695803346	0.554061182964409	1.71979578957444	102	ENSG00000008513;ENSG00000145632;ENSG00000091137;ENSG00000163527;ENSG00000007062;ENSG00000103316;ENSG00000104140;ENSG00000182240;ENSG00000128342;ENSG00000160932;ENSG00000015475;ENSG00000012223;ENSG00000108582;ENSG00000158716;ENSG00000148344;ENSG00000112096;ENSG00000213886;ENSG00000101443;ENSG00000211445;ENSG00000136244;ENSG00000151632;ENSG00000187134;ENSG00000006210;ENSG00000184489;ENSG00000108691;ENSG00000164733;ENSG00000121858;ENSG00000115919;ENSG00000160213;ENSG00000103534;ENSG00000002587;ENSG00000128039;ENSG00000254087
DESCARTES_FETAL_EYE_MICROGLIA	0.00104414103620118	0.0107198479716654	0.45505986738723	0.530617231312911	1.71935102492124	148	ENSG00000073849;ENSG00000179388;ENSG00000127084;ENSG00000075884;ENSG00000099308;ENSG00000162129;ENSG00000163376;ENSG00000089639;ENSG00000074706;ENSG00000110324;ENSG00000074966;ENSG00000084070;ENSG00000163219;ENSG00000182578;ENSG00000100600;ENSG00000124491;ENSG00000118308;ENSG00000142920;ENSG00000155629;ENSG00000081237;ENSG00000124813;ENSG00000108691;ENSG00000184922;ENSG00000112799;ENSG00000173846;ENSG00000079263;ENSG00000133800;ENSG00000154237;ENSG00000255274;ENSG00000155465;ENSG00000159189;ENSG00000171659;ENSG00000137491;ENSG00000173369;ENSG00000159216;ENSG00000100055;ENSG00000139832;ENSG00000121281;ENSG00000174004;ENSG00000123338;ENSG00000186517;ENSG00000162511;ENSG00000042980;ENSG00000090104;ENSG00000146192;ENSG00000173372;ENSG00000134516;ENSG00000166927;ENSG00000082074;ENSG00000118785;ENSG00000155659;ENSG00000165168;ENSG00000173391;ENSG00000160255;ENSG00000115956;ENSG00000139278;ENSG00000169508;ENSG00000129667;ENSG00000077420;ENSG00000152315;ENSG00000116701;ENSG00000066336;ENSG00000102034;ENSG00000198223;ENSG00000142347;ENSG00000066294;ENSG00000141968;ENSG00000026297;ENSG00000163106;ENSG00000010327;ENSG00000196126;ENSG00000197471;ENSG00000104894;ENSG00000169313;ENSG00000273409;ENSG00000005844;ENSG00000136167;ENSG00000142512;ENSG00000119535;ENSG00000184060;ENSG00000142185;ENSG00000184988;ENSG00000086730;ENSG00000170458;ENSG00000198286;ENSG00000160712;ENSG00000164654;ENSG00000153208
DESCARTES_FETAL_LIVER_STELLATE_CELLS	0.00121071557429654	0.0118381078375662	0.45505986738723	0.525431264432881	1.70277400883234	145	ENSG00000106689;ENSG00000061337;ENSG00000033122;ENSG00000183287;ENSG00000214357;ENSG00000171509;ENSG00000019991;ENSG00000044524;ENSG00000134775;ENSG00000158292;ENSG00000145824;ENSG00000173175;ENSG00000134343;ENSG00000197380;ENSG00000150556;ENSG00000146374;ENSG00000174145;ENSG00000151468;ENSG00000151952;ENSG00000165323;ENSG00000235531;ENSG00000214866;ENSG00000126733;ENSG00000152402
ZHENG_CORD_BLOOD_C9_GRANULOCYTE_MACROPHAGE_PROGENITOR	0.00372443283496523	0.0263968847680744	0.431707695803346	0.549589638452211	1.70129487427352	99	ENSG00000119866;ENSG00000019991;ENSG00000143549;ENSG00000117632;ENSG00000172232;ENSG00000158710;ENSG00000170515;ENSG00000100811;ENSG00000198668;ENSG00000110958;ENSG00000136819;ENSG00000123416;ENSG00000115053;ENSG00000065613;ENSG00000124831;ENSG00000115310;ENSG00000034510;ENSG00000172247;ENSG00000107581;ENSG00000135842;ENSG00000070961;ENSG00000069275;ENSG00000102524;ENSG00000023287;ENSG00000184009;ENSG00000119335;ENSG00000172757
DURANTE_ADULT_OLFACTORY_NEUROEPITHELIUM_DENDRITIC_CELLS	0.00313251631124639	0.0241203755965972	0.431707695803346	0.54042858981509	1.69513312496796	113	ENSG00000112137;ENSG00000204397;ENSG00000169554;ENSG00000102879;ENSG00000116741;ENSG00000075624;ENSG00000163931;ENSG00000182287;ENSG00000105835;ENSG00000112096;ENSG00000073756;ENSG00000011422;ENSG00000106066;ENSG00000172216;ENSG00000087086;ENSG00000171051;ENSG00000142669;ENSG00000081237;ENSG00000085265;ENSG00000128383;ENSG00000103187;ENSG00000162711;ENSG00000167996;ENSG00000102524;ENSG00000115271;ENSG00000158869;ENSG00000028137;ENSG00000254087;ENSG00000155307;ENSG00000140749;ENSG00000111913;ENSG00000129226;ENSG00000185862;ENSG00000162511;ENSG00000123689;ENSG00000018280;ENSG00000166927;ENSG00000082074;ENSG00000132334;ENSG00000165168;ENSG00000197249;ENSG00000277632;ENSG00000160255;ENSG00000115956;ENSG00000000938;ENSG00000216490;ENSG00000197405;ENSG00000124882;ENSG00000116701;ENSG00000066336;ENSG00000131042;ENSG00000163563;ENSG00000135604;ENSG00000122862;ENSG00000166523;ENSG00000163131;ENSG00000104894;ENSG00000158517;ENSG00000136167;ENSG00000130755;ENSG00000197629;ENSG00000011600;ENSG00000119535;ENSG00000081041;ENSG00000170458;ENSG00000203747;ENSG00000204472
GAO_LARGE_INTESTINE_24W_C11_PANETH_LIKE_CELL	9.84769127726394e-05	0.00155543021199861	0.538434096309916	0.477513857278017	1.69196313938422	314	ENSG00000155926;ENSG00000197872;ENSG00000122641;ENSG00000181467;ENSG00000183484;ENSG00000163938;ENSG00000188042;ENSG00000119508;ENSG00000125898;ENSG00000111252;ENSG00000083635;ENSG00000169136;ENSG00000142657;ENSG00000185950;ENSG00000158050;ENSG00000023445;ENSG00000204103;ENSG00000204136;ENSG00000140403;ENSG00000145416;ENSG00000105835;ENSG00000103257;ENSG00000137752;ENSG00000136689;ENSG00000112096;ENSG00000197329;ENSG00000182487;ENSG00000147416;ENSG00000073756;ENSG00000011422;ENSG00000043462;ENSG00000182578;ENSG00000106066;ENSG00000172216;ENSG00000100600;ENSG00000124491;ENSG00000153234;ENSG00000139318;ENSG00000065911;ENSG00000150977;ENSG00000155629;ENSG00000213699;ENSG00000163823;ENSG00000177575;ENSG00000171051;ENSG00000167851;ENSG00000081237;ENSG00000138600;ENSG00000128383;ENSG00000184922;ENSG00000103187;ENSG00000235568;ENSG00000162711;ENSG00000089057;ENSG00000090674;ENSG00000113552;ENSG00000112799;ENSG00000182566;ENSG00000133800;ENSG00000102524;ENSG00000135363;ENSG00000039523;ENSG00000143119;ENSG00000260314;ENSG00000065600;ENSG00000115919;ENSG00000168546;ENSG00000159189;ENSG00000108179;ENSG00000134321;ENSG00000184378;ENSG00000171659;ENSG00000137841;ENSG00000165660;ENSG00000137491;ENSG00000173369;ENSG00000158869;ENSG00000115902;ENSG00000028137;ENSG00000100055;ENSG00000254087;ENSG00000104951;ENSG00000155307;ENSG00000140749;ENSG00000184602;ENSG00000068650;ENSG00000105246;ENSG00000129226;ENSG00000121281;ENSG00000149781;ENSG00000088827;ENSG00000146232;ENSG00000126264;ENSG00000135077;ENSG00000158714;ENSG00000185862;ENSG00000123338;ENSG00000162511;ENSG00000150337;ENSG00000146192;ENSG00000175567;ENSG00000173372;ENSG00000134516;ENSG00000166927;ENSG00000169413;ENSG00000082074;ENSG00000111348;ENSG00000090339;ENSG00000134109;ENSG00000132334;ENSG00000197620;ENSG00000165168;ENSG00000138755;ENSG00000171700;ENSG00000277632;ENSG00000100364;ENSG00000118515;ENSG00000160255;ENSG00000140030;ENSG00000141574;ENSG00000115956;ENSG00000129667;ENSG00000266094;ENSG00000134061;ENSG00000176845;ENSG00000216490;ENSG00000197405;ENSG00000090659;ENSG00000138670;ENSG00000116701;ENSG00000066336;ENSG00000105371;ENSG00000122861;ENSG00000131042;ENSG00000143226;ENSG00000174600;ENSG00000114013;ENSG00000128340;ENSG00000066294;ENSG00000141968;ENSG00000163106;ENSG00000010327;ENSG00000196126;ENSG00000154451;ENSG00000090382;ENSG00000135604;ENSG00000161640;ENSG00000151702;ENSG00000122862;ENSG00000110079;ENSG00000104894;ENSG00000105383;ENSG00000186818;ENSG00000158517;ENSG00000147454;ENSG00000136167;ENSG00000130755;ENSG00000197629;ENSG00000011600;ENSG00000161921
AIZARANI_LIVER_C23_KUPFFER_CELLS_3	0.000796884473768135	0.00892510610620311	0.477270815362862	0.49116068514758	1.68992032457459	216	ENSG00000155926;ENSG00000169554;ENSG00000137801;ENSG00000163171;ENSG00000088832;ENSG00000145332;ENSG00000173744;ENSG00000185950;ENSG00000116741;ENSG00000100300;ENSG00000075624;ENSG00000115355;ENSG00000163931;ENSG00000176788;ENSG00000204103;ENSG00000159128;ENSG00000182287;ENSG00000084070;ENSG00000099715;ENSG00000145416;ENSG00000105835;ENSG00000109321;ENSG00000133318;ENSG00000112096;ENSG00000147416;ENSG00000073756;ENSG00000011422;ENSG00000135956;ENSG00000114353;ENSG00000106066;ENSG00000177885;ENSG00000062716;ENSG00000139318;ENSG00000150977;ENSG00000124831;ENSG00000007237;ENSG00000163823;ENSG00000177575;ENSG00000171051;ENSG00000142405;ENSG00000106546;ENSG00000142669;ENSG00000085265;ENSG00000137575;ENSG00000128383;ENSG00000059804;ENSG00000164733;ENSG00000103187;ENSG00000235568;ENSG00000070961;ENSG00000112799;ENSG00000167996;ENSG00000169756;ENSG00000102524;ENSG00000155465;ENSG00000162702;ENSG00000196209;ENSG00000137841;ENSG00000115271;ENSG00000158869;ENSG00000183486;ENSG00000028137;ENSG00000254087;ENSG00000155307;ENSG00000168769;ENSG00000112303;ENSG00000140749;ENSG00000111913;ENSG00000169826;ENSG00000185862;ENSG00000162458;ENSG00000162511;ENSG00000005020;ENSG00000018280;ENSG00000082074;ENSG00000103381;ENSG00000132334;ENSG00000165168;ENSG00000135655;ENSG00000120899;ENSG00000160255;ENSG00000141574;ENSG00000115956;ENSG00000000938;ENSG00000197405;ENSG00000125810;ENSG00000124882;ENSG00000116701;ENSG00000131042;ENSG00000143226;ENSG00000162419;ENSG00000142347;ENSG00000163563;ENSG00000090382;ENSG00000168461;ENSG00000122862;ENSG00000166523;ENSG00000163131;ENSG00000104894;ENSG00000219200;ENSG00000163932;ENSG00000147454;ENSG00000130755;ENSG00000197629;ENSG00000011600
DURANTE_ADULT_OLFACTORY_NEUROEPITHELIUM_MATURE_NEURONS	0.000998264855087419	0.0106022612195491	0.45505986738723	0.499714251128214	1.68799841811717	183	ENSG00000106689;ENSG00000170370;ENSG00000152969;ENSG00000068615;ENSG00000129990;ENSG00000101220;ENSG00000143590;ENSG00000075945;ENSG00000169136;ENSG00000137285;ENSG00000154277;ENSG00000187860;ENSG00000109854;ENSG00000100604;ENSG00000015592;ENSG00000131711;ENSG00000167552;ENSG00000138031;ENSG00000141404;ENSG00000138698;ENSG00000104435;ENSG00000119888;ENSG00000155816;ENSG00000122378;ENSG00000154153;ENSG00000261949;ENSG00000198668;ENSG00000114279;ENSG00000160014;ENSG00000135002;ENSG00000078369;ENSG00000133318;ENSG00000130558;ENSG00000197965;ENSG00000198843;ENSG00000169432;ENSG00000172995;ENSG00000105290;ENSG00000007350;ENSG00000177875;ENSG00000133872;ENSG00000167535;ENSG00000143153;ENSG00000179915;ENSG00000131507;ENSG00000133169;ENSG00000141741;ENSG00000149294;ENSG00000162512;ENSG00000186094;ENSG00000067715;ENSG00000138175;ENSG00000147400;ENSG00000277586;ENSG00000180817;ENSG00000174482
TRAVAGLINI_LUNG_LIPOFIBROBLAST_CELL	0.00115640504134381	0.0114894436365772	0.45505986738723	0.519512211053952	1.68395095302063	144	ENSG00000048162;ENSG00000131773;ENSG00000253276;ENSG00000118985;ENSG00000152413;ENSG00000103342;ENSG00000196396;ENSG00000104131;ENSG00000119508;ENSG00000165732;ENSG00000136997;ENSG00000146374;ENSG00000102802;ENSG00000154217;ENSG00000150510;ENSG00000120705;ENSG00000116741;ENSG00000132603;ENSG00000053372;ENSG00000213190;ENSG00000013588;ENSG00000249859;ENSG00000184232;ENSG00000105835;ENSG00000090621;ENSG00000011422;ENSG00000109814;ENSG00000068366;ENSG00000117143;ENSG00000117152;ENSG00000172216;ENSG00000012660;ENSG00000153234;ENSG00000170500;ENSG00000163659;ENSG00000034510;ENSG00000175592;ENSG00000112715;ENSG00000186340;ENSG00000095794;ENSG00000205362;ENSG00000124762;ENSG00000131435;ENSG00000116761;ENSG00000165030;ENSG00000162924;ENSG00000188257;ENSG00000173334;ENSG00000162889
FAN_OVARY_CL11_MURAL_GRANULOSA_CELL	2.49503592537522e-05	0.000452041802950334	0.575610261071129	0.461199967682291	1.68342549515116	437	ENSG00000122574;ENSG00000112245;ENSG00000276023;ENSG00000112290;ENSG00000128045;ENSG00000163466;ENSG00000171617;ENSG00000102172;ENSG00000110841;ENSG00000152413;ENSG00000124788;ENSG00000138443;ENSG00000106105;ENSG00000175183;ENSG00000005249;ENSG00000198431;ENSG00000170027;ENSG00000104549;ENSG00000115641;ENSG00000204217;ENSG00000137801;ENSG00000113657;ENSG00000114861;ENSG00000075618;ENSG00000139132;ENSG00000052802;ENSG00000090530;ENSG00000100664;ENSG00000185950;ENSG00000112972;ENSG00000116679;ENSG00000120705;ENSG00000137265;ENSG00000146731;ENSG00000100401;ENSG00000120438;ENSG00000168374;ENSG00000166233;ENSG00000170606;ENSG00000155096;ENSG00000160932;ENSG00000137692;ENSG00000150991;ENSG00000167552;ENSG00000114942;ENSG00000086061;ENSG00000174574;ENSG00000118971;ENSG00000091164;ENSG00000087074;ENSG00000140403;ENSG00000106615;ENSG00000243927;ENSG00000134363;ENSG00000115290;ENSG00000154380;ENSG00000110080;ENSG00000104660;ENSG00000067082;ENSG00000120694;ENSG00000171488;ENSG00000113161;ENSG00000145247;ENSG00000134283;ENSG00000163605;ENSG00000109971;ENSG00000205726;ENSG00000127955;ENSG00000115484;ENSG00000184924;ENSG00000150687;ENSG00000068366;ENSG00000211445;ENSG00000138069;ENSG00000151327;ENSG00000165669;ENSG00000118680;ENSG00000166226;ENSG00000101558;ENSG00000117525;ENSG00000140332;ENSG00000136720;ENSG00000012660;ENSG00000145708;ENSG00000104691;ENSG00000062716;ENSG00000182831;ENSG00000113575;ENSG00000133872;ENSG00000144566;ENSG00000108106;ENSG00000115310;ENSG00000104388;ENSG00000079459;ENSG00000034510;ENSG00000198743;ENSG00000167522;ENSG00000131507;ENSG00000132170;ENSG00000133169;ENSG00000105993;ENSG00000170293;ENSG00000168259;ENSG00000178381;ENSG00000168028;ENSG00000119318;ENSG00000196591;ENSG00000114416;ENSG00000110172;ENSG00000130202;ENSG00000034677;ENSG00000138674;ENSG00000189159;ENSG00000180817;ENSG00000116030;ENSG00000170558;ENSG00000169756;ENSG00000116161;ENSG00000115541;ENSG00000186594;ENSG00000096384;ENSG00000162616;ENSG00000112110;ENSG00000162702;ENSG00000163898;ENSG00000100591;ENSG00000002587;ENSG00000099194;ENSG00000170759;ENSG00000140443;ENSG00000100592;ENSG00000184009;ENSG00000079462;ENSG00000057657;ENSG00000155380;ENSG00000163602;ENSG00000005486;ENSG00000104671;ENSG00000106052;ENSG00000145901;ENSG00000134644;ENSG00000189077;ENSG00000123395;ENSG00000165416;ENSG00000006327;ENSG00000123689;ENSG00000196655;ENSG00000143878;ENSG00000129991
FAN_EMBRYONIC_CTX_OPC	0.00872197244906845	0.0461705766534163	0.380730400722792	0.596400662565601	1.68273158020948	53	ENSG00000167654;ENSG00000196376;ENSG00000169085;ENSG00000186369;ENSG00000102931;ENSG00000154639;ENSG00000188674;ENSG00000196083;ENSG00000154277;ENSG00000106537;ENSG00000106688;ENSG00000148948;ENSG00000154096;ENSG00000197965;ENSG00000280165;ENSG00000147481;ENSG00000133169
DESCARTES_MAIN_FETAL_MYELOID_CELLS	0.00486768377517846	0.0318599214131588	0.407017918923954	0.554245997155325	1.67454717825111	84	ENSG00000111252;ENSG00000143344;ENSG00000105835;ENSG00000011422;ENSG00000100600;ENSG00000150977;ENSG00000130775;ENSG00000177575;ENSG00000162711;ENSG00000090674;ENSG00000231298;ENSG00000186431;ENSG00000159189;ENSG00000171049;ENSG00000173369;ENSG00000187116;ENSG00000167850;ENSG00000113070;ENSG00000088827;ENSG00000052749;ENSG00000161643;ENSG00000173372;ENSG00000166927;ENSG00000169413;ENSG00000268500;ENSG00000169508;ENSG00000134061;ENSG00000216490;ENSG00000090659;ENSG00000161929;ENSG00000066336;ENSG00000131042;ENSG00000174600;ENSG00000135094;ENSG00000114013;ENSG00000010327;ENSG00000175489;ENSG00000122862;ENSG00000110079;ENSG00000163131;ENSG00000129515;ENSG00000105383;ENSG00000011600;ENSG00000108798;ENSG00000170458;ENSG00000204472;ENSG00000129450;ENSG00000100365;ENSG00000145850;ENSG00000204577;ENSG00000105609;ENSG00000159110;ENSG00000110077;ENSG00000134830;ENSG00000104972;ENSG00000114541;ENSG00000123124;ENSG00000163154
ZHONG_PFC_C5_BCL11B_CALB2_POS_INP	0.016923362566042	0.0766528775050138	0.352487857583619	0.70365956992001	1.66684447874914	21	ENSG00000061337;ENSG00000164600;ENSG00000175274;ENSG00000116852;ENSG00000170027;ENSG00000174871;ENSG00000143324;ENSG00000174437
TRAVAGLINI_LUNG_BASOPHIL_MAST_1_CELL	0.000378255238121308	0.00515850515294377	0.49849310876659	0.476707407799212	1.66468745974676	267	ENSG00000143013;ENSG00000179841;ENSG00000186187;ENSG00000111670;ENSG00000136404;ENSG00000077063;ENSG00000117632;ENSG00000134138;ENSG00000162522;ENSG00000183386;ENSG00000182240;ENSG00000114861;ENSG00000100351;ENSG00000125505;ENSG00000185630;ENSG00000128342;ENSG00000100664;ENSG00000122778;ENSG00000135426;ENSG00000010404;ENSG00000132824;ENSG00000144118;ENSG00000145014;ENSG00000102471;ENSG00000116741;ENSG00000091039;ENSG00000088986;ENSG00000125740;ENSG00000179820;ENSG00000167552;ENSG00000087074;ENSG00000133789;ENSG00000185567;ENSG00000102804;ENSG00000110080;ENSG00000097021;ENSG00000168952;ENSG00000183762;ENSG00000109321;ENSG00000120738;ENSG00000073756;ENSG00000068366;ENSG00000104064;ENSG00000115602;ENSG00000118513;ENSG00000117592;ENSG00000073737;ENSG00000134107;ENSG00000131981;ENSG00000136720;ENSG00000062716;ENSG00000149179;ENSG00000073712;ENSG00000139318;ENSG00000149534;ENSG00000146072;ENSG00000078124;ENSG00000104763;ENSG00000164741;ENSG00000089327;ENSG00000165502;ENSG00000197253;ENSG00000168556;ENSG00000035720;ENSG00000181751;ENSG00000132965;ENSG00000173692;ENSG00000096384;ENSG00000169224;ENSG00000002587;ENSG00000110911;ENSG00000161203;ENSG00000041353;ENSG00000088992;ENSG00000095303;ENSG00000155307;ENSG00000107020;ENSG00000187098;ENSG00000005486;ENSG00000170345;ENSG00000006327;ENSG00000069020;ENSG00000090104;ENSG00000172889;ENSG00000146376;ENSG00000135916;ENSG00000111716;ENSG00000106605;ENSG00000105366;ENSG00000168734;ENSG00000102401;ENSG00000132792;ENSG00000188677;ENSG00000164674
TRAVAGLINI_LUNG_CLASSICAL_MONOCYTE_CELL	0.0004349704004125	0.0057008886522149	0.49849310876659	0.471615503007048	1.64766355565632	266	ENSG00000081189;ENSG00000197872;ENSG00000082014;ENSG00000113749;ENSG00000154146;ENSG00000204397;ENSG00000188641;ENSG00000169554;ENSG00000035862;ENSG00000182022;ENSG00000183023;ENSG00000137801;ENSG00000139132;ENSG00000142657;ENSG00000185950;ENSG00000153179;ENSG00000136238;ENSG00000100300;ENSG00000163931;ENSG00000108100;ENSG00000204103;ENSG00000119979;ENSG00000182287;ENSG00000145416;ENSG00000137752;ENSG00000133318;ENSG00000133961;ENSG00000153827;ENSG00000266412;ENSG00000197329;ENSG00000147416;ENSG00000107341;ENSG00000156052;ENSG00000106066;ENSG00000172216;ENSG00000073921;ENSG00000062716;ENSG00000139318;ENSG00000007237;ENSG00000163823;ENSG00000177575;ENSG00000034510;ENSG00000171051;ENSG00000163694;ENSG00000126247;ENSG00000104763;ENSG00000106546;ENSG00000187605;ENSG00000123684;ENSG00000085265;ENSG00000128383;ENSG00000121858;ENSG00000103187;ENSG00000235568;ENSG00000162711;ENSG00000112799;ENSG00000102524;ENSG00000135049;ENSG00000135363;ENSG00000158473;ENSG00000138071;ENSG00000115919;ENSG00000155465;ENSG00000261371;ENSG00000134046;ENSG00000106617;ENSG00000090013;ENSG00000233276;ENSG00000060138;ENSG00000158869;ENSG00000028137;ENSG00000181631;ENSG00000103994;ENSG00000254087;ENSG00000168769;ENSG00000070756;ENSG00000143376;ENSG00000103196;ENSG00000185862;ENSG00000157557;ENSG00000170345;ENSG00000134698;ENSG00000005020;ENSG00000146192;ENSG00000018280;ENSG00000169413;ENSG00000103381;ENSG00000132334;ENSG00000126883;ENSG00000165168;ENSG00000197249;ENSG00000135655;ENSG00000100364;ENSG00000000938;ENSG00000216490;ENSG00000197405;ENSG00000125810;ENSG00000175538;ENSG00000131724;ENSG00000171105;ENSG00000116701;ENSG00000161929;ENSG00000066336;ENSG00000140575;ENSG00000143226;ENSG00000179094;ENSG00000114013;ENSG00000142347;ENSG00000151948;ENSG00000163563;ENSG00000157168;ENSG00000090382;ENSG00000175489;ENSG00000133112;ENSG00000168461;ENSG00000186350;ENSG00000163131;ENSG00000165025;ENSG00000221869;ENSG00000105383;ENSG00000067182;ENSG00000158517;ENSG00000205269;ENSG00000100504;ENSG00000143384;ENSG00000197629;ENSG00000011600;ENSG00000121807
BUSSLINGER_GASTRIC_ISTHMUS_CELLS	6.21797609337366e-05	0.00106396479819949	0.538434096309916	0.447276142437996	1.63437713223022	438	ENSG00000143013;ENSG00000136153;ENSG00000125266;ENSG00000163466;ENSG00000081923;ENSG00000164924;ENSG00000163938;ENSG00000143549;ENSG00000110841;ENSG00000117632;ENSG00000061794;ENSG00000074416;ENSG00000106105;ENSG00000162522;ENSG00000104131;ENSG00000198431;ENSG00000002834;ENSG00000182240;ENSG00000115641;ENSG00000131236;ENSG00000203485;ENSG00000150753;ENSG00000165732;ENSG00000141522;ENSG00000142864;ENSG00000158710;ENSG00000125977;ENSG00000112972;ENSG00000025796;ENSG00000196230;ENSG00000149547;ENSG00000157613;ENSG00000149260;ENSG00000136238;ENSG00000100300;ENSG00000174236;ENSG00000088986;ENSG00000163931;ENSG00000092820;ENSG00000116717;ENSG00000102554;ENSG00000115241;ENSG00000119888;ENSG00000165105;ENSG00000166913;ENSG00000108671;ENSG00000001630;ENSG00000171914;ENSG00000160014;ENSG00000110958;ENSG00000128245;ENSG00000123416;ENSG00000120694;ENSG00000103056;ENSG00000086598;ENSG00000115306;ENSG00000115053;ENSG00000184292;ENSG00000135930;ENSG00000121900;ENSG00000090020;ENSG00000104267;ENSG00000143420;ENSG00000183010;ENSG00000155506;ENSG00000069329;ENSG00000136689;ENSG00000175793;ENSG00000148834;ENSG00000109814;ENSG00000006125;ENSG00000116133;ENSG00000134107;ENSG00000103035;ENSG00000131981;ENSG00000164687;ENSG00000065613;ENSG00000132341;ENSG00000062716;ENSG00000099812;ENSG00000076356;ENSG00000112699;ENSG00000124831;ENSG00000197451;ENSG00000104388;ENSG00000167088;ENSG00000142949;ENSG00000127528;ENSG00000034510;ENSG00000163694;ENSG00000126247;ENSG00000132170;ENSG00000138709;ENSG00000143870;ENSG00000165502;ENSG00000188229;ENSG00000241685;ENSG00000164237;ENSG00000107581;ENSG00000158417;ENSG00000069764;ENSG00000069275;ENSG00000189159;ENSG00000118705;ENSG00000138071;ENSG00000096384;ENSG00000106789;ENSG00000105514;ENSG00000136059;ENSG00000088205;ENSG00000160213;ENSG00000141027;ENSG00000169710;ENSG00000090013;ENSG00000163902;ENSG00000109787;ENSG00000242372;ENSG00000099194;ENSG00000041353;ENSG00000170759;ENSG00000088992;ENSG00000205542;ENSG00000039068;ENSG00000184009;ENSG00000104413;ENSG00000137331;ENSG00000155380;ENSG00000102882;ENSG00000172757;ENSG00000143761;ENSG00000184840
ZHENG_CORD_BLOOD_C4_PUTATIVE_EARLY_ERYTHROID_COMMITMENT	0.00841758551126578	0.045484497148594	0.380730400722792	0.527895763623059	1.62953118432655	96	ENSG00000155926;ENSG00000135605;ENSG00000169554;ENSG00000101109;ENSG00000075884;ENSG00000185630;ENSG00000165732;ENSG00000165650;ENSG00000109265;ENSG00000087095;ENSG00000109756;ENSG00000135426;ENSG00000142875;ENSG00000136603;ENSG00000118971;ENSG00000101040;ENSG00000134684;ENSG00000086232;ENSG00000138757;ENSG00000048740;ENSG00000127955;ENSG00000115602;ENSG00000118513;ENSG00000171843;ENSG00000145708
GAUTAM_EYE_CHOROID_SCLERA_CHOROID_ENDOTHELIAL_CELLS	0.00552513827186102	0.0340348517546639	0.407017918923954	0.502131652184231	1.62695077905225	140	ENSG00000106852;ENSG00000109466;ENSG00000153317;ENSG00000163466;ENSG00000180957;ENSG00000196396;ENSG00000114861;ENSG00000052795;ENSG00000158769;ENSG00000187840;ENSG00000031698;ENSG00000099864;ENSG00000185187;ENSG00000198225;ENSG00000075213;ENSG00000136261;ENSG00000087074;ENSG00000154529;ENSG00000113712;ENSG00000112096;ENSG00000120256;ENSG00000116096;ENSG00000145990;ENSG00000138594;ENSG00000006210;ENSG00000143870;ENSG00000142669;ENSG00000090273;ENSG00000137575;ENSG00000174021;ENSG00000111261;ENSG00000116030;ENSG00000133056;ENSG00000033178;ENSG00000184009;ENSG00000142867;ENSG00000172757;ENSG00000196628
AIZARANI_LIVER_C25_KUPFFER_CELLS_4	0.00340053664315041	0.0255454947826909	0.431707695803346	0.489444195522468	1.62614585052022	171	ENSG00000112137;ENSG00000169554;ENSG00000119508;ENSG00000137801;ENSG00000111252;ENSG00000139132;ENSG00000165732;ENSG00000137265;ENSG00000116741;ENSG00000075624;ENSG00000115355;ENSG00000176788;ENSG00000204103;ENSG00000182287;ENSG00000145416;ENSG00000105835;ENSG00000090621;ENSG00000048740;ENSG00000109321;ENSG00000176597;ENSG00000136689;ENSG00000147416;ENSG00000011422;ENSG00000182578;ENSG00000106066;ENSG00000107968;ENSG00000153234;ENSG00000150977;ENSG00000124831;ENSG00000130775;ENSG00000177575;ENSG00000034510;ENSG00000171051;ENSG00000106546;ENSG00000085265;ENSG00000112715;ENSG00000103187;ENSG00000162711;ENSG00000070961;ENSG00000167996;ENSG00000169756;ENSG00000241343;ENSG00000172578;ENSG00000102524;ENSG00000233276;ENSG00000158869;ENSG00000028137;ENSG00000254087;ENSG00000155307;ENSG00000168769;ENSG00000162924;ENSG00000140749;ENSG00000137331;ENSG00000113070;ENSG00000070756;ENSG00000185862;ENSG00000162511;ENSG00000090104;ENSG00000018280;ENSG00000132510;ENSG00000166927;ENSG00000169413;ENSG00000132334;ENSG00000165168;ENSG00000120899;ENSG00000118515;ENSG00000160255;ENSG00000115956;ENSG00000000938;ENSG00000169508;ENSG00000176845;ENSG00000152229;ENSG00000197405;ENSG00000131724;ENSG00000124882;ENSG00000116701;ENSG00000198502;ENSG00000131042;ENSG00000143226;ENSG00000114013;ENSG00000131238;ENSG00000026297;ENSG00000163563;ENSG00000196126;ENSG00000090382;ENSG00000168461;ENSG00000122862;ENSG00000166523;ENSG00000163131;ENSG00000165025
AIZARANI_LIVER_C6_KUPFFER_CELLS_2	0.00186498638154077	0.016599609033821	0.45505986738723	0.472642725219675	1.62431632829322	224	ENSG00000155926;ENSG00000181467;ENSG00000169554;ENSG00000196935;ENSG00000116741;ENSG00000075624;ENSG00000115355;ENSG00000163931;ENSG00000176788;ENSG00000204103;ENSG00000159128;ENSG00000143344;ENSG00000079819;ENSG00000145416;ENSG00000205726;ENSG00000137161;ENSG00000147416;ENSG00000114353;ENSG00000182578;ENSG00000079950;ENSG00000106066;ENSG00000177885;ENSG00000172216;ENSG00000100600;ENSG00000124491;ENSG00000087086;ENSG00000130775;ENSG00000163823;ENSG00000177575;ENSG00000034510;ENSG00000105223;ENSG00000163694;ENSG00000104763;ENSG00000162512;ENSG00000085265;ENSG00000137575;ENSG00000164733;ENSG00000103187;ENSG00000167996;ENSG00000169756;ENSG00000133800;ENSG00000102524;ENSG00000260314;ENSG00000155465;ENSG00000159189;ENSG00000090013;ENSG00000171659;ENSG00000233276;ENSG00000137491;ENSG00000173369;ENSG00000158869;ENSG00000028137;ENSG00000181631;ENSG00000254087;ENSG00000273749;ENSG00000140749;ENSG00000167613;ENSG00000137331;ENSG00000185862;ENSG00000123338;ENSG00000162511;ENSG00000005020;ENSG00000171860;ENSG00000090104;ENSG00000146192;ENSG00000175567;ENSG00000173372;ENSG00000018280;ENSG00000166927;ENSG00000169413;ENSG00000082074;ENSG00000155659;ENSG00000165168;ENSG00000118515;ENSG00000160255;ENSG00000141574;ENSG00000115956;ENSG00000000938;ENSG00000136295;ENSG00000197405;ENSG00000130429;ENSG00000161929;ENSG00000066336;ENSG00000140836;ENSG00000131042;ENSG00000143226;ENSG00000114013;ENSG00000066294;ENSG00000131238;ENSG00000026297;ENSG00000196126;ENSG00000090382;ENSG00000004799;ENSG00000175489;ENSG00000168461;ENSG00000254911;ENSG00000110079;ENSG00000163131;ENSG00000186818;ENSG00000197629;ENSG00000011600;ENSG00000161921;ENSG00000136235;ENSG00000135821;ENSG00000184060;ENSG00000107738;ENSG00000180353;ENSG00000170458;ENSG00000163191;ENSG00000203747;ENSG00000131446;ENSG00000204472;ENSG00000082397;ENSG00000086300;ENSG00000118640;ENSG00000153208;ENSG00000010610;ENSG00000125538
GAUTAM_EYE_IRIS_CILIARY_BODY_SCHWANN_CELLS	0.0124757033083528	0.0614802659035625	0.380730400722792	0.530210334851253	1.62095908401456	91	ENSG00000122591;ENSG00000172159;ENSG00000156475;ENSG00000085433;ENSG00000141542;ENSG00000120910;ENSG00000198598;ENSG00000052795;ENSG00000137265;ENSG00000054277;ENSG00000111727;ENSG00000104427;ENSG00000078018;ENSG00000140522;ENSG00000080573;ENSG00000112414;ENSG00000196792;ENSG00000172465;ENSG00000167193;ENSG00000280165;ENSG00000196581
RUBENSTEIN_SKELETAL_MUSCLE_SMOOTH_MUSCLE_CELLS	9.63513071848523e-05	0.00155543021199861	0.538434096309916	0.43997166987217	1.60588483860011	445	ENSG00000081189;ENSG00000143013;ENSG00000213639;ENSG00000163466;ENSG00000118407;ENSG00000131508;ENSG00000162704;ENSG00000213160;ENSG00000071127;ENSG00000175183;ENSG00000164116;ENSG00000131236;ENSG00000173598;ENSG00000010404;ENSG00000182809;ENSG00000163536;ENSG00000120438;ENSG00000198523;ENSG00000169139;ENSG00000151468;ENSG00000134330;ENSG00000113361;ENSG00000100300;ENSG00000075624;ENSG00000009307;ENSG00000166974;ENSG00000134717;ENSG00000169764;ENSG00000131711;ENSG00000198898;ENSG00000087074;ENSG00000243927;ENSG00000102804;ENSG00000160014;ENSG00000100216;ENSG00000110958;ENSG00000086598;ENSG00000061918;ENSG00000123240;ENSG00000120738;ENSG00000113712;ENSG00000114784;ENSG00000112335;ENSG00000148484;ENSG00000150938;ENSG00000171223;ENSG00000150687;ENSG00000058272;ENSG00000134333;ENSG00000100243;ENSG00000011454;ENSG00000132341;ENSG00000065911;ENSG00000103145;ENSG00000072110;ENSG00000213626;ENSG00000133030;ENSG00000162645;ENSG00000154556;ENSG00000184489;ENSG00000100764;ENSG00000165678;ENSG00000165502;ENSG00000122034;ENSG00000168653;ENSG00000090273;ENSG00000108691;ENSG00000182492;ENSG00000196843;ENSG00000254999;ENSG00000241685;ENSG00000183807;ENSG00000137876;ENSG00000156642;ENSG00000167996;ENSG00000111404;ENSG00000155115;ENSG00000087448;ENSG00000169507;ENSG00000107796;ENSG00000167085;ENSG00000112110;ENSG00000255302;ENSG00000147123;ENSG00000141027;ENSG00000134308;ENSG00000161203;ENSG00000101335;ENSG00000170759;ENSG00000087502;ENSG00000150347;ENSG00000101421;ENSG00000106591;ENSG00000115539;ENSG00000106052;ENSG00000170345;ENSG00000117519;ENSG00000065978;ENSG00000198612;ENSG00000135916;ENSG00000111716;ENSG00000169021;ENSG00000147677;ENSG00000163017;ENSG00000168734;ENSG00000143248;ENSG00000197756;ENSG00000125534;ENSG00000099860;ENSG00000023734;ENSG00000128016;ENSG00000181649
AIZARANI_LIVER_C29_MVECS_2	0.000385213047135411	0.00515850515294377	0.49849310876659	0.453624963694442	1.60542703853721	311	ENSG00000099260;ENSG00000169744;ENSG00000153317;ENSG00000125266;ENSG00000118407;ENSG00000111859;ENSG00000175274;ENSG00000171992;ENSG00000035862;ENSG00000104419;ENSG00000204217;ENSG00000113657;ENSG00000163171;ENSG00000088832;ENSG00000105971;ENSG00000165732;ENSG00000136997;ENSG00000124212;ENSG00000146374;ENSG00000158710;ENSG00000052795;ENSG00000182809;ENSG00000099864;ENSG00000117298;ENSG00000140105;ENSG00000153815;ENSG00000133687;ENSG00000275832;ENSG00000125740;ENSG00000100154;ENSG00000179820;ENSG00000122679;ENSG00000167552;ENSG00000108953;ENSG00000133789;ENSG00000013588;ENSG00000154529;ENSG00000090006;ENSG00000102804;ENSG00000092964;ENSG00000135002;ENSG00000064042;ENSG00000115306;ENSG00000196428;ENSG00000088387;ENSG00000150938;ENSG00000130300;ENSG00000150687;ENSG00000115602;ENSG00000114353;ENSG00000211445;ENSG00000136244;ENSG00000166197;ENSG00000154175;ENSG00000100243;ENSG00000163638;ENSG00000139318;ENSG00000072110;ENSG00000007908;ENSG00000127528;ENSG00000034510;ENSG00000164741;ENSG00000175592;ENSG00000182492;ENSG00000164867;ENSG00000265107;ENSG00000188229;ENSG00000135363;ENSG00000039523;ENSG00000181104;ENSG00000186594;ENSG00000142192;ENSG00000096384;ENSG00000197702;ENSG00000261371;ENSG00000159167;ENSG00000150625;ENSG00000124762;ENSG00000168807;ENSG00000109787;ENSG00000137726;ENSG00000060138;ENSG00000150347;ENSG00000133110;ENSG00000095303;ENSG00000272636;ENSG00000113070;ENSG00000196628;ENSG00000158470;ENSG00000069020;ENSG00000105974;ENSG00000169641;ENSG00000024422;ENSG00000117318;ENSG00000148841;ENSG00000132510;ENSG00000086544;ENSG00000122644;ENSG00000168734;ENSG00000185010;ENSG00000127947;ENSG00000176435;ENSG00000167470;ENSG00000018408;ENSG00000050165;ENSG00000100106;ENSG00000118523;ENSG00000087494;ENSG00000102755;ENSG00000085276;ENSG00000106991;ENSG00000125810;ENSG00000171105;ENSG00000198959;ENSG00000115594
DESCARTES_MAIN_FETAL_ENS_GLIA	0.0208260588959224	0.086681434323569	0.352487857583619	0.722521345040604	1.60466472903285	15	ENSG00000144355;ENSG00000187260;ENSG00000136933;ENSG00000182287
FAN_OVARY_CL4_T_LYMPHOCYTE_NK_CELL_1	0.0039001268101558	0.0266942012783997	0.431707695803346	0.461317334997862	1.60278191960644	243	ENSG00000163466;ENSG00000164924;ENSG00000143549;ENSG00000103342;ENSG00000158985;ENSG00000101109;ENSG00000136490;ENSG00000082153;ENSG00000131236;ENSG00000102879;ENSG00000113387;ENSG00000141522;ENSG00000158710;ENSG00000115165;ENSG00000158050;ENSG00000023445;ENSG00000119801;ENSG00000109332;ENSG00000088986;ENSG00000186469;ENSG00000092820;ENSG00000150991;ENSG00000167552;ENSG00000243927;ENSG00000166913;ENSG00000121579;ENSG00000111229;ENSG00000198668;ENSG00000067064;ENSG00000104660;ENSG00000067082;ENSG00000136819;ENSG00000123416;ENSG00000070831;ENSG00000027869;ENSG00000109971;ENSG00000173812;ENSG00000143420;ENSG00000108774;ENSG00000198843;ENSG00000134333;ENSG00000151327;ENSG00000183726;ENSG00000132341;ENSG00000133872;ENSG00000124831;ENSG00000089327;ENSG00000142669;ENSG00000081237;ENSG00000188229;ENSG00000196843;ENSG00000089737;ENSG00000103187;ENSG00000095794;ENSG00000167996;ENSG00000189159;ENSG00000143119;ENSG00000078304;ENSG00000132965;ENSG00000115738;ENSG00000028137;ENSG00000205542;ENSG00000155307;ENSG00000105329;ENSG00000172757;ENSG00000070756;ENSG00000126264
DESCARTES_FETAL_INTESTINE_MYELOID_CELLS	0.00193544210444054	0.016792004737118	0.45505986738723	0.470749787825327	1.60116169482357	195	ENSG00000197872;ENSG00000113749;ENSG00000134256;ENSG00000204103;ENSG00000110324;ENSG00000015475;ENSG00000145416;ENSG00000105835;ENSG00000226953;ENSG00000182578;ENSG00000106066;ENSG00000100600;ENSG00000124491;ENSG00000150977;ENSG00000130775;ENSG00000163823;ENSG00000177575;ENSG00000171051;ENSG00000239998;ENSG00000166928;ENSG00000070190;ENSG00000085265;ENSG00000162711;ENSG00000112799;ENSG00000103313;ENSG00000196639;ENSG00000158473;ENSG00000115919;ENSG00000255274;ENSG00000159189;ENSG00000171659;ENSG00000196209;ENSG00000174125;ENSG00000173369;ENSG00000158869;ENSG00000196664;ENSG00000181631;ENSG00000187116;ENSG00000140749;ENSG00000167850;ENSG00000139832;ENSG00000105246;ENSG00000088827;ENSG00000248905;ENSG00000171860;ENSG00000150337;ENSG00000146192;ENSG00000173372;ENSG00000131203;ENSG00000166927;ENSG00000169413;ENSG00000120280;ENSG00000197646;ENSG00000271605;ENSG00000155659;ENSG00000165168;ENSG00000138755;ENSG00000141574;ENSG00000115956;ENSG00000268500;ENSG00000169508;ENSG00000134061;ENSG00000216490;ENSG00000197405;ENSG00000090659;ENSG00000254415;ENSG00000116701;ENSG00000198502;ENSG00000161929;ENSG00000066336;ENSG00000120217;ENSG00000131042;ENSG00000170909;ENSG00000143226;ENSG00000233038;ENSG00000174600;ENSG00000135094;ENSG00000198223;ENSG00000114013;ENSG00000026297;ENSG00000163106;ENSG00000163563;ENSG00000159450;ENSG00000010327;ENSG00000196126;ENSG00000104921;ENSG00000090382;ENSG00000135604;ENSG00000110079;ENSG00000163131;ENSG00000105383;ENSG00000169313;ENSG00000150681;ENSG00000186818;ENSG00000158517;ENSG00000179583;ENSG00000197629;ENSG00000011600;ENSG00000121807;ENSG00000014257;ENSG00000142512;ENSG00000153898;ENSG00000119535;ENSG00000184060;ENSG00000170458;ENSG00000203747;ENSG00000204472;ENSG00000160712;ENSG00000100365;ENSG00000153208;ENSG00000010610;ENSG00000125538;ENSG00000127507
HU_FETAL_RETINA_MICROGLIA	0.000316461580359357	0.0045334961279387	0.49849310876659	0.444931642071108	1.60017834301167	378	ENSG00000081189;ENSG00000155926;ENSG00000073849;ENSG00000163466;ENSG00000162704;ENSG00000114450;ENSG00000101109;ENSG00000007944;ENSG00000111252;ENSG00000131236;ENSG00000119408;ENSG00000102879;ENSG00000153310;ENSG00000162783;ENSG00000115091;ENSG00000116741;ENSG00000136238;ENSG00000075624;ENSG00000125740;ENSG00000150991;ENSG00000074706;ENSG00000110324;ENSG00000087074;ENSG00000147010;ENSG00000133789;ENSG00000084070;ENSG00000170791;ENSG00000111229;ENSG00000067082;ENSG00000137752;ENSG00000176597;ENSG00000137161;ENSG00000171223;ENSG00000163219;ENSG00000011422;ENSG00000043462;ENSG00000249936;ENSG00000114353;ENSG00000182578;ENSG00000166068;ENSG00000106066;ENSG00000177885;ENSG00000172216;ENSG00000100600;ENSG00000153234;ENSG00000087086;ENSG00000146112;ENSG00000163823;ENSG00000127528;ENSG00000002549;ENSG00000171051;ENSG00000167851;ENSG00000081237;ENSG00000059804;ENSG00000120742;ENSG00000164733;ENSG00000150867;ENSG00000103187;ENSG00000174021;ENSG00000112799;ENSG00000169756;ENSG00000173221;ENSG00000138071;ENSG00000143119;ENSG00000132965;ENSG00000173418;ENSG00000159189;ENSG00000124762;ENSG00000171659;ENSG00000137841;ENSG00000233276;ENSG00000109787;ENSG00000137491;ENSG00000173369;ENSG00000158869;ENSG00000159216;ENSG00000028137;ENSG00000181631;ENSG00000205542;ENSG00000100055;ENSG00000254087;ENSG00000273749;ENSG00000155307;ENSG00000140749;ENSG00000167613;ENSG00000198771;ENSG00000070756;ENSG00000126264;ENSG00000135077;ENSG00000185862;ENSG00000157557;ENSG00000123338;ENSG00000170345;ENSG00000186517;ENSG00000162511;ENSG00000184574;ENSG00000005020;ENSG00000282608;ENSG00000171860;ENSG00000150337;ENSG00000143878;ENSG00000042980;ENSG00000090104;ENSG00000146192;ENSG00000133574;ENSG00000175567;ENSG00000173372;ENSG00000134516;ENSG00000166927;ENSG00000169413;ENSG00000082074;ENSG00000110876;ENSG00000163565;ENSG00000111348;ENSG00000132334;ENSG00000271605;ENSG00000118785;ENSG00000155659;ENSG00000165168;ENSG00000099860;ENSG00000134996;ENSG00000171700;ENSG00000173391;ENSG00000128016;ENSG00000005893;ENSG00000100364;ENSG00000118515;ENSG00000160255;ENSG00000115956;ENSG00000139278;ENSG00000187653;ENSG00000121933;ENSG00000169508;ENSG00000198399;ENSG00000129667;ENSG00000077420;ENSG00000100997;ENSG00000170776;ENSG00000131724;ENSG00000130429;ENSG00000144893;ENSG00000066336;ENSG00000154589;ENSG00000110934;ENSG00000143226;ENSG00000198223;ENSG00000114013;ENSG00000142347;ENSG00000066294;ENSG00000184584;ENSG00000141968;ENSG00000131238;ENSG00000026297;ENSG00000163106;ENSG00000163563;ENSG00000010327;ENSG00000196126;ENSG00000157303;ENSG00000133112;ENSG00000232368;ENSG00000168461;ENSG00000122862;ENSG00000163131;ENSG00000104894;ENSG00000165025;ENSG00000221869;ENSG00000169313;ENSG00000067182;ENSG00000163932;ENSG00000186818;ENSG00000136167;ENSG00000130755;ENSG00000197629;ENSG00000011600;ENSG00000161921;ENSG00000135821;ENSG00000142512;ENSG00000119535;ENSG00000122359;ENSG00000184060;ENSG00000137642;ENSG00000107738;ENSG00000108798;ENSG00000180353;ENSG00000086730;ENSG00000170458;ENSG00000163191;ENSG00000188313;ENSG00000068305;ENSG00000204525;ENSG00000203747;ENSG00000077549;ENSG00000204472;ENSG00000205352;ENSG00000160712
GAUTAM_EYE_CORNEA_MELANOCYTES	0.00188631920838875	0.016599609033821	0.45505986738723	0.458586015650367	1.59830458856516	258	ENSG00000081189;ENSG00000162627;ENSG00000122591;ENSG00000276023;ENSG00000248049;ENSG00000198914;ENSG00000116641;ENSG00000196116;ENSG00000141522;ENSG00000100664;ENSG00000170515;ENSG00000147408;ENSG00000153179;ENSG00000146731;ENSG00000172315;ENSG00000116649;ENSG00000187446;ENSG00000100605;ENSG00000183155;ENSG00000114942;ENSG00000164323;ENSG00000106554;ENSG00000148339;ENSG00000105849;ENSG00000143514;ENSG00000140859;ENSG00000151552;ENSG00000128245;ENSG00000123416;ENSG00000105835;ENSG00000157045;ENSG00000125744;ENSG00000006652;ENSG00000065154;ENSG00000160310;ENSG00000130558;ENSG00000112335;ENSG00000122545;ENSG00000148834;ENSG00000149485;ENSG00000147416;ENSG00000166226;ENSG00000012660;ENSG00000108106;ENSG00000170348;ENSG00000161057;ENSG00000136999;ENSG00000002549;ENSG00000105223;ENSG00000151304;ENSG00000089327;ENSG00000187024;ENSG00000168028;ENSG00000241685;ENSG00000013561;ENSG00000196419;ENSG00000174021;ENSG00000124562;ENSG00000131165;ENSG00000239672;ENSG00000119048;ENSG00000173542;ENSG00000118705;ENSG00000123545;ENSG00000197702;ENSG00000143322;ENSG00000090013;ENSG00000116761;ENSG00000150347;ENSG00000039068;ENSG00000172757;ENSG00000184840;ENSG00000223802;ENSG00000144713;ENSG00000158467;ENSG00000165416;ENSG00000117519;ENSG00000197019;ENSG00000198918;ENSG00000047849;ENSG00000163565;ENSG00000168734;ENSG00000171490;ENSG00000118785;ENSG00000178057;ENSG00000161970;ENSG00000005893;ENSG00000100364;ENSG00000105655;ENSG00000197958;ENSG00000007080;ENSG00000103415;ENSG00000105619
GAUTAM_EYE_CHOROID_SCLERA_MELANOCYTES	0.0053246568629554	0.0331311982583892	0.407017918923954	0.486710245328106	1.59782787808374	155	ENSG00000104044;ENSG00000109917;ENSG00000136718;ENSG00000170381;ENSG00000150753;ENSG00000145293;ENSG00000125977;ENSG00000197498;ENSG00000120705;ENSG00000137265;ENSG00000133398;ENSG00000273841;ENSG00000140403;ENSG00000106554;ENSG00000074319;ENSG00000135387;ENSG00000100554;ENSG00000100216;ENSG00000067082;ENSG00000197106;ENSG00000065427;ENSG00000132463;ENSG00000213977;ENSG00000149100;ENSG00000184900;ENSG00000169230;ENSG00000164741;ENSG00000090273;ENSG00000204220;ENSG00000130810;ENSG00000204356;ENSG00000170832;ENSG00000155115;ENSG00000123545;ENSG00000167085;ENSG00000147439;ENSG00000165916;ENSG00000145860;ENSG00000100591;ENSG00000161203;ENSG00000100592;ENSG00000114547;ENSG00000143761;ENSG00000123395;ENSG00000169021;ENSG00000147677;ENSG00000089048;ENSG00000171490;ENSG00000163319
BUSSLINGER_ESOPHAGEAL_DENDRITIC_CELLS	0.00223499357315045	0.0186048113656849	0.431707695803346	0.465072950599329	1.58623878076462	202	ENSG00000155926;ENSG00000188042;ENSG00000184007;ENSG00000101367;ENSG00000119508;ENSG00000131236;ENSG00000183049;ENSG00000153310;ENSG00000057608;ENSG00000158050;ENSG00000162783;ENSG00000136603;ENSG00000116741;ENSG00000119801;ENSG00000075624;ENSG00000115355;ENSG00000176788;ENSG00000213047;ENSG00000125740;ENSG00000179820;ENSG00000118971;ENSG00000147010;ENSG00000092964;ENSG00000128245;ENSG00000123416;ENSG00000163347;ENSG00000048740;ENSG00000078369;ENSG00000108774;ENSG00000171223;ENSG00000073756;ENSG00000011422;ENSG00000114353;ENSG00000182578;ENSG00000106066;ENSG00000153234;ENSG00000087086;ENSG00000034510;ENSG00000089327;ENSG00000142669;ENSG00000081237;ENSG00000059804;ENSG00000103187;ENSG00000135842;ENSG00000070961;ENSG00000169032;ENSG00000167996;ENSG00000173221;ENSG00000138071;ENSG00000132965;ENSG00000233276;ENSG00000205542;ENSG00000254087;ENSG00000172757;ENSG00000163602;ENSG00000121281;ENSG00000154978;ENSG00000185862;ENSG00000170345;ENSG00000162511;ENSG00000090104;ENSG00000153201;ENSG00000175567;ENSG00000161835;ENSG00000132510;ENSG00000170017;ENSG00000111348;ENSG00000165168;ENSG00000128016;ENSG00000120899;ENSG00000118515;ENSG00000160255;ENSG00000167470;ENSG00000115956;ENSG00000169508;ENSG00000266094;ENSG00000216490;ENSG00000106991;ENSG00000131724;ENSG00000130429;ENSG00000198502;ENSG00000066336;ENSG00000140836;ENSG00000179094;ENSG00000125354;ENSG00000114013;ENSG00000127946;ENSG00000131238;ENSG00000196126;ENSG00000100077;ENSG00000123358;ENSG00000122862;ENSG00000163131;ENSG00000104894;ENSG00000153046;ENSG00000136167;ENSG00000197629;ENSG00000011600;ENSG00000161921;ENSG00000065989;ENSG00000185022
LAKE_ADULT_KIDNEY_C17_COLLECTING_SYSTEM_PCS_STRESSED_DISSOC_SUBSET	0.00286739998848668	0.0223584606697189	0.431707695803346	0.456091304882106	1.58617139631012	239	ENSG00000113645;ENSG00000170921;ENSG00000120549;ENSG00000073849;ENSG00000164924;ENSG00000134775;ENSG00000010818;ENSG00000124788;ENSG00000104419;ENSG00000183023;ENSG00000182240;ENSG00000117020;ENSG00000171132;ENSG00000198929;ENSG00000052802;ENSG00000087095;ENSG00000109756;ENSG00000052795;ENSG00000183826;ENSG00000112972;ENSG00000147408;ENSG00000166233;ENSG00000155974;ENSG00000109332;ENSG00000049759;ENSG00000092820;ENSG00000112182;ENSG00000125740;ENSG00000150991;ENSG00000070882;ENSG00000086061;ENSG00000148339;ENSG00000141441;ENSG00000067064;ENSG00000067082;ENSG00000120694;ENSG00000107643;ENSG00000157483;ENSG00000105835;ENSG00000115306;ENSG00000006652;ENSG00000120738;ENSG00000157540;ENSG00000196428;ENSG00000185305;ENSG00000241684;ENSG00000068366;ENSG00000075785;ENSG00000211445;ENSG00000150672;ENSG00000066382;ENSG00000198846;ENSG00000131981;ENSG00000012660;ENSG00000062716;ENSG00000172264;ENSG00000124831;ENSG00000115419;ENSG00000115310;ENSG00000163694;ENSG00000164171;ENSG00000186094;ENSG00000130449;ENSG00000169122;ENSG00000034677;ENSG00000156639;ENSG00000226674
FAN_EMBRYONIC_CTX_EX_2_EXCITATORY_NEURON	0.0243710550651687	0.0981213720270845	0.352487857583619	0.706843896119066	1.5832359746718	16	ENSG00000233639;ENSG00000156475;ENSG00000171617;ENSG00000134138;ENSG00000092820;ENSG00000184486;ENSG00000171843
DURANTE_ADULT_OLFACTORY_NEUROEPITHELIUM_MAST_CELLS	0.0180234109661702	0.0793030082511488	0.352487857583619	0.533376513020746	1.56862471248306	67	ENSG00000143013;ENSG00000179388;ENSG00000119508;ENSG00000128342;ENSG00000158050;ENSG00000023445;ENSG00000116741;ENSG00000087074;ENSG00000109321;ENSG00000073756;ENSG00000011422;ENSG00000068366;ENSG00000115602;ENSG00000153234;ENSG00000139318;ENSG00000149534;ENSG00000263961;ENSG00000197253;ENSG00000108691;ENSG00000137575;ENSG00000095794;ENSG00000167996;ENSG00000132965;ENSG00000041353;ENSG00000158869;ENSG00000155307
DESCARTES_FETAL_ADRENAL_MYELOID_CELLS	0.00583522836000047	0.034667027276617	0.407017918923954	0.472322502882244	1.56655913533017	169	ENSG00000204136;ENSG00000248477;ENSG00000179630;ENSG00000136689;ENSG00000011422;ENSG00000108950;ENSG00000182578;ENSG00000183734;ENSG00000224167;ENSG00000106066;ENSG00000100600;ENSG00000163823;ENSG00000177575;ENSG00000171051;ENSG00000239998;ENSG00000166928;ENSG00000085265;ENSG00000235568;ENSG00000162711;ENSG00000103313;ENSG00000198019;ENSG00000196639;ENSG00000255274;ENSG00000155465;ENSG00000159189;ENSG00000171659;ENSG00000196209;ENSG00000174125;ENSG00000137491;ENSG00000173369;ENSG00000183486;ENSG00000181631;ENSG00000187116;ENSG00000100055;ENSG00000140749;ENSG00000137331;ENSG00000167850;ENSG00000129226;ENSG00000088827;ENSG00000158714;ENSG00000171860;ENSG00000150337;ENSG00000042980;ENSG00000090104;ENSG00000146192;ENSG00000161643;ENSG00000173372;ENSG00000018280;ENSG00000166927;ENSG00000169413;ENSG00000105366;ENSG00000180509;ENSG00000197646;ENSG00000271605;ENSG00000118785;ENSG00000155659;ENSG00000165168;ENSG00000141574;ENSG00000121933;ENSG00000268500;ENSG00000152315;ENSG00000197405;ENSG00000090659;ENSG00000254415;ENSG00000187554;ENSG00000116701;ENSG00000161929;ENSG00000066336;ENSG00000131042;ENSG00000170909;ENSG00000174600;ENSG00000114013;ENSG00000026297;ENSG00000163563;ENSG00000196126;ENSG00000090382;ENSG00000179331;ENSG00000175489;ENSG00000110079;ENSG00000105383;ENSG00000169313;ENSG00000186818;ENSG00000163235;ENSG00000197629;ENSG00000266473;ENSG00000106541;ENSG00000142512;ENSG00000141655;ENSG00000184060;ENSG00000174370;ENSG00000142185;ENSG00000184988;ENSG00000170458;ENSG00000180061;ENSG00000153208;ENSG00000010610;ENSG00000145850;ENSG00000127507;ENSG00000270164
ZHENG_CORD_BLOOD_C2_PUTATIVE_BASOPHIL_EOSINOPHIL_MAST_CELL_PROGENITOR	0.0256830367099381	0.0995015761844143	0.352487857583619	0.511198897959828	1.56639797085946	92	ENSG00000143013;ENSG00000111859;ENSG00000182240;ENSG00000100351;ENSG00000165355;ENSG00000145220;ENSG00000112972;ENSG00000187446;ENSG00000115355;ENSG00000125740;ENSG00000166579;ENSG00000087074;ENSG00000090621;ENSG00000113460;ENSG00000149534;ENSG00000134375;ENSG00000034510;ENSG00000111666;ENSG00000168556;ENSG00000083454;ENSG00000141744;ENSG00000068878;ENSG00000132965;ENSG00000096384;ENSG00000150961;ENSG00000107020;ENSG00000179119;ENSG00000162511;ENSG00000172965;ENSG00000132792;ENSG00000167004;ENSG00000044574;ENSG00000115956;ENSG00000072274
MURARO_PANCREAS_ENDOTHELIAL_CELL	0.000772762191565573	0.00881521314822949	0.477270815362862	0.43544599411408	1.56355241634455	359	ENSG00000186642;ENSG00000081189;ENSG00000169744;ENSG00000108219;ENSG00000125266;ENSG00000163466;ENSG00000111859;ENSG00000175274;ENSG00000171992;ENSG00000186260;ENSG00000071127;ENSG00000115652;ENSG00000204217;ENSG00000137801;ENSG00000113657;ENSG00000111252;ENSG00000088832;ENSG00000075618;ENSG00000154217;ENSG00000124225;ENSG00000151458;ENSG00000117298;ENSG00000152684;ENSG00000275832;ENSG00000080573;ENSG00000147010;ENSG00000133789;ENSG00000102804;ENSG00000165434;ENSG00000171488;ENSG00000115306;ENSG00000148484;ENSG00000130300;ENSG00000150687;ENSG00000108947;ENSG00000166068;ENSG00000118680;ENSG00000174804;ENSG00000164687;ENSG00000163638;ENSG00000139318;ENSG00000171631;ENSG00000076356;ENSG00000150977;ENSG00000146112;ENSG00000128567;ENSG00000213626;ENSG00000176907;ENSG00000104967;ENSG00000169504;ENSG00000007908;ENSG00000034510;ENSG00000133030;ENSG00000183688;ENSG00000167522;ENSG00000106546;ENSG00000164171;ENSG00000164741;ENSG00000099250;ENSG00000182492;ENSG00000162654;ENSG00000059804;ENSG00000140465;ENSG00000169756;ENSG00000169242;ENSG00000135363;ENSG00000039523;ENSG00000181104;ENSG00000142192;ENSG00000261371;ENSG00000159167;ENSG00000061273;ENSG00000197461;ENSG00000067057;ENSG00000134954;ENSG00000100311;ENSG00000168807;ENSG00000233276;ENSG00000110395;ENSG00000142748;ENSG00000115738;ENSG00000153879;ENSG00000107263;ENSG00000136630;ENSG00000057657;ENSG00000172757;ENSG00000196628;ENSG00000182253;ENSG00000196914;ENSG00000039560;ENSG00000157557;ENSG00000152818;ENSG00000005020;ENSG00000105974;ENSG00000169641;ENSG00000133574;ENSG00000117318;ENSG00000148841;ENSG00000111716;ENSG00000198833;ENSG00000127603;ENSG00000134323;ENSG00000163565;ENSG00000111348;ENSG00000205730;ENSG00000090339;ENSG00000132334;ENSG00000137834;ENSG00000127947;ENSG00000143248;ENSG00000175130;ENSG00000176435;ENSG00000118515;ENSG00000071246;ENSG00000018408;ENSG00000050165;ENSG00000171115;ENSG00000102755;ENSG00000091428;ENSG00000085276;ENSG00000170852;ENSG00000113532;ENSG00000125810;ENSG00000171105
DESCARTES_FETAL_ADRENAL_CHROMAFFIN_CELLS	0.00833964490467998	0.045484497148594	0.380730400722792	0.499161542372349	1.56235551679822	108	ENSG00000228971;ENSG00000026559;ENSG00000221866;ENSG00000140557;ENSG00000159307;ENSG00000137968;ENSG00000068615;ENSG00000163673;ENSG00000114757;ENSG00000152503;ENSG00000149742;ENSG00000137285;ENSG00000239911;ENSG00000137267;ENSG00000062096;ENSG00000176788;ENSG00000122585;ENSG00000015592;ENSG00000165323;ENSG00000131711;ENSG00000213190;ENSG00000146006;ENSG00000078328;ENSG00000173452;ENSG00000154118;ENSG00000176490;ENSG00000166736;ENSG00000261618;ENSG00000204352;ENSG00000002746
RUBENSTEIN_SKELETAL_MUSCLE_T_CELLS	0.00499314035815098	0.0318599214131588	0.407017918923954	0.465013714090332	1.55958214259106	179	ENSG00000146386;ENSG00000131508;ENSG00000136490;ENSG00000102879;ENSG00000125977;ENSG00000115091;ENSG00000114942;ENSG00000104660;ENSG00000184203;ENSG00000145247;ENSG00000109971;ENSG00000173812;ENSG00000171223;ENSG00000133872;ENSG00000172809;ENSG00000089327;ENSG00000165502;ENSG00000142669;ENSG00000081237;ENSG00000140988;ENSG00000168028;ENSG00000120742;ENSG00000103187;ENSG00000137876;ENSG00000241343;ENSG00000078304;ENSG00000100353;ENSG00000134954;ENSG00000071082;ENSG00000205542;ENSG00000231500;ENSG00000126756;ENSG00000070756;ENSG00000144713;ENSG00000126264;ENSG00000145287;ENSG00000162511;ENSG00000133574;ENSG00000198918;ENSG00000111716;ENSG00000082074;ENSG00000111348;ENSG00000147677;ENSG00000171490;ENSG00000197756;ENSG00000161970;ENSG00000169567;ENSG00000197958;ENSG00000130255;ENSG00000130429;ENSG00000221983;ENSG00000228474;ENSG00000229117;ENSG00000008988;ENSG00000131469;ENSG00000197728;ENSG00000204387;ENSG00000133112;ENSG00000104894;ENSG00000174748;ENSG00000288920;ENSG00000130755
DESCARTES_MAIN_FETAL_VISCERAL_NEURONS	0.0109946946177844	0.055972990781448	0.380730400722792	0.528763722800601	1.55895331295256	70	ENSG00000168539;ENSG00000273238;ENSG00000130540;ENSG00000170027;ENSG00000107130;ENSG00000196230;ENSG00000154277;ENSG00000137267;ENSG00000205710;ENSG00000229385;ENSG00000119782;ENSG00000104435;ENSG00000134363;ENSG00000258947;ENSG00000128245;ENSG00000270607;ENSG00000226508;ENSG00000087258;ENSG00000177875;ENSG00000178233;ENSG00000213430
TRAVAGLINI_LUNG_PLASMACYTOID_DENDRITIC_CELL	0.00876941147475602	0.0461705766534163	0.380730400722792	0.495686217970732	1.54724344202919	107	ENSG00000119866;ENSG00000221866;ENSG00000111249;ENSG00000175274;ENSG00000117632;ENSG00000074416;ENSG00000111252;ENSG00000066827;ENSG00000151131;ENSG00000124225;ENSG00000137265;ENSG00000148154;ENSG00000106537;ENSG00000115355;ENSG00000110880;ENSG00000103056;ENSG00000103257;ENSG00000169432;ENSG00000100600;ENSG00000146072;ENSG00000123836;ENSG00000099250;ENSG00000124813;ENSG00000186081
TRAVAGLINI_LUNG_BASAL_CELL	0.00585287473501326	0.034667027276617	0.407017918923954	0.460878090136259	1.5457119166777	179	ENSG00000143013;ENSG00000181467;ENSG00000163466;ENSG00000107833;ENSG00000156804;ENSG00000185104;ENSG00000115641;ENSG00000136997;ENSG00000158710;ENSG00000148154;ENSG00000101444;ENSG00000176788;ENSG00000150991;ENSG00000118971;ENSG00000090006;ENSG00000102804;ENSG00000163347;ENSG00000158716;ENSG00000184292;ENSG00000065154;ENSG00000173812;ENSG00000171462;ENSG00000175793;ENSG00000171223;ENSG00000234741;ENSG00000104783;ENSG00000134333;ENSG00000149100;ENSG00000154175;ENSG00000117525;ENSG00000140332;ENSG00000164171;ENSG00000142669;ENSG00000140988;ENSG00000186081;ENSG00000168028;ENSG00000164733;ENSG00000204936;ENSG00000062038;ENSG00000103044;ENSG00000138135;ENSG00000060138;ENSG00000159788;ENSG00000184009;ENSG00000196628;ENSG00000144713;ENSG00000157557;ENSG00000123689;ENSG00000163565;ENSG00000029993;ENSG00000105655;ENSG00000197958;ENSG00000050165;ENSG00000073282;ENSG00000111199;ENSG00000205076
DESCARTES_FETAL_INTESTINE_ENS_NEURONS	0.00495826825423804	0.0318599214131588	0.407017918923954	0.473177159829898	1.54501523503452	151	ENSG00000111249;ENSG00000152969;ENSG00000172209;ENSG00000225206;ENSG00000167654;ENSG00000186487;ENSG00000187122;ENSG00000146469;ENSG00000066032;ENSG00000181215;ENSG00000133083;ENSG00000167414;ENSG00000137285;ENSG00000154277;ENSG00000129682;ENSG00000129951;ENSG00000249896;ENSG00000137267;ENSG00000187672;ENSG00000015592;ENSG00000203685;ENSG00000131711;ENSG00000213190;ENSG00000187867;ENSG00000151490;ENSG00000104435;ENSG00000116329;ENSG00000140015;ENSG00000152954;ENSG00000087495;ENSG00000170091;ENSG00000152092;ENSG00000130558;ENSG00000116254;ENSG00000154118;ENSG00000118473;ENSG00000161082;ENSG00000101204;ENSG00000002746;ENSG00000237940;ENSG00000226053;ENSG00000181195;ENSG00000092051;ENSG00000166924;ENSG00000134443
TRAVAGLINI_LUNG_ARTERY_CELL	0.014473891030918	0.0675857666182937	0.380730400722792	0.480471349987657	1.53996133237696	130	ENSG00000113389;ENSG00000145632;ENSG00000099260;ENSG00000125266;ENSG00000136404;ENSG00000117632;ENSG00000007944;ENSG00000156427;ENSG00000049323;ENSG00000163171;ENSG00000138190;ENSG00000134198;ENSG00000124212;ENSG00000155096;ENSG00000090006;ENSG00000139874;ENSG00000163001;ENSG00000145247;ENSG00000143079;ENSG00000145990;ENSG00000154175;ENSG00000136720;ENSG00000163659;ENSG00000265107;ENSG00000112715;ENSG00000079102;ENSG00000137573
TRAVAGLINI_LUNG_BASOPHIL_MAST_2_CELL	0.00030462358946162	0.0044678126454371	0.49849310876659	0.414569091600258	1.523621349163	488	ENSG00000143013;ENSG00000276023;ENSG00000213639;ENSG00000111670;ENSG00000111859;ENSG00000164924;ENSG00000118985;ENSG00000179388;ENSG00000175895;ENSG00000104765;ENSG00000117632;ENSG00000134138;ENSG00000101367;ENSG00000119508;ENSG00000182240;ENSG00000163171;ENSG00000114861;ENSG00000082153;ENSG00000100351;ENSG00000125505;ENSG00000185630;ENSG00000128342;ENSG00000100664;ENSG00000135426;ENSG00000010404;ENSG00000139722;ENSG00000135241;ENSG00000136603;ENSG00000132824;ENSG00000144118;ENSG00000102471;ENSG00000023445;ENSG00000116741;ENSG00000189241;ENSG00000009307;ENSG00000091039;ENSG00000069956;ENSG00000125740;ENSG00000179820;ENSG00000205710;ENSG00000177879;ENSG00000167552;ENSG00000108953;ENSG00000166579;ENSG00000086061;ENSG00000087074;ENSG00000147010;ENSG00000133789;ENSG00000105849;ENSG00000123562;ENSG00000102804;ENSG00000143514;ENSG00000135503;ENSG00000067082;ENSG00000097021;ENSG00000168952;ENSG00000163001;ENSG00000109321;ENSG00000120738;ENSG00000166477;ENSG00000132661;ENSG00000143621;ENSG00000114784;ENSG00000143420;ENSG00000255112;ENSG00000171223;ENSG00000198730;ENSG00000073756;ENSG00000011422;ENSG00000180035;ENSG00000068366;ENSG00000104064;ENSG00000115602;ENSG00000164649;ENSG00000117592;ENSG00000151327;ENSG00000073737;ENSG00000107968;ENSG00000101558;ENSG00000134107;ENSG00000140332;ENSG00000136720;ENSG00000153234;ENSG00000062716;ENSG00000149179;ENSG00000073712;ENSG00000139318;ENSG00000137714;ENSG00000149534;ENSG00000150977;ENSG00000105722;ENSG00000154640;ENSG00000163659;ENSG00000104763;ENSG00000106546;ENSG00000164741;ENSG00000089327;ENSG00000165502;ENSG00000263961;ENSG00000111666;ENSG00000197253;ENSG00000105993;ENSG00000108691;ENSG00000137575;ENSG00000059804;ENSG00000104856;ENSG00000112715;ENSG00000121858;ENSG00000095794;ENSG00000186352;ENSG00000167996;ENSG00000173846;ENSG00000181751;ENSG00000096384;ENSG00000169224;ENSG00000022277;ENSG00000164615;ENSG00000145860;ENSG00000090060;ENSG00000124762;ENSG00000002587;ENSG00000110911;ENSG00000178053;ENSG00000113013;ENSG00000161203;ENSG00000041353;ENSG00000108946;ENSG00000115738;ENSG00000095303;ENSG00000155307;ENSG00000162924;ENSG00000106591;ENSG00000115539;ENSG00000187098;ENSG00000005486;ENSG00000158470;ENSG00000112339;ENSG00000069020;ENSG00000116752;ENSG00000197019;ENSG00000090104;ENSG00000146376;ENSG00000111678;ENSG00000135916;ENSG00000132510;ENSG00000172965;ENSG00000105366;ENSG00000158019;ENSG00000111348;ENSG00000168734;ENSG00000158615;ENSG00000090339;ENSG00000102401;ENSG00000132792;ENSG00000164674;ENSG00000197756;ENSG00000115875;ENSG00000099860;ENSG00000143575;ENSG00000128016;ENSG00000165775;ENSG00000044574;ENSG00000118515;ENSG00000025293;ENSG00000140030
AIZARANI_LIVER_C39_EPCAM_POS_BILE_DUCT_CELLS_4	0.0137097034847285	0.0664974594219904	0.380730400722792	0.453282414506037	1.5214274247428	180	ENSG00000122641;ENSG00000111859;ENSG00000137801;ENSG00000128342;ENSG00000052802;ENSG00000185950;ENSG00000112972;ENSG00000124225;ENSG00000148154;ENSG00000023445;ENSG00000149115;ENSG00000171621;ENSG00000092820;ENSG00000179820;ENSG00000108953;ENSG00000116717;ENSG00000159128;ENSG00000102554;ENSG00000119888;ENSG00000143514;ENSG00000154380;ENSG00000067082;ENSG00000113161;ENSG00000163347;ENSG00000115306;ENSG00000105976;ENSG00000184292;ENSG00000139514;ENSG00000165125;ENSG00000112096;ENSG00000150938;ENSG00000062716;ENSG00000144959;ENSG00000272398;ENSG00000115310;ENSG00000006210;ENSG00000146072;ENSG00000154556;ENSG00000196141;ENSG00000108691;ENSG00000112715;ENSG00000122870;ENSG00000034677;ENSG00000119048;ENSG00000096384;ENSG00000046604;ENSG00000120889;ENSG00000067057;ENSG00000146038;ENSG00000070404;ENSG00000039068;ENSG00000184009;ENSG00000113070;ENSG00000106078;ENSG00000006327;ENSG00000196136;ENSG00000148677;ENSG00000132510;ENSG00000047849;ENSG00000170017;ENSG00000086544;ENSG00000181885
HAY_BONE_MARROW_NEUTROPHIL	0.000992118943713226	0.0106022612195491	0.45505986738723	0.416779587250698	1.52128671335842	437	ENSG00000146386;ENSG00000135334;ENSG00000082014;ENSG00000144597;ENSG00000163421;ENSG00000204397;ENSG00000188641;ENSG00000035862;ENSG00000137801;ENSG00000163171;ENSG00000173744;ENSG00000139132;ENSG00000125505;ENSG00000170837;ENSG00000057252;ENSG00000198598;ENSG00000142657;ENSG00000197006;ENSG00000185950;ENSG00000116679;ENSG00000187446;ENSG00000116741;ENSG00000153815;ENSG00000100300;ENSG00000075624;ENSG00000004399;ENSG00000163931;ENSG00000176788;ENSG00000110880;ENSG00000108100;ENSG00000115350;ENSG00000179820;ENSG00000196189;ENSG00000182287;ENSG00000184232;ENSG00000067082;ENSG00000174437;ENSG00000108582;ENSG00000105520;ENSG00000260032;ENSG00000137752;ENSG00000133318;ENSG00000136689;ENSG00000137161;ENSG00000073756;ENSG00000011422;ENSG00000068366;ENSG00000114353;ENSG00000156052;ENSG00000145545;ENSG00000101558;ENSG00000143862;ENSG00000150977;ENSG00000160209;ENSG00000007237;ENSG00000177575;ENSG00000034510;ENSG00000105223;ENSG00000162636;ENSG00000078124;ENSG00000171051;ENSG00000163694;ENSG00000126247;ENSG00000142405;ENSG00000130881;ENSG00000142669;ENSG00000123684;ENSG00000085265;ENSG00000137575;ENSG00000059804;ENSG00000235568;ENSG00000112799;ENSG00000109743;ENSG00000156642;ENSG00000103313;ENSG00000116260;ENSG00000080371;ENSG00000102524;ENSG00000135049;ENSG00000158473;ENSG00000138071;ENSG00000105514;ENSG00000115919;ENSG00000134046;ENSG00000171049;ENSG00000151062;ENSG00000233276;ENSG00000115271;ENSG00000137726;ENSG00000205133;ENSG00000181631;ENSG00000101421;ENSG00000273749;ENSG00000136630;ENSG00000155307;ENSG00000168769;ENSG00000105329;ENSG00000112303;ENSG00000165030;ENSG00000103569;ENSG00000140749;ENSG00000068650;ENSG00000169826;ENSG00000116729;ENSG00000143376;ENSG00000173334;ENSG00000103196;ENSG00000157557;ENSG00000140932;ENSG00000170345;ENSG00000182220;ENSG00000052749;ENSG00000134698;ENSG00000005020;ENSG00000117500;ENSG00000143878;ENSG00000018280;ENSG00000134516;ENSG00000159339;ENSG00000177119;ENSG00000132334;ENSG00000075420;ENSG00000127947;ENSG00000126883;ENSG00000165168;ENSG00000005893;ENSG00000167470;ENSG00000139278;ENSG00000100106;ENSG00000163412;ENSG00000179029;ENSG00000254415;ENSG00000125810;ENSG00000175538;ENSG00000124882;ENSG00000274536;ENSG00000116701;ENSG00000154589;ENSG00000140575;ENSG00000166825;ENSG00000171867;ENSG00000105048;ENSG00000177556;ENSG00000170909;ENSG00000151948;ENSG00000237765;ENSG00000163563;ENSG00000010327;ENSG00000157168;ENSG00000141526;ENSG00000135604;ENSG00000042753;ENSG00000105963;ENSG00000182718;ENSG00000112299;ENSG00000168461;ENSG00000260916;ENSG00000186350;ENSG00000122862;ENSG00000166523;ENSG00000277791;ENSG00000105383;ENSG00000084207;ENSG00000133657;ENSG00000115828;ENSG00000158517;ENSG00000136167;ENSG00000171222;ENSG00000205269;ENSG00000100504;ENSG00000130755;ENSG00000143384;ENSG00000197629;ENSG00000011600
MENON_FETAL_KIDNEY_9_ENDOTHELIAL_CELLS	0.0370128416073244	0.133332809532818	0.321775918075361	0.490476707263953	1.51788266729115	101	ENSG00000081189;ENSG00000100503;ENSG00000125266;ENSG00000163466;ENSG00000143549;ENSG00000134138;ENSG00000088832;ENSG00000185630;ENSG00000182809;ENSG00000198668;ENSG00000123416;ENSG00000154096;ENSG00000115306;ENSG00000114353;ENSG00000176907;ENSG00000034510;ENSG00000099250;ENSG00000103187;ENSG00000138071;ENSG00000142192;ENSG00000261371;ENSG00000134954;ENSG00000170759;ENSG00000205542;ENSG00000196628
HAY_BONE_MARROW_EARLY_ERYTHROBLAST	0.0196926859208078	0.0830869488165588	0.352487857583619	0.493222960288483	1.51701496488155	95	ENSG00000147804;ENSG00000107833;ENSG00000124787;ENSG00000163938;ENSG00000075618;ENSG00000136997;ENSG00000154639;ENSG00000164182;ENSG00000181610;ENSG00000116649;ENSG00000101444;ENSG00000163811;ENSG00000123562;ENSG00000249859;ENSG00000108064;ENSG00000090621;ENSG00000138430;ENSG00000146701;ENSG00000118513;ENSG00000108561;ENSG00000130649;ENSG00000122034;ENSG00000239672;ENSG00000180817;ENSG00000141744;ENSG00000076248;ENSG00000061273;ENSG00000039068;ENSG00000123609;ENSG00000179958;ENSG00000211450;ENSG00000145912
DESCARTES_FETAL_THYMUS_ANTIGEN_PRESENTING_CELLS	0.00976549090262622	0.050550776437124	0.380730400722792	0.458641736185437	1.51415190879702	161	ENSG00000197872;ENSG00000111186;ENSG00000186197;ENSG00000183484;ENSG00000101220;ENSG00000183023;ENSG00000075618;ENSG00000123685;ENSG00000106537;ENSG00000023445;ENSG00000204103;ENSG00000110324;ENSG00000196189;ENSG00000145416;ENSG00000128203;ENSG00000136689;ENSG00000011422;ENSG00000106066;ENSG00000087258;ENSG00000100600;ENSG00000121380;ENSG00000124491;ENSG00000125257;ENSG00000171631;ENSG00000130775;ENSG00000138744;ENSG00000070190;ENSG00000133106;ENSG00000172379;ENSG00000235568;ENSG00000112799;ENSG00000222041;ENSG00000089094;ENSG00000115919;ENSG00000168546;ENSG00000155465;ENSG00000137841;ENSG00000173369;ENSG00000158869;ENSG00000115738;ENSG00000153879;ENSG00000181631;ENSG00000104951;ENSG00000155307;ENSG00000140749;ENSG00000105246;ENSG00000129226;ENSG00000146232;ENSG00000158714;ENSG00000090104;ENSG00000146192;ENSG00000173372;ENSG00000131203;ENSG00000166927;ENSG00000120280;ENSG00000103381;ENSG00000178175;ENSG00000165168;ENSG00000138755;ENSG00000115956;ENSG00000000938;ENSG00000172724;ENSG00000152315;ENSG00000106069;ENSG00000138670;ENSG00000174944;ENSG00000198502;ENSG00000066336;ENSG00000154589;ENSG00000174600;ENSG00000198223;ENSG00000114013;ENSG00000179163;ENSG00000142347;ENSG00000066294;ENSG00000211592;ENSG00000163563;ENSG00000196126;ENSG00000164512;ENSG00000141526;ENSG00000090382;ENSG00000168461;ENSG00000122862;ENSG00000163131
DESCARTES_MAIN_FETAL_STC2_TLX1_POSITIVE_CELLS	0.0489642184557439	0.15874715036178	0.282013350011725	0.675723058399555	1.51352945232651	16	ENSG00000128045;ENSG00000164112;ENSG00000181656;ENSG00000213889;ENSG00000171873;ENSG00000113739
LAKE_ADULT_KIDNEY_C1_EPITHELIAL_CELLS_UNASSIGNED	0.0382958334990259	0.137152519973255	0.321775918075361	0.59134325561807	1.51299397269904	30	ENSG00000170579;ENSG00000134138;ENSG00000115896;ENSG00000185630;ENSG00000109756;ENSG00000185737;ENSG00000171914;ENSG00000211445;ENSG00000172264;ENSG00000152767
MANNO_MIDBRAIN_NEUROTYPES_HNBM	0.00377098353829634	0.0263968847680744	0.431707695803346	0.427629108470184	1.51239849049697	289	ENSG00000119866;ENSG00000185668;ENSG00000061337;ENSG00000164951;ENSG00000183287;ENSG00000197872;ENSG00000183307;ENSG00000140557;ENSG00000184156;ENSG00000178662;ENSG00000073849;ENSG00000254377;ENSG00000167654;ENSG00000183908;ENSG00000164600;ENSG00000116852;ENSG00000225783;ENSG00000117632;ENSG00000112320;ENSG00000066032;ENSG00000137094;ENSG00000005249;ENSG00000113657;ENSG00000163171;ENSG00000134532;ENSG00000114757;ENSG00000133083;ENSG00000152503;ENSG00000154639;ENSG00000109265;ENSG00000131242;ENSG00000077264;ENSG00000137285;ENSG00000114405;ENSG00000106537;ENSG00000153253;ENSG00000136261;ENSG00000078018;ENSG00000049759;ENSG00000176204;ENSG00000186469;ENSG00000015592;ENSG00000069956;ENSG00000130287;ENSG00000131711;ENSG00000213190;ENSG00000167552;ENSG00000145362;ENSG00000151490;ENSG00000104435;ENSG00000155816;ENSG00000152954;ENSG00000087495;ENSG00000146006;ENSG00000258947;ENSG00000107643;ENSG00000103056;ENSG00000141431;ENSG00000206579;ENSG00000178235;ENSG00000198513;ENSG00000180875;ENSG00000154429;ENSG00000142700;ENSG00000184486;ENSG00000159409;ENSG00000117152;ENSG00000157216;ENSG00000139112;ENSG00000178403;ENSG00000157851;ENSG00000251349;ENSG00000203668;ENSG00000272398;ENSG00000163380;ENSG00000196581;ENSG00000149243
ZHENG_CORD_BLOOD_C7_PUTATIVE_LYMPHOID_PRIMED_MULTIPOTENT_PROGENITOR_1	0.020259372279092	0.0848964171695283	0.352487857583619	0.491331503536879	1.51119737643041	95	ENSG00000119866;ENSG00000114450;ENSG00000115165;ENSG00000123416;ENSG00000115306;ENSG00000069329;ENSG00000110987;ENSG00000107968;ENSG00000170264;ENSG00000065613;ENSG00000150977;ENSG00000124831;ENSG00000183688;ENSG00000172247;ENSG00000122034;ENSG00000162654;ENSG00000175455;ENSG00000100902;ENSG00000122779;ENSG00000159216;ENSG00000119335;ENSG00000169826;ENSG00000070756;ENSG00000196954;ENSG00000163565;ENSG00000166598;ENSG00000132334;ENSG00000164466;ENSG00000108424;ENSG00000070081;ENSG00000044574;ENSG00000160062;ENSG00000139278;ENSG00000100644;ENSG00000145675;ENSG00000182670;ENSG00000130741;ENSG00000210082;ENSG00000197471;ENSG00000133112;ENSG00000179218;ENSG00000198695;ENSG00000102096
HAY_BONE_MARROW_CD34_POS_MKP	0.0264565509793281	0.10060021853868	0.352487857583619	0.521212182371754	1.50680586750988	60	ENSG00000160145;ENSG00000150594;ENSG00000125266;ENSG00000074416;ENSG00000049323;ENSG00000185630;ENSG00000113361;ENSG00000203685;ENSG00000133433;ENSG00000197905;ENSG00000018699;ENSG00000061918;ENSG00000137672;ENSG00000205436;ENSG00000072110;ENSG00000187513;ENSG00000164171
DESCARTES_FETAL_LIVER_HEMATOPOIETIC_STEM_CELLS	0.0529300567107751	0.168066571823904	0.271288554688953	0.600669371754338	1.50302199849569	27	ENSG00000188580;ENSG00000172232;ENSG00000113100;ENSG00000142611;ENSG00000233723;ENSG00000178773;ENSG00000172247;ENSG00000101938;ENSG00000133019;ENSG00000270757;ENSG00000183166;ENSG00000104689
LAKE_ADULT_KIDNEY_C10_THIN_ASCENDING_LIMB	0.00205926934978839	0.0174037648843286	0.431707695803346	0.419209455819169	1.50045277709635	349	ENSG00000233639;ENSG00000233901;ENSG00000103342;ENSG00000074416;ENSG00000182240;ENSG00000177133;ENSG00000100664;ENSG00000142864;ENSG00000065548;ENSG00000052795;ENSG00000154217;ENSG00000242247;ENSG00000116679;ENSG00000135241;ENSG00000146731;ENSG00000009307;ENSG00000109332;ENSG00000150991;ENSG00000070882;ENSG00000086061;ENSG00000101040;ENSG00000119888;ENSG00000166913;ENSG00000102804;ENSG00000198668;ENSG00000110958;ENSG00000108582;ENSG00000120694;ENSG00000105835;ENSG00000260032;ENSG00000158716;ENSG00000129625;ENSG00000115053;ENSG00000184292;ENSG00000125944;ENSG00000109971;ENSG00000173812;ENSG00000156976;ENSG00000127955;ENSG00000122545;ENSG00000112096;ENSG00000101443;ENSG00000068366;ENSG00000117592;ENSG00000134333;ENSG00000118680;ENSG00000132341;ENSG00000062716;ENSG00000133872;ENSG00000087086;ENSG00000124831;ENSG00000272398;ENSG00000176907;ENSG00000145623;ENSG00000113282;ENSG00000133313;ENSG00000143870;ENSG00000165678;ENSG00000164171;ENSG00000140988;ENSG00000138600;ENSG00000137575;ENSG00000168028;ENSG00000134440;ENSG00000164733;ENSG00000121858;ENSG00000163468;ENSG00000167996;ENSG00000180817;ENSG00000079246;ENSG00000157107;ENSG00000157445;ENSG00000138071;ENSG00000142192;ENSG00000096384;ENSG00000118596;ENSG00000137409;ENSG00000255302;ENSG00000090060;ENSG00000179295;ENSG00000113013;ENSG00000163491;ENSG00000233276;ENSG00000060138;ENSG00000170759;ENSG00000071082;ENSG00000115738;ENSG00000184009;ENSG00000137331;ENSG00000143761;ENSG00000231500;ENSG00000070756;ENSG00000144713;ENSG00000106052;ENSG00000102572;ENSG00000117519;ENSG00000123689;ENSG00000005020;ENSG00000065978;ENSG00000073711;ENSG00000135916;ENSG00000111716;ENSG00000169021;ENSG00000196262;ENSG00000166598;ENSG00000137845;ENSG00000118785;ENSG00000197756;ENSG00000099860;ENSG00000167004;ENSG00000197249;ENSG00000169567
GAUTAM_EYE_IRIS_CILIARY_BODY_CILIARY_BODY_ENDOTHELIAL_CELLS	0.00206245915025322	0.0174037648843286	0.431707695803346	0.417048897830077	1.49600536453178	355	ENSG00000112578;ENSG00000174749;ENSG00000178662;ENSG00000163527;ENSG00000163249;ENSG00000110104;ENSG00000134001;ENSG00000115233;ENSG00000137055;ENSG00000164024;ENSG00000106105;ENSG00000114686;ENSG00000139233;ENSG00000050393;ENSG00000144369;ENSG00000125505;ENSG00000150753;ENSG00000165732;ENSG00000114744;ENSG00000052795;ENSG00000145431;ENSG00000187840;ENSG00000135632;ENSG00000145014;ENSG00000075213;ENSG00000115355;ENSG00000136261;ENSG00000275832;ENSG00000214517;ENSG00000053372;ENSG00000114503;ENSG00000072422;ENSG00000074319;ENSG00000175792;ENSG00000086232;ENSG00000069345;ENSG00000174437;ENSG00000157483;ENSG00000114026;ENSG00000055147;ENSG00000174173;ENSG00000101557;ENSG00000240857;ENSG00000157540;ENSG00000175984;ENSG00000138663;ENSG00000116096;ENSG00000144867;ENSG00000138594;ENSG00000167680;ENSG00000141560;ENSG00000137168;ENSG00000150977;ENSG00000107815;ENSG00000198791;ENSG00000128654;ENSG00000070614;ENSG00000164741;ENSG00000100413;ENSG00000182621;ENSG00000170385;ENSG00000144848;ENSG00000187024;ENSG00000137575;ENSG00000258405;ENSG00000162976;ENSG00000104728;ENSG00000117222;ENSG00000108094;ENSG00000130810;ENSG00000171497;ENSG00000101266;ENSG00000170558;ENSG00000173221;ENSG00000096384;ENSG00000188706;ENSG00000179295;ENSG00000184867;ENSG00000063245;ENSG00000187601;ENSG00000168282;ENSG00000115271;ENSG00000242372;ENSG00000163444;ENSG00000205542;ENSG00000176472;ENSG00000184602;ENSG00000101350;ENSG00000119396
GAUTAM_EYE_IRIS_CILIARY_BODY_SMOOTH_MUSCLE_CELLS	0.00631547995381116	0.036358277117268	0.407017918923954	0.424098828151206	1.48399431721487	265	ENSG00000233705;ENSG00000112245;ENSG00000118407;ENSG00000159842;ENSG00000115652;ENSG00000114686;ENSG00000049323;ENSG00000142230;ENSG00000162878;ENSG00000173175;ENSG00000185950;ENSG00000109171;ENSG00000025796;ENSG00000107130;ENSG00000196230;ENSG00000149547;ENSG00000155096;ENSG00000069956;ENSG00000130311;ENSG00000148660;ENSG00000104695;ENSG00000140403;ENSG00000106615;ENSG00000106524;ENSG00000182287;ENSG00000100302;ENSG00000165434;ENSG00000136950;ENSG00000111237;ENSG00000165194;ENSG00000070831;ENSG00000105649;ENSG00000134283;ENSG00000113712;ENSG00000066027;ENSG00000146701;ENSG00000119938;ENSG00000148484;ENSG00000065427;ENSG00000185115;ENSG00000117069;ENSG00000198517;ENSG00000234608;ENSG00000036672;ENSG00000184900;ENSG00000100804;ENSG00000067334;ENSG00000128654;ENSG00000127528;ENSG00000182154;ENSG00000143870;ENSG00000168653;ENSG00000082641;ENSG00000100580;ENSG00000206052;ENSG00000241685;ENSG00000140632;ENSG00000147400;ENSG00000071537;ENSG00000175220;ENSG00000101363;ENSG00000196850;ENSG00000175602;ENSG00000167085;ENSG00000173692;ENSG00000120675;ENSG00000103534;ENSG00000168807;ENSG00000161203;ENSG00000121022;ENSG00000126950;ENSG00000170759;ENSG00000087502;ENSG00000141759;ENSG00000198853;ENSG00000169826;ENSG00000103194;ENSG00000114867;ENSG00000170881;ENSG00000111716;ENSG00000169021;ENSG00000211455;ENSG00000134318;ENSG00000163017;ENSG00000113231;ENSG00000184545;ENSG00000169567;ENSG00000099341;ENSG00000104331;ENSG00000007080;ENSG00000118523;ENSG00000172115;ENSG00000131471;ENSG00000163344;ENSG00000130005;ENSG00000121671;ENSG00000104442;ENSG00000138942
DURANTE_ADULT_OLFACTORY_NEUROEPITHELIUM_IMMATURE_NEURONS	0.0223075240533492	0.0916095654457542	0.352487857583619	0.454932702383792	1.47919424508168	139	ENSG00000106689;ENSG00000170370;ENSG00000186487;ENSG00000117632;ENSG00000129990;ENSG00000143590;ENSG00000113657;ENSG00000144369;ENSG00000133083;ENSG00000075945;ENSG00000169136;ENSG00000145687;ENSG00000167414;ENSG00000137285;ENSG00000196230;ENSG00000154277;ENSG00000137267;ENSG00000176788;ENSG00000015592;ENSG00000139971;ENSG00000131711;ENSG00000167552;ENSG00000175582;ENSG00000104435;ENSG00000119888;ENSG00000154153;ENSG00000092964;ENSG00000261949;ENSG00000198668;ENSG00000135002;ENSG00000078369;ENSG00000133318;ENSG00000169432;ENSG00000164326;ENSG00000105290
DESCARTES_FETAL_KIDNEY_MYELOID_CELLS	0.0122531103783736	0.0608702902667591	0.380730400722792	0.438156853237092	1.47835440688292	185	ENSG00000197872;ENSG00000116741;ENSG00000204136;ENSG00000043591;ENSG00000238057;ENSG00000145416;ENSG00000176597;ENSG00000169432;ENSG00000073756;ENSG00000011422;ENSG00000108950;ENSG00000182578;ENSG00000073737;ENSG00000106066;ENSG00000171631;ENSG00000163823;ENSG00000177575;ENSG00000239998;ENSG00000166928;ENSG00000085265;ENSG00000164733;ENSG00000235568;ENSG00000162711;ENSG00000103313;ENSG00000198019;ENSG00000196639;ENSG00000268297;ENSG00000154237;ENSG00000115919;ENSG00000255274;ENSG00000159189;ENSG00000120337;ENSG00000171659;ENSG00000196209;ENSG00000174125;ENSG00000137491;ENSG00000173369;ENSG00000196664;ENSG00000181631;ENSG00000170439;ENSG00000100055;ENSG00000103569;ENSG00000140749;ENSG00000137331;ENSG00000129226;ENSG00000139572;ENSG00000088827;ENSG00000135077;ENSG00000158714;ENSG00000171860;ENSG00000150337;ENSG00000146192;ENSG00000161643;ENSG00000173372;ENSG00000166927;ENSG00000169413;ENSG00000118785;ENSG00000155659;ENSG00000165168;ENSG00000173391;ENSG00000151117;ENSG00000169282;ENSG00000169508;ENSG00000129667;ENSG00000216490;ENSG00000090659;ENSG00000116701;ENSG00000198502;ENSG00000161929;ENSG00000066336;ENSG00000154589;ENSG00000120217;ENSG00000131042;ENSG00000170909;ENSG00000233038;ENSG00000198223;ENSG00000114013;ENSG00000213373;ENSG00000117154;ENSG00000163106;ENSG00000163563;ENSG00000244682;ENSG00000175489;ENSG00000112299;ENSG00000110079;ENSG00000160791;ENSG00000105383;ENSG00000273409;ENSG00000186818;ENSG00000158517;ENSG00000179583;ENSG00000197629;ENSG00000121807;ENSG00000141655;ENSG00000184060;ENSG00000174370
AIZARANI_LIVER_C5_NK_NKT_CELLS_3	0.0260720465779042	0.100377379324931	0.352487857583619	0.468367573129108	1.47752890355351	118	ENSG00000155926;ENSG00000111670;ENSG00000102879;ENSG00000115165;ENSG00000143184;ENSG00000154217;ENSG00000161405;ENSG00000158050;ENSG00000142875;ENSG00000100030;ENSG00000186469;ENSG00000074706;ENSG00000118971;ENSG00000074966;ENSG00000136950;ENSG00000048740;ENSG00000109321;ENSG00000162894;ENSG00000145990;ENSG00000198846;ENSG00000153234;ENSG00000149294;ENSG00000081237;ENSG00000150867;ENSG00000143119;ENSG00000132965;ENSG00000134954;ENSG00000158869;ENSG00000057657;ENSG00000027075;ENSG00000126264;ENSG00000082074;ENSG00000111348;ENSG00000164674;ENSG00000101695;ENSG00000160255;ENSG00000115956;ENSG00000122122;ENSG00000266094;ENSG00000110934;ENSG00000115523;ENSG00000128340;ENSG00000145675;ENSG00000122862;ENSG00000165025;ENSG00000171522;ENSG00000005844;ENSG00000136167;ENSG00000105374;ENSG00000011600
DESCARTES_FETAL_LUNG_MYELOID_CELLS	0.0141013599751846	0.0675857666182937	0.380730400722792	0.455144180934739	1.47739127118461	142	ENSG00000113749;ENSG00000122877;ENSG00000123685;ENSG00000073756;ENSG00000106066;ENSG00000100600;ENSG00000163823;ENSG00000177575;ENSG00000171051;ENSG00000239998;ENSG00000166928;ENSG00000253161;ENSG00000085265;ENSG00000235568;ENSG00000162711;ENSG00000103313;ENSG00000186431;ENSG00000198019;ENSG00000158473;ENSG00000154237;ENSG00000115919;ENSG00000159189;ENSG00000171659;ENSG00000196209;ENSG00000174125;ENSG00000173369;ENSG00000148680;ENSG00000181631;ENSG00000187116;ENSG00000100055;ENSG00000140749;ENSG00000088827;ENSG00000135077;ENSG00000158714;ENSG00000171860;ENSG00000150337;ENSG00000146192;ENSG00000173372;ENSG00000131203;ENSG00000166927;ENSG00000169413;ENSG00000271605;ENSG00000155659;ENSG00000165168;ENSG00000138755;ENSG00000268500;ENSG00000216490;ENSG00000152315;ENSG00000090659;ENSG00000254415;ENSG00000174944;ENSG00000116701;ENSG00000198502;ENSG00000161929;ENSG00000066336;ENSG00000166825;ENSG00000131042;ENSG00000170909;ENSG00000174600;ENSG00000198223;ENSG00000114013;ENSG00000213373;ENSG00000163106;ENSG00000163563;ENSG00000196126;ENSG00000090382;ENSG00000161640;ENSG00000175489;ENSG00000110079;ENSG00000105383;ENSG00000186818;ENSG00000179583;ENSG00000197629
GAUTAM_EYE_CORNEA_TGFBI_HIGH_EPITHELIAL_CELLS	0.0289129814233766	0.109266236544785	0.352487857583619	0.469338022138749	1.47246988445578	110	ENSG00000163466;ENSG00000111859;ENSG00000155090;ENSG00000134775;ENSG00000163947;ENSG00000137801;ENSG00000141401;ENSG00000105971;ENSG00000196230;ENSG00000125740;ENSG00000013588;ENSG00000243927;ENSG00000048544;ENSG00000135002;ENSG00000120694;ENSG00000158716;ENSG00000145247;ENSG00000139116;ENSG00000120738;ENSG00000148344;ENSG00000150938;ENSG00000142700;ENSG00000183734;ENSG00000171492;ENSG00000096092;ENSG00000164171;ENSG00000188229
GAO_ESOPHAGUS_25W_C3_FGFR1LOW_EPITHELIAL_CELLS	0.0483005366726297	0.15874715036178	0.276500599254472	0.520387125978512	1.46826102950912	53	ENSG00000122591;ENSG00000198945;ENSG00000121769;ENSG00000050393;ENSG00000115165;ENSG00000185340;ENSG00000163923;ENSG00000110324;ENSG00000147010;ENSG00000135521;ENSG00000007237;ENSG00000172992;ENSG00000115568;ENSG00000059804;ENSG00000150867;ENSG00000089486;ENSG00000163444;ENSG00000131381;ENSG00000160284;ENSG00000162511;ENSG00000105655;ENSG00000163002;ENSG00000139734;ENSG00000081059;ENSG00000063660
CUI_DEVELOPING_HEART_CORONARY_VASCULAR_ENDOTHELIAL_CELL	0.0597014925373134	0.180275095112672	0.252961123069611	0.547953205896429	1.46644608861154	40	ENSG00000081189;ENSG00000164687;ENSG00000176907;ENSG00000100311;ENSG00000196628;ENSG00000152818;ENSG00000105974;ENSG00000133574;ENSG00000146376
FAN_OVARY_CL12_T_LYMPHOCYTE_NK_CELL_2	0.0181549687104488	0.079315324295294	0.352487857583619	0.442502319898733	1.45932945718003	159	ENSG00000146386;ENSG00000213639;ENSG00000163466;ENSG00000143549;ENSG00000158985;ENSG00000101109;ENSG00000102879;ENSG00000113387;ENSG00000141522;ENSG00000158710;ENSG00000115165;ENSG00000158050;ENSG00000023445;ENSG00000119801;ENSG00000092820;ENSG00000150991;ENSG00000243927;ENSG00000166913;ENSG00000198668;ENSG00000101745;ENSG00000104660;ENSG00000067082;ENSG00000128245;ENSG00000184203;ENSG00000070831;ENSG00000173812;ENSG00000198843;ENSG00000183726;ENSG00000133872;ENSG00000124831;ENSG00000089327;ENSG00000165502;ENSG00000142669;ENSG00000081237;ENSG00000188229;ENSG00000095794;ENSG00000167996;ENSG00000143924;ENSG00000143119;ENSG00000078304;ENSG00000132965
LAKE_ADULT_KIDNEY_C19_COLLECTING_DUCT_INTERCALATED_CELLS_TYPE_A_MEDULLA	0.00367880636951039	0.0263968847680744	0.431707695803346	0.411626136309019	1.45804671836972	319	ENSG00000073849;ENSG00000138758;ENSG00000198431;ENSG00000052802;ENSG00000142864;ENSG00000135241;ENSG00000140519;ENSG00000146731;ENSG00000009307;ENSG00000109332;ENSG00000170606;ENSG00000092820;ENSG00000132405;ENSG00000144824;ENSG00000119888;ENSG00000166913;ENSG00000115290;ENSG00000154153;ENSG00000198668;ENSG00000145416;ENSG00000110958;ENSG00000120694;ENSG00000105835;ENSG00000260032;ENSG00000115306;ENSG00000129625;ENSG00000184292;ENSG00000125944;ENSG00000173812;ENSG00000112335;ENSG00000104267;ENSG00000156976;ENSG00000112096;ENSG00000101443;ENSG00000234741;ENSG00000117592;ENSG00000134333;ENSG00000214128;ENSG00000118680;ENSG00000066382;ENSG00000101558;ENSG00000131981;ENSG00000139112;ENSG00000187134;ENSG00000133872;ENSG00000087086;ENSG00000272398;ENSG00000115310;ENSG00000143153;ENSG00000079459;ENSG00000170190;ENSG00000143870;ENSG00000165678;ENSG00000140988;ENSG00000168028;ENSG00000035720;ENSG00000167996;ENSG00000079246;ENSG00000130779;ENSG00000173542;ENSG00000138071;ENSG00000142192;ENSG00000096384;ENSG00000255302;ENSG00000090060;ENSG00000113013;ENSG00000233276;ENSG00000108946;ENSG00000170759;ENSG00000071082;ENSG00000205542;ENSG00000184009;ENSG00000143761;ENSG00000231500;ENSG00000144713;ENSG00000106052;ENSG00000182220;ENSG00000008952;ENSG00000117519;ENSG00000105929;ENSG00000153201;ENSG00000146376;ENSG00000111716;ENSG00000169021;ENSG00000196262;ENSG00000166598;ENSG00000197756;ENSG00000167004;ENSG00000169567;ENSG00000044574;ENSG00000197958
DESCARTES_FETAL_HEART_MYELOID_CELLS	0.0233420157472795	0.0952230576180409	0.352487857583619	0.459794833878422	1.45754258537112	121	ENSG00000122877;ENSG00000172232;ENSG00000136689;ENSG00000182578;ENSG00000100600;ENSG00000171631;ENSG00000163823;ENSG00000177575;ENSG00000171051;ENSG00000163694;ENSG00000166928;ENSG00000253161;ENSG00000085265;ENSG00000235568;ENSG00000158473;ENSG00000268297;ENSG00000154237;ENSG00000255274;ENSG00000159189;ENSG00000171659;ENSG00000196209;ENSG00000137491;ENSG00000173369;ENSG00000196664;ENSG00000181631;ENSG00000140749;ENSG00000105246;ENSG00000088827;ENSG00000158714;ENSG00000171860;ENSG00000042980;ENSG00000146192;ENSG00000173372;ENSG00000018280;ENSG00000166927;ENSG00000197646;ENSG00000118785;ENSG00000155659;ENSG00000165168;ENSG00000197405;ENSG00000090659;ENSG00000254415;ENSG00000116701;ENSG00000198502;ENSG00000161929;ENSG00000066336;ENSG00000170909;ENSG00000198223;ENSG00000114013;ENSG00000163563;ENSG00000196126;ENSG00000090382;ENSG00000161640;ENSG00000175489;ENSG00000110079;ENSG00000273409;ENSG00000186818;ENSG00000179583;ENSG00000197629;ENSG00000011600;ENSG00000121807;ENSG00000014257
ZHENG_CORD_BLOOD_C3_MEGAKARYOCYTE_ERYTHROID_PROGENITOR	0.0396549664831488	0.141199187015143	0.321775918075361	0.472619068103441	1.45591649595443	98	ENSG00000123119;ENSG00000170340;ENSG00000117155;ENSG00000169554;ENSG00000005249;ENSG00000165650;ENSG00000154639;ENSG00000142864;ENSG00000145220;ENSG00000170515;ENSG00000164221;ENSG00000181788;ENSG00000137267;ENSG00000249859;ENSG00000090621;ENSG00000115053;ENSG00000134824;ENSG00000068366;ENSG00000166197;ENSG00000167088;ENSG00000196591;ENSG00000150867;ENSG00000158417;ENSG00000141744;ENSG00000222041;ENSG00000197993;ENSG00000138385;ENSG00000061273;ENSG00000090013;ENSG00000187266;ENSG00000143158;ENSG00000133026;ENSG00000129235;ENSG00000172965;ENSG00000122644;ENSG00000168734;ENSG00000132792;ENSG00000072274;ENSG00000066926;ENSG00000152229;ENSG00000124882;ENSG00000105371
DESCARTES_FETAL_KIDNEY_VASCULAR_ENDOTHELIAL_CELLS	0.0317555753469062	0.117134337806552	0.321775918075361	0.469865138692262	1.45039977337965	96	ENSG00000106852;ENSG00000111981;ENSG00000131015;ENSG00000146469;ENSG00000171864;ENSG00000007171;ENSG00000179855;ENSG00000122679;ENSG00000136114;ENSG00000104237;ENSG00000185386;ENSG00000176907;ENSG00000007908;ENSG00000164867;ENSG00000181781;ENSG00000230006;ENSG00000150625;ENSG00000142748;ENSG00000147642
FAN_EMBRYONIC_CTX_EX_4_EXCITATORY_NEURON	0.024934532907827	0.0982722518796914	0.352487857583619	0.437842107277285	1.45029828210273	162	ENSG00000077522;ENSG00000136153;ENSG00000091137;ENSG00000172803;ENSG00000100503;ENSG00000119125;ENSG00000237515;ENSG00000007062;ENSG00000198010;ENSG00000184916;ENSG00000110841;ENSG00000225783;ENSG00000007944;ENSG00000163629;ENSG00000134343;ENSG00000048991;ENSG00000198598;ENSG00000152894;ENSG00000106089;ENSG00000076864;ENSG00000110675;ENSG00000147408;ENSG00000100346;ENSG00000142449;ENSG00000113805;ENSG00000185800;ENSG00000148948;ENSG00000090006;ENSG00000112232;ENSG00000115290;ENSG00000156113;ENSG00000133401;ENSG00000048740;ENSG00000178965;ENSG00000169432;ENSG00000088387;ENSG00000178773;ENSG00000172995;ENSG00000153902
LAKE_ADULT_KIDNEY_C23_ENDOTHELIAL_CELLS_AVR	0.0291598932810929	0.109527404031422	0.352487857583619	0.451335906096157	1.4474836955942	126	ENSG00000160145;ENSG00000169744;ENSG00000153317;ENSG00000110841;ENSG00000134138;ENSG00000117020;ENSG00000185630;ENSG00000109332;ENSG00000166913;ENSG00000105835;ENSG00000115306;ENSG00000115053;ENSG00000173812;ENSG00000075391;ENSG00000118680;ENSG00000163638;ENSG00000087086;ENSG00000176907;ENSG00000034510;ENSG00000140988;ENSG00000167996;ENSG00000079246;ENSG00000142192;ENSG00000096384;ENSG00000261371;ENSG00000150625;ENSG00000071082;ENSG00000205542;ENSG00000184009;ENSG00000196628;ENSG00000070756;ENSG00000152818;ENSG00000117519;ENSG00000172889
LAKE_ADULT_KIDNEY_C6_PROXIMAL_TUBULE_EPITHELIAL_CELLS_FIBRINOGEN_POS_S3	0.0177659336666535	0.0787324830119319	0.352487857583619	0.431141951687981	1.44378071062251	177	ENSG00000105926;ENSG00000163947;ENSG00000198431;ENSG00000145824;ENSG00000154655;ENSG00000152894;ENSG00000052795;ENSG00000154217;ENSG00000145687;ENSG00000135932;ENSG00000146731;ENSG00000148154;ENSG00000113361;ENSG00000163931;ENSG00000092820;ENSG00000241158;ENSG00000144824;ENSG00000157765;ENSG00000100253;ENSG00000198668;ENSG00000197555;ENSG00000139116;ENSG00000176771;ENSG00000112096;ENSG00000227258;ENSG00000211445;ENSG00000115758;ENSG00000125257;ENSG00000062716;ENSG00000087086;ENSG00000272398;ENSG00000169504;ENSG00000034510;ENSG00000162645;ENSG00000133313;ENSG00000196141;ENSG00000263961;ENSG00000099250;ENSG00000123684;ENSG00000206052;ENSG00000164733;ENSG00000121858;ENSG00000034677;ENSG00000167996;ENSG00000157107;ENSG00000173221;ENSG00000177311;ENSG00000096384;ENSG00000158089;ENSG00000113013;ENSG00000169760;ENSG00000153086;ENSG00000068650;ENSG00000106052;ENSG00000106078;ENSG00000069020;ENSG00000153721;ENSG00000117519;ENSG00000005020;ENSG00000127603;ENSG00000137251;ENSG00000118785;ENSG00000166012;ENSG00000197249;ENSG00000169567;ENSG00000044574;ENSG00000018408;ENSG00000135919;ENSG00000109180;ENSG00000198959;ENSG00000115594;ENSG00000105855
DURANTE_ADULT_OLFACTORY_NEUROEPITHELIUM_OLFACTORY_HORIZONTAL_BASAL_CELLS	0.0953271028037383	0.232100772043885	0.197822021315103	0.622563662703288	1.44309829447129	18	ENSG00000145824;ENSG00000136997;ENSG00000176788;ENSG00000102804;ENSG00000136943;ENSG00000117525;ENSG00000186081
AIZARANI_LIVER_C10_MVECS_1	0.00716935337490808	0.0397866817922827	0.407017918923954	0.413236031743315	1.44304206040019	267	ENSG00000186642;ENSG00000099260;ENSG00000169744;ENSG00000153317;ENSG00000125266;ENSG00000118407;ENSG00000111859;ENSG00000175274;ENSG00000171992;ENSG00000035862;ENSG00000104419;ENSG00000134138;ENSG00000204217;ENSG00000113657;ENSG00000163171;ENSG00000088832;ENSG00000105971;ENSG00000158710;ENSG00000182809;ENSG00000099864;ENSG00000117298;ENSG00000140105;ENSG00000133687;ENSG00000275832;ENSG00000125740;ENSG00000179820;ENSG00000122679;ENSG00000167552;ENSG00000154529;ENSG00000074590;ENSG00000102804;ENSG00000064042;ENSG00000115306;ENSG00000088387;ENSG00000150938;ENSG00000171223;ENSG00000130300;ENSG00000185305;ENSG00000071242;ENSG00000150687;ENSG00000174804;ENSG00000134107;ENSG00000163638;ENSG00000139318;ENSG00000169504;ENSG00000127528;ENSG00000164741;ENSG00000164867;ENSG00000079102;ENSG00000162551;ENSG00000135363;ENSG00000039523;ENSG00000181104;ENSG00000142192;ENSG00000261371;ENSG00000061273;ENSG00000124762;ENSG00000002587;ENSG00000100311;ENSG00000168807;ENSG00000137726;ENSG00000060138
FAN_EMBRYONIC_CTX_NSC_1	0.0953271028037383	0.232100772043885	0.197822021315103	0.622350956418505	1.442605242764	18	ENSG00000081189;ENSG00000233639;ENSG00000118971;ENSG00000139318;ENSG00000239672;ENSG00000241343
DESCARTES_MAIN_FETAL_ENS_NEURONS	0.0677966101694915	0.189090247618181	0.237793834423688	0.554776727904269	1.44017808590551	33	ENSG00000086717;ENSG00000146469;ENSG00000113657;ENSG00000129682;ENSG00000249896;ENSG00000116329;ENSG00000152954;ENSG00000159409;ENSG00000237940
HAY_BONE_MARROW_MONOCYTE	0.0174236827553869	0.0777752795457851	0.352487857583619	0.415614640405449	1.42397711387897	213	ENSG00000233901;ENSG00000134072;ENSG00000105887;ENSG00000162704;ENSG00000182022;ENSG00000125898;ENSG00000088832;ENSG00000115165;ENSG00000084733;ENSG00000175505;ENSG00000123685;ENSG00000144118;ENSG00000140105;ENSG00000165097;ENSG00000160932;ENSG00000198898;ENSG00000167552;ENSG00000119979;ENSG00000158186;ENSG00000015475;ENSG00000084070;ENSG00000111229;ENSG00000148344;ENSG00000112096;ENSG00000182578;ENSG00000138172;ENSG00000124831;ENSG00000155629;ENSG00000169230;ENSG00000130775;ENSG00000138744;ENSG00000162645;ENSG00000184489;ENSG00000239998;ENSG00000213889;ENSG00000162976;ENSG00000121858;ENSG00000184922;ENSG00000103187;ENSG00000174021;ENSG00000090674;ENSG00000167996;ENSG00000189159;ENSG00000103528;ENSG00000147813;ENSG00000155465;ENSG00000261371;ENSG00000180628;ENSG00000160213;ENSG00000109787;ENSG00000160326;ENSG00000173369;ENSG00000158869;ENSG00000028137;ENSG00000205542;ENSG00000187116;ENSG00000254087;ENSG00000137486;ENSG00000136286;ENSG00000135709;ENSG00000167850;ENSG00000129226;ENSG00000172936;ENSG00000151893;ENSG00000152818;ENSG00000171860;ENSG00000146192;ENSG00000173372;ENSG00000166927;ENSG00000110876;ENSG00000103381;ENSG00000172354;ENSG00000171700;ENSG00000197249;ENSG00000116337
DESCARTES_FETAL_SPLEEN_MYELOID_CELLS	0.0455373406193078	0.155838899008298	0.287857117255149	0.447044717008464	1.41352454741099	119	ENSG00000089847;ENSG00000153823;ENSG00000183023;ENSG00000152503;ENSG00000123685;ENSG00000204136;ENSG00000110324;ENSG00000156113;ENSG00000176771;ENSG00000136689;ENSG00000108950;ENSG00000224167;ENSG00000100600;ENSG00000164687;ENSG00000130775;ENSG00000177575;ENSG00000132170;ENSG00000085265;ENSG00000162711;ENSG00000090674;ENSG00000186431;ENSG00000196639;ENSG00000154237;ENSG00000255274;ENSG00000196209;ENSG00000187116;ENSG00000155307;ENSG00000140749;ENSG00000139832;ENSG00000105246;ENSG00000050030;ENSG00000088827;ENSG00000248905;ENSG00000140548;ENSG00000171860;ENSG00000150337;ENSG00000090104;ENSG00000161643;ENSG00000131203;ENSG00000166927;ENSG00000132334;ENSG00000197646;ENSG00000155659;ENSG00000111199;ENSG00000268500;ENSG00000169282;ENSG00000152315;ENSG00000106069;ENSG00000116701;ENSG00000154589;ENSG00000120217;ENSG00000131042;ENSG00000170909;ENSG00000174600;ENSG00000198223;ENSG00000114013;ENSG00000117154;ENSG00000163563;ENSG00000090382;ENSG00000179331;ENSG00000110079
TRAVAGLINI_LUNG_CAPILLARY_INTERMEDIATE_2_CELL	0.00602269754099953	0.0349998272193935	0.407017918923954	0.388952812423457	1.41064250735026	402	ENSG00000163466;ENSG00000204397;ENSG00000143549;ENSG00000171992;ENSG00000162817;ENSG00000204619;ENSG00000101367;ENSG00000113657;ENSG00000155093;ENSG00000088832;ENSG00000102931;ENSG00000084463;ENSG00000128989;ENSG00000149547;ENSG00000109854;ENSG00000009307;ENSG00000177879;ENSG00000198898;ENSG00000108953;ENSG00000166579;ENSG00000170791;ENSG00000079819;ENSG00000092964;ENSG00000171148;ENSG00000198668;ENSG00000017260;ENSG00000171159;ENSG00000160014;ENSG00000153048;ENSG00000180370;ENSG00000136819;ENSG00000168952;ENSG00000123240;ENSG00000163001;ENSG00000115306;ENSG00000086065;ENSG00000153774;ENSG00000066027;ENSG00000143420;ENSG00000123091;ENSG00000122545;ENSG00000123200;ENSG00000164172;ENSG00000239697;ENSG00000114383;ENSG00000121851;ENSG00000165669;ENSG00000184900;ENSG00000087086;ENSG00000165757;ENSG00000006451;ENSG00000176907;ENSG00000122068;ENSG00000034510;ENSG00000183688;ENSG00000184489;ENSG00000172809;ENSG00000165502;ENSG00000122034;ENSG00000142669;ENSG00000168653;ENSG00000254999;ENSG00000241685;ENSG00000162368;ENSG00000111897;ENSG00000158417;ENSG00000174021;ENSG00000147400;ENSG00000167996;ENSG00000182768;ENSG00000113312;ENSG00000158828;ENSG00000100902;ENSG00000022277;ENSG00000180628;ENSG00000160213;ENSG00000233276;ENSG00000142748;ENSG00000101335;ENSG00000160075;ENSG00000170759;ENSG00000071082;ENSG00000087502;ENSG00000205542;ENSG00000119335;ENSG00000198771;ENSG00000172775;ENSG00000196914;ENSG00000107020;ENSG00000145901;ENSG00000185651;ENSG00000129559;ENSG00000008952;ENSG00000065978;ENSG00000133574;ENSG00000204843;ENSG00000172889;ENSG00000198918;ENSG00000146376;ENSG00000047849;ENSG00000135441;ENSG00000164929;ENSG00000196262;ENSG00000168734;ENSG00000102401;ENSG00000143774;ENSG00000197756;ENSG00000163319;ENSG00000149357
AIZARANI_LIVER_C20_LSECS_3	0.0153538637771625	0.0705819409457621	0.380730400722792	0.39804567634481	1.40945519085313	290	ENSG00000186642;ENSG00000169744;ENSG00000153317;ENSG00000125266;ENSG00000118407;ENSG00000110841;ENSG00000104765;ENSG00000169554;ENSG00000104419;ENSG00000196396;ENSG00000204217;ENSG00000088832;ENSG00000165732;ENSG00000163637;ENSG00000116679;ENSG00000196935;ENSG00000148154;ENSG00000140105;ENSG00000188215;ENSG00000163811;ENSG00000275832;ENSG00000131711;ENSG00000136237;ENSG00000087074;ENSG00000013588;ENSG00000073008;ENSG00000105835;ENSG00000064042;ENSG00000064932;ENSG00000115053;ENSG00000139514;ENSG00000150938;ENSG00000150687;ENSG00000011422;ENSG00000115602;ENSG00000166197;ENSG00000134107;ENSG00000100600;ENSG00000163638;ENSG00000145708;ENSG00000139318;ENSG00000167772;ENSG00000072110;ENSG00000076356;ENSG00000006451;ENSG00000176907;ENSG00000145623;ENSG00000067334;ENSG00000167522;ENSG00000164741;ENSG00000182621;ENSG00000175592;ENSG00000099250;ENSG00000141429;ENSG00000137575;ENSG00000164867;ENSG00000059804;ENSG00000158417;ENSG00000152492;ENSG00000182566;ENSG00000095637;ENSG00000133800;ENSG00000039523;ENSG00000260314;ENSG00000142192;ENSG00000159167;ENSG00000120889;ENSG00000124762;ENSG00000144815;ENSG00000142748;ENSG00000137726;ENSG00000001617;ENSG00000060138;ENSG00000100592;ENSG00000196628;ENSG00000039560;ENSG00000158470;ENSG00000157557;ENSG00000113739;ENSG00000069020;ENSG00000153721;ENSG00000169641;ENSG00000148841;ENSG00000132510;ENSG00000172965;ENSG00000086544;ENSG00000134318;ENSG00000127603;ENSG00000163565;ENSG00000090339;ENSG00000185010;ENSG00000075420
DESCARTES_FETAL_STOMACH_MYELOID_CELLS	0.0510948905109489	0.164787709710704	0.271288554688953	0.475043871767145	1.40736156725147	73	ENSG00000119508;ENSG00000135521;ENSG00000011422;ENSG00000106066;ENSG00000150977;ENSG00000155629;ENSG00000167851;ENSG00000235568;ENSG00000112799;ENSG00000159189;ENSG00000115271;ENSG00000173369;ENSG00000158869;ENSG00000028137;ENSG00000140749;ENSG00000146192;ENSG00000173372;ENSG00000131203;ENSG00000166927;ENSG00000165168;ENSG00000115956;ENSG00000216490;ENSG00000116701;ENSG00000198502;ENSG00000066336;ENSG00000198223;ENSG00000114013;ENSG00000142347;ENSG00000066294;ENSG00000196126;ENSG00000179583;ENSG00000197629;ENSG00000011600;ENSG00000119535;ENSG00000184060;ENSG00000142185;ENSG00000170458;ENSG00000153208;ENSG00000010610;ENSG00000125538;ENSG00000127507;ENSG00000166428;ENSG00000110077;ENSG00000143546
HAY_BONE_MARROW_CD8_T_CELL	0.0596745027124774	0.180275095112672	0.248911114434702	0.479591669802809	1.40721268835494	66	ENSG00000155926;ENSG00000152969;ENSG00000171617;ENSG00000225783;ENSG00000145220;ENSG00000158050;ENSG00000150991;ENSG00000139116;ENSG00000178860;ENSG00000153234;ENSG00000081237;ENSG00000034677;ENSG00000181104;ENSG00000078304;ENSG00000057657;ENSG00000090104;ENSG00000153563;ENSG00000188001;ENSG00000143774;ENSG00000125534;ENSG00000115875
BUSSLINGER_ESOPHAGEAL_EARLY_SUPRABASAL_CELLS	0.0565693430656934	0.175879396984925	0.257206466468838	0.469707433278751	1.40380054340624	78	ENSG00000117632;ENSG00000175183;ENSG00000141401;ENSG00000150753;ENSG00000165732;ENSG00000196230;ENSG00000163931;ENSG00000135316;ENSG00000123416;ENSG00000115053;ENSG00000139514;ENSG00000125944;ENSG00000109971;ENSG00000132341;ENSG00000197451;ENSG00000186081;ENSG00000134762;ENSG00000069275;ENSG00000096384
BUSSLINGER_GASTRIC_IMMATURE_PIT_CELLS	0.0325751965804953	0.119442387461816	0.321775918075361	0.432215075639162	1.40050000156963	148	ENSG00000136153;ENSG00000125266;ENSG00000164924;ENSG00000074416;ENSG00000115641;ENSG00000158710;ENSG00000149260;ENSG00000136238;ENSG00000075624;ENSG00000174236;ENSG00000088986;ENSG00000171243;ENSG00000103056;ENSG00000184292;ENSG00000121900;ENSG00000090020;ENSG00000104267;ENSG00000136689;ENSG00000175793;ENSG00000109814;ENSG00000151632;ENSG00000131981;ENSG00000187134;ENSG00000006451;ENSG00000019102;ENSG00000163694;ENSG00000142669;ENSG00000241685;ENSG00000164237;ENSG00000069764;ENSG00000189159;ENSG00000136059;ENSG00000160213;ENSG00000090013;ENSG00000109787;ENSG00000041353;ENSG00000088992;ENSG00000205542;ENSG00000184009;ENSG00000102882;ENSG00000172757;ENSG00000162458;ENSG00000145287
TRAVAGLINI_LUNG_IGSF21_DENDRITIC_CELL	0.0808823529411765	0.214756592292089	0.213927855492356	0.510579647861961	1.39835827466807	44	ENSG00000145431;ENSG00000204103;ENSG00000204136;ENSG00000182578;ENSG00000211445;ENSG00000100600;ENSG00000124491;ENSG00000108691;ENSG00000260314;ENSG00000168546;ENSG00000159189;ENSG00000137491;ENSG00000173369;ENSG00000116729;ENSG00000146376;ENSG00000173372;ENSG00000166927;ENSG00000155659;ENSG00000125810;ENSG00000117154;ENSG00000010327;ENSG00000072694;ENSG00000004799;ENSG00000110079;ENSG00000161921;ENSG00000081041;ENSG00000135047
DESCARTES_MAIN_FETAL_MUC13_DMBT1_POSITIVE_CELLS	0.0535055350553506	0.169022613303056	0.266350657088526	0.469531904833921	1.39541138711605	77	ENSG00000166984;ENSG00000203690;ENSG00000119125;ENSG00000164404;ENSG00000169894;ENSG00000119888;ENSG00000105650;ENSG00000120756
BUSSLINGER_GASTRIC_PPP1R1B_POSITIVE_CELLS	0.0474452554744526	0.15874715036178	0.282013350011725	0.441791905559154	1.39369236315533	118	ENSG00000141401;ENSG00000142864;ENSG00000125740;ENSG00000114942;ENSG00000119888;ENSG00000123416;ENSG00000184292;ENSG00000120738;ENSG00000131981;ENSG00000142949;ENSG00000140988;ENSG00000096384;ENSG00000071082;ENSG00000137331;ENSG00000231500;ENSG00000070756;ENSG00000144713;ENSG00000170345;ENSG00000131771;ENSG00000198918;ENSG00000196262;ENSG00000197756;ENSG00000161970;ENSG00000175130;ENSG00000197958;ENSG00000130255;ENSG00000175538;ENSG00000229117;ENSG00000008988;ENSG00000131469;ENSG00000090382;ENSG00000184557;ENSG00000167658;ENSG00000174748;ENSG00000084207;ENSG00000077147;ENSG00000196188;ENSG00000162244;ENSG00000167642;ENSG00000136942;ENSG00000164587;ENSG00000174444;ENSG00000105640;ENSG00000177600;ENSG00000138326;ENSG00000186468;ENSG00000188846;ENSG00000167526;ENSG00000112306;ENSG00000130066;ENSG00000108298
FAN_EMBRYONIC_CTX_MICROGLIA_3	0.107750472589792	0.251417769376182	0.186432558434075	0.592473522051371	1.39260987315713	20	ENSG00000100600;ENSG00000104763;ENSG00000164733;ENSG00000132965;ENSG00000159189;ENSG00000171659;ENSG00000137491;ENSG00000173369;ENSG00000129226;ENSG00000042980;ENSG00000169313;ENSG00000142512;ENSG00000153208;ENSG00000059377;ENSG00000109861;ENSG00000165457;ENSG00000143162
AIZARANI_LIVER_C24_EPCAM_POS_BILE_DUCT_CELLS_3	0.0369032577354249	0.133332809532818	0.321775918075361	0.418765794325923	1.39132155414773	171	ENSG00000143013;ENSG00000136153;ENSG00000162522;ENSG00000182240;ENSG00000105971;ENSG00000162545;ENSG00000158710;ENSG00000124225;ENSG00000196230;ENSG00000187446;ENSG00000023445;ENSG00000137267;ENSG00000136238;ENSG00000100300;ENSG00000092820;ENSG00000179820;ENSG00000116717;ENSG00000102554;ENSG00000119888;ENSG00000154380;ENSG00000163347;ENSG00000115306;ENSG00000184292;ENSG00000101443;ENSG00000151632;ENSG00000118680;ENSG00000213977;ENSG00000131981;ENSG00000134258;ENSG00000272398;ENSG00000143153;ENSG00000146072;ENSG00000113282;ENSG00000142949;ENSG00000154556;ENSG00000163694;ENSG00000196141;ENSG00000188229;ENSG00000130202;ENSG00000046604;ENSG00000077380;ENSG00000103534;ENSG00000146038;ENSG00000039068;ENSG00000273749;ENSG00000184009;ENSG00000155657;ENSG00000113070
AIZARANI_LIVER_C9_LSECS_1	0.0148361478495635	0.0687147900400836	0.380730400722792	0.392895741314321	1.39018625668944	299	ENSG00000186642;ENSG00000081189;ENSG00000145632;ENSG00000169744;ENSG00000153317;ENSG00000125266;ENSG00000118407;ENSG00000175274;ENSG00000110841;ENSG00000104765;ENSG00000035862;ENSG00000196396;ENSG00000088832;ENSG00000075618;ENSG00000165732;ENSG00000163637;ENSG00000148154;ENSG00000117298;ENSG00000145014;ENSG00000140105;ENSG00000131711;ENSG00000179820;ENSG00000198898;ENSG00000136237;ENSG00000087074;ENSG00000154529;ENSG00000074590;ENSG00000079819;ENSG00000064042;ENSG00000140945;ENSG00000088387;ENSG00000150938;ENSG00000197329;ENSG00000150687;ENSG00000075391;ENSG00000115602;ENSG00000138594;ENSG00000174804;ENSG00000134107;ENSG00000100600;ENSG00000163638;ENSG00000145708;ENSG00000139318;ENSG00000167772;ENSG00000072110;ENSG00000076356;ENSG00000176907;ENSG00000104967;ENSG00000145623;ENSG00000167522;ENSG00000164741;ENSG00000075151;ENSG00000099250;ENSG00000141429;ENSG00000137575;ENSG00000164867;ENSG00000162654;ENSG00000059804;ENSG00000136574;ENSG00000152492;ENSG00000128595;ENSG00000182566;ENSG00000133800;ENSG00000181104;ENSG00000130303;ENSG00000260314;ENSG00000142192;ENSG00000159167;ENSG00000120889;ENSG00000187266;ENSG00000100311;ENSG00000142748;ENSG00000137726;ENSG00000060138;ENSG00000108946
TRAVAGLINI_LUNG_AIRWAY_SMOOTH_MUSCLE_CELL	0.0473768119410128	0.15874715036178	0.321775918075361	0.418984337376088	1.38908534455221	166	ENSG00000081189;ENSG00000112186;ENSG00000154146;ENSG00000071127;ENSG00000074416;ENSG00000175183;ENSG00000105971;ENSG00000134198;ENSG00000182809;ENSG00000153179;ENSG00000163536;ENSG00000198523;ENSG00000141052;ENSG00000092820;ENSG00000148660;ENSG00000131711;ENSG00000141161;ENSG00000140945;ENSG00000122545;ENSG00000058272;ENSG00000103145;ENSG00000072110;ENSG00000136999;ENSG00000154556;ENSG00000172809;ENSG00000135842;ENSG00000095637;ENSG00000111404;ENSG00000107796;ENSG00000068831;ENSG00000072195;ENSG00000101335;ENSG00000071082
FAN_EMBRYONIC_CTX_BRAIN_MYELOID	0.0310411479643208	0.115886952400131	0.352487857583619	0.429165409235927	1.38895005534359	136	ENSG00000204397;ENSG00000184007;ENSG00000162783;ENSG00000140105;ENSG00000163931;ENSG00000160932;ENSG00000204103;ENSG00000140403;ENSG00000182287;ENSG00000105835;ENSG00000073756;ENSG00000011422;ENSG00000172216;ENSG00000124831;ENSG00000121210;ENSG00000127528;ENSG00000089327;ENSG00000085265;ENSG00000128383;ENSG00000103187;ENSG00000102524;ENSG00000157954;ENSG00000137841;ENSG00000125779;ENSG00000183486;ENSG00000187116;ENSG00000111913;ENSG00000126264;ENSG00000145287;ENSG00000152818;ENSG00000091592;ENSG00000103381;ENSG00000197249;ENSG00000103653;ENSG00000141574;ENSG00000000938;ENSG00000216490;ENSG00000197405;ENSG00000161929;ENSG00000066336;ENSG00000140575;ENSG00000131042;ENSG00000170909;ENSG00000142347;ENSG00000196126;ENSG00000090382;ENSG00000175489;ENSG00000184557;ENSG00000182718;ENSG00000163131;ENSG00000005844
GAUTAM_EYE_IRIS_CILIARY_BODY_MELANOCYTES	0.0223009128943153	0.0916095654457542	0.352487857583619	0.398732217135171	1.38682182566515	241	ENSG00000143013;ENSG00000108219;ENSG00000173726;ENSG00000100503;ENSG00000102172;ENSG00000175895;ENSG00000169554;ENSG00000196396;ENSG00000102024;ENSG00000151882;ENSG00000112972;ENSG00000185187;ENSG00000149547;ENSG00000136238;ENSG00000133687;ENSG00000115355;ENSG00000009307;ENSG00000088986;ENSG00000135900;ENSG00000272325;ENSG00000084090;ENSG00000151552;ENSG00000104490;ENSG00000067082;ENSG00000160310;ENSG00000173812;ENSG00000146701;ENSG00000160214;ENSG00000122545;ENSG00000171612;ENSG00000078902;ENSG00000120963;ENSG00000138069;ENSG00000101558;ENSG00000184900;ENSG00000136930;ENSG00000183688;ENSG00000133313;ENSG00000178896;ENSG00000168653;ENSG00000085832;ENSG00000254999;ENSG00000134508;ENSG00000103495;ENSG00000169242;ENSG00000167085;ENSG00000164615;ENSG00000135250;ENSG00000161203;ENSG00000070756;ENSG00000143376;ENSG00000106052;ENSG00000158467;ENSG00000129559;ENSG00000186577;ENSG00000065978;ENSG00000198612;ENSG00000131100;ENSG00000196262;ENSG00000090339;ENSG00000102401;ENSG00000175130;ENSG00000174456;ENSG00000109654;ENSG00000169567;ENSG00000185825;ENSG00000115904;ENSG00000159346;ENSG00000100380;ENSG00000100997;ENSG00000106245;ENSG00000220205;ENSG00000072310
HAY_BONE_MARROW_CD34_POS_GRAN	0.127376425855513	0.277205835912335	0.170932335370056	0.584414783311575	1.3843747694258	21	ENSG00000019991;ENSG00000132975;ENSG00000172232;ENSG00000129951;ENSG00000172247;ENSG00000183971;ENSG00000147465
MURARO_PANCREAS_DELTA_CELL	0.0241260678540505	0.0977740644611521	0.352487857583619	0.397853212147859	1.38339611605934	242	ENSG00000186642;ENSG00000175906;ENSG00000185668;ENSG00000008513;ENSG00000170921;ENSG00000106477;ENSG00000164484;ENSG00000134775;ENSG00000186369;ENSG00000113657;ENSG00000164199;ENSG00000168772;ENSG00000138190;ENSG00000166206;ENSG00000162878;ENSG00000116212;ENSG00000121440;ENSG00000240694;ENSG00000185950;ENSG00000077264;ENSG00000176903;ENSG00000010404;ENSG00000142875;ENSG00000154277;ENSG00000145934;ENSG00000116741;ENSG00000055163;ENSG00000078018;ENSG00000101746;ENSG00000151952;ENSG00000131711;ENSG00000138207;ENSG00000198961;ENSG00000074590;ENSG00000177707;ENSG00000162687;ENSG00000139874;ENSG00000135503;ENSG00000114279;ENSG00000151552;ENSG00000103257;ENSG00000127585;ENSG00000120738;ENSG00000178965;ENSG00000139211;ENSG00000150687;ENSG00000197106;ENSG00000157005;ENSG00000154175;ENSG00000139318;ENSG00000076356;ENSG00000054356;ENSG00000170500;ENSG00000154640;ENSG00000151229;ENSG00000133169;ENSG00000149294;ENSG00000218336;ENSG00000182013;ENSG00000067715;ENSG00000162595;ENSG00000079102;ENSG00000186188;ENSG00000121361;ENSG00000095794
DESCARTES_FETAL_PLACENTA_MYELOID_CELLS	0.0488245931283906	0.15874715036178	0.276500599254472	0.428903583057966	1.38214231841726	134	ENSG00000122877;ENSG00000164088;ENSG00000122254;ENSG00000204103;ENSG00000204136;ENSG00000238057;ENSG00000145416;ENSG00000179630;ENSG00000106066;ENSG00000100600;ENSG00000130775;ENSG00000177575;ENSG00000108691;ENSG00000203601;ENSG00000235568;ENSG00000162711;ENSG00000112799;ENSG00000155465;ENSG00000159189;ENSG00000196209;ENSG00000173369;ENSG00000196664;ENSG00000104951;ENSG00000140749;ENSG00000167613;ENSG00000088827;ENSG00000158714;ENSG00000171860;ENSG00000150337;ENSG00000146192;ENSG00000173372;ENSG00000018280;ENSG00000166927;ENSG00000169413;ENSG00000180509;ENSG00000090339;ENSG00000188001;ENSG00000271605;ENSG00000118785;ENSG00000155659;ENSG00000165168;ENSG00000138755;ENSG00000169282;ENSG00000197405;ENSG00000124882;ENSG00000198502;ENSG00000161929;ENSG00000198113;ENSG00000131042;ENSG00000170909;ENSG00000135094;ENSG00000114013;ENSG00000117154;ENSG00000163106;ENSG00000163563;ENSG00000010327;ENSG00000196126;ENSG00000177706;ENSG00000078081;ENSG00000170819;ENSG00000090382;ENSG00000179331;ENSG00000175489;ENSG00000186818;ENSG00000179583;ENSG00000197629;ENSG00000011600;ENSG00000161921;ENSG00000142512;ENSG00000184060;ENSG00000152213;ENSG00000170458;ENSG00000203747;ENSG00000129450
DESCARTES_FETAL_PLACENTA_SYNCYTIOTROPHOBLASTS_AND_VILLOUS_CYTOTROPHOBLASTS	0.0719424460431655	0.194370819134166	0.224966093540314	0.474251076440746	1.37842360573429	62	ENSG00000026559;ENSG00000249242;ENSG00000186197;ENSG00000109158;ENSG00000176928;ENSG00000164099;ENSG00000230067;ENSG00000218336;ENSG00000134762;ENSG00000259664;ENSG00000162981;ENSG00000141639;ENSG00000248329;ENSG00000204434;ENSG00000105929;ENSG00000105655;ENSG00000073282;ENSG00000111199;ENSG00000229666;ENSG00000214796
FAN_EMBRYONIC_CTX_BIG_GROUPS_MICROGLIA	0.0115037466031673	0.057612259410984	0.380730400722792	0.383222000885599	1.3758253892301	369	ENSG00000073849;ENSG00000114450;ENSG00000131236;ENSG00000102879;ENSG00000116741;ENSG00000125740;ENSG00000074706;ENSG00000204136;ENSG00000110324;ENSG00000087074;ENSG00000170791;ENSG00000079819;ENSG00000111229;ENSG00000137752;ENSG00000120738;ENSG00000176597;ENSG00000137161;ENSG00000171223;ENSG00000111231;ENSG00000130300;ENSG00000182578;ENSG00000073737;ENSG00000106066;ENSG00000100600;ENSG00000143753;ENSG00000118308;ENSG00000062716;ENSG00000146112;ENSG00000163823;ENSG00000127528;ENSG00000002549;ENSG00000103066;ENSG00000105223;ENSG00000171051;ENSG00000167851;ENSG00000104763;ENSG00000081237;ENSG00000120742;ENSG00000164733;ENSG00000103187;ENSG00000174021;ENSG00000112799;ENSG00000122986;ENSG00000169756;ENSG00000198019;ENSG00000173221;ENSG00000130303;ENSG00000143119;ENSG00000260314;ENSG00000132965;ENSG00000173418;ENSG00000155465;ENSG00000159189;ENSG00000103449;ENSG00000171659;ENSG00000138135;ENSG00000100311;ENSG00000233276;ENSG00000137491;ENSG00000173369;ENSG00000158869;ENSG00000095303;ENSG00000196664;ENSG00000028137;ENSG00000181631;ENSG00000100055;ENSG00000254087;ENSG00000273749;ENSG00000155307;ENSG00000140749;ENSG00000167613;ENSG00000137331;ENSG00000129226;ENSG00000198771;ENSG00000213585;ENSG00000126264;ENSG00000135077;ENSG00000185862;ENSG00000123338;ENSG00000170345;ENSG00000162511;ENSG00000184574;ENSG00000005020;ENSG00000282608;ENSG00000171860;ENSG00000150337;ENSG00000143878;ENSG00000042980;ENSG00000090104;ENSG00000146192;ENSG00000133574;ENSG00000172889;ENSG00000175567;ENSG00000173372;ENSG00000134516;ENSG00000176533;ENSG00000166927;ENSG00000169413;ENSG00000082074;ENSG00000105366;ENSG00000110876;ENSG00000163565;ENSG00000111348;ENSG00000100219;ENSG00000132334;ENSG00000271605;ENSG00000118785;ENSG00000155659;ENSG00000165168;ENSG00000099860;ENSG00000134996;ENSG00000171700;ENSG00000197249;ENSG00000173391;ENSG00000128016;ENSG00000277632;ENSG00000005893;ENSG00000185825;ENSG00000044574;ENSG00000160255;ENSG00000115956;ENSG00000139278;ENSG00000121933;ENSG00000169508;ENSG00000129667;ENSG00000077420;ENSG00000216490;ENSG00000167994;ENSG00000131724;ENSG00000130429;ENSG00000144893;ENSG00000170677;ENSG00000154589;ENSG00000140836;ENSG00000183160;ENSG00000110934;ENSG00000143226;ENSG00000114013;ENSG00000142347;ENSG00000066294;ENSG00000184584;ENSG00000131238;ENSG00000026297;ENSG00000163106;ENSG00000163563;ENSG00000265531;ENSG00000010327;ENSG00000004799;ENSG00000157303;ENSG00000179218;ENSG00000122862;ENSG00000163131;ENSG00000104894;ENSG00000165025;ENSG00000221869;ENSG00000169313;ENSG00000166033;ENSG00000067182;ENSG00000246705;ENSG00000273409;ENSG00000186818;ENSG00000136167;ENSG00000106211;ENSG00000130755;ENSG00000197629;ENSG00000011600;ENSG00000161921;ENSG00000135821;ENSG00000132530;ENSG00000142512;ENSG00000119535;ENSG00000103811;ENSG00000184060;ENSG00000137642;ENSG00000107738;ENSG00000117410;ENSG00000108798;ENSG00000180353;ENSG00000086730;ENSG00000170458;ENSG00000163191;ENSG00000068305;ENSG00000166278;ENSG00000204525;ENSG00000203747;ENSG00000077549;ENSG00000135047;ENSG00000204472;ENSG00000205352;ENSG00000160712;ENSG00000136732;ENSG00000163513;ENSG00000118640;ENSG00000100365;ENSG00000153208
GAUTAM_EYE_CORNEA_ELF3_HIGH_EPITHELIAL_CELLS	0.0479704797047971	0.15874715036178	0.282013350011725	0.423412976214549	1.37554638270711	149	ENSG00000181467;ENSG00000163466;ENSG00000164924;ENSG00000155090;ENSG00000163947;ENSG00000153823;ENSG00000104549;ENSG00000141542;ENSG00000163629;ENSG00000158710;ENSG00000112972;ENSG00000139291;ENSG00000162783;ENSG00000092820;ENSG00000125740;ENSG00000067064;ENSG00000100568;ENSG00000163347;ENSG00000070831;ENSG00000120738;ENSG00000142700;ENSG00000164172;ENSG00000147883;ENSG00000145545
LAKE_ADULT_KIDNEY_C22_ENDOTHELIAL_CELLS_GLOMERULAR_CAPILLARIES	0.0484739676840215	0.15874715036178	0.276500599254472	0.424513575091211	1.37389486880315	136	ENSG00000160145;ENSG00000169744;ENSG00000120549;ENSG00000073849;ENSG00000153317;ENSG00000110841;ENSG00000163947;ENSG00000188641;ENSG00000134138;ENSG00000204217;ENSG00000117020;ENSG00000185630;ENSG00000171132;ENSG00000154217;ENSG00000133687;ENSG00000100154;ENSG00000084676;ENSG00000185737;ENSG00000120694;ENSG00000157483;ENSG00000064042;ENSG00000140945;ENSG00000115306;ENSG00000157540;ENSG00000185305;ENSG00000075391;ENSG00000211445;ENSG00000156052
MENON_FETAL_KIDNEY_6_COLLECTING_DUCT_CELLS	0.0616822429906542	0.183743475018643	0.248911114434702	0.450292865613553	1.37337863434323	90	ENSG00000229847;ENSG00000170370;ENSG00000125266;ENSG00000163466;ENSG00000215845;ENSG00000188042;ENSG00000163629;ENSG00000170004;ENSG00000116679;ENSG00000049759;ENSG00000092820;ENSG00000119888;ENSG00000102804;ENSG00000198668;ENSG00000067082;ENSG00000064042;ENSG00000120738;ENSG00000173812;ENSG00000101443;ENSG00000124831;ENSG00000115310;ENSG00000142949;ENSG00000104763;ENSG00000196141
HU_FETAL_RETINA_MULLER	0.0985130111524164	0.238854373209958	0.193813302725311	0.518569379103586	1.37336079759522	38	ENSG00000103316;ENSG00000124225;ENSG00000137265;ENSG00000109047;ENSG00000153902;ENSG00000146250;ENSG00000115310;ENSG00000133169;ENSG00000149294;ENSG00000106278;ENSG00000116194;ENSG00000118785;ENSG00000091490;ENSG00000050165
GAO_LARGE_INTESTINE_ADULT_CI_MESENCHYMAL_CELLS	0.0183017478023763	0.0793934975088998	0.352487857583619	0.383651881456476	1.37120817630429	339	ENSG00000081189;ENSG00000155926;ENSG00000008513;ENSG00000197872;ENSG00000122591;ENSG00000225783;ENSG00000169554;ENSG00000092758;ENSG00000171310;ENSG00000182022;ENSG00000119508;ENSG00000136490;ENSG00000075884;ENSG00000102879;ENSG00000104998;ENSG00000105851;ENSG00000115165;ENSG00000137265;ENSG00000115355;ENSG00000176788;ENSG00000124772;ENSG00000186469;ENSG00000160932;ENSG00000070882;ENSG00000110324;ENSG00000171488;ENSG00000103257;ENSG00000128294;ENSG00000162894;ENSG00000163219;ENSG00000182487;ENSG00000168081;ENSG00000177455;ENSG00000118308;ENSG00000197535;ENSG00000146112;ENSG00000130775;ENSG00000196839;ENSG00000183688;ENSG00000167851;ENSG00000070190;ENSG00000089327;ENSG00000263961;ENSG00000081237;ENSG00000124813;ENSG00000197253;ENSG00000059804;ENSG00000152256;ENSG00000198855;ENSG00000135842;ENSG00000035720;ENSG00000134508;ENSG00000083454;ENSG00000122986;ENSG00000079263;ENSG00000172578;ENSG00000130303;ENSG00000222041;ENSG00000143119;ENSG00000230006;ENSG00000132965;ENSG00000099958;ENSG00000121895;ENSG00000155465;ENSG00000261371;ENSG00000159189;ENSG00000144815;ENSG00000061656;ENSG00000183486;ENSG00000115902;ENSG00000100055;ENSG00000136286;ENSG00000204516;ENSG00000155307;ENSG00000105329;ENSG00000057657;ENSG00000198771;ENSG00000196628;ENSG00000169826;ENSG00000126264;ENSG00000185862;ENSG00000123338;ENSG00000186517;ENSG00000162511;ENSG00000105974;ENSG00000163568;ENSG00000042980;ENSG00000090104;ENSG00000146192;ENSG00000133574;ENSG00000134516;ENSG00000106605;ENSG00000176533;ENSG00000091592;ENSG00000082074;ENSG00000120280;ENSG00000110876;ENSG00000111348;ENSG00000090339;ENSG00000188677;ENSG00000165168;ENSG00000171700;ENSG00000231721;ENSG00000160255;ENSG00000140030;ENSG00000096996;ENSG00000170456;ENSG00000139278;ENSG00000122122;ENSG00000169508;ENSG00000077420;ENSG00000266094;ENSG00000130005
HAY_BONE_MARROW_DENDRITIC_CELL	0.0477414477194021	0.15874715036178	0.321775918075361	0.405767380666044	1.36888435194296	182	ENSG00000119866;ENSG00000221866;ENSG00000111249;ENSG00000112137;ENSG00000103316;ENSG00000232229;ENSG00000066827;ENSG00000151131;ENSG00000054277;ENSG00000148154;ENSG00000106537;ENSG00000213064;ENSG00000155974;ENSG00000115355;ENSG00000177879;ENSG00000122378;ENSG00000110080;ENSG00000103056;ENSG00000103257;ENSG00000112335;ENSG00000169432;ENSG00000130300;ENSG00000114923;ENSG00000189149;ENSG00000100600;ENSG00000258376;ENSG00000036530;ENSG00000171631;ENSG00000146072;ENSG00000170348;ENSG00000123836;ENSG00000263961;ENSG00000124813;ENSG00000186081;ENSG00000254999;ENSG00000125304;ENSG00000152492;ENSG00000157445;ENSG00000138623;ENSG00000260314;ENSG00000132965;ENSG00000142192
TRAVAGLINI_LUNG_LYMPHATIC_CELL	0.0433640821670883	0.150916805734047	0.321775918075361	0.399534501912516	1.36646805241007	203	ENSG00000186642;ENSG00000122591;ENSG00000118407;ENSG00000110841;ENSG00000117632;ENSG00000074416;ENSG00000035862;ENSG00000182022;ENSG00000183386;ENSG00000182240;ENSG00000115641;ENSG00000075618;ENSG00000128342;ENSG00000090530;ENSG00000166257;ENSG00000102802;ENSG00000145431;ENSG00000158856;ENSG00000099864;ENSG00000123685;ENSG00000075213;ENSG00000143499;ENSG00000135631;ENSG00000131711;ENSG00000204136;ENSG00000144824;ENSG00000090006;ENSG00000184232;ENSG00000184203;ENSG00000178184;ENSG00000185442;ENSG00000100036;ENSG00000139514;ENSG00000169432;ENSG00000237187;ENSG00000131981;ENSG00000164687;ENSG00000072110;ENSG00000007237;ENSG00000140988;ENSG00000183807;ENSG00000176170;ENSG00000169756;ENSG00000102271;ENSG00000133800;ENSG00000260314;ENSG00000162981;ENSG00000120820;ENSG00000183578;ENSG00000150625;ENSG00000197461;ENSG00000002587;ENSG00000131435;ENSG00000137491;ENSG00000150347;ENSG00000254087;ENSG00000197261;ENSG00000101938;ENSG00000091972;ENSG00000152818;ENSG00000162511;ENSG00000175567;ENSG00000198918;ENSG00000172965;ENSG00000122644;ENSG00000204381
DESCARTES_FETAL_ADRENAL_SCHWANN_CELLS	0.0583941605839416	0.178073281780733	0.252961123069611	0.430092371548191	1.36338623443626	121	ENSG00000144355;ENSG00000139364;ENSG00000156475;ENSG00000237515;ENSG00000163873;ENSG00000196376;ENSG00000273079;ENSG00000134121;ENSG00000162951;ENSG00000177133;ENSG00000142611;ENSG00000124225;ENSG00000113361;ENSG00000158008;ENSG00000110042;ENSG00000206579;ENSG00000175445;ENSG00000188157;ENSG00000101443;ENSG00000153902
FAN_OVARY_CL10_PUTATIVE_EARLY_ATRESIA_GRANULOSA_CELL	0.024725333717258	0.0982722518796914	0.352487857583619	0.389378847990178	1.36330216169331	272	ENSG00000163466;ENSG00000162704;ENSG00000102172;ENSG00000117632;ENSG00000115641;ENSG00000075618;ENSG00000196230;ENSG00000075624;ENSG00000088986;ENSG00000134717;ENSG00000160932;ENSG00000126067;ENSG00000167552;ENSG00000108953;ENSG00000110080;ENSG00000111229;ENSG00000160014;ENSG00000123416;ENSG00000111237;ENSG00000160310;ENSG00000153774;ENSG00000146701;ENSG00000138413;ENSG00000184924;ENSG00000150687;ENSG00000211445;ENSG00000163875;ENSG00000118680;ENSG00000132341;ENSG00000100804;ENSG00000096092;ENSG00000136930;ENSG00000167088;ENSG00000034510;ENSG00000266472;ENSG00000131507;ENSG00000100764;ENSG00000133169;ENSG00000168653;ENSG00000089737;ENSG00000196591;ENSG00000174021;ENSG00000124562;ENSG00000239672;ENSG00000241343;ENSG00000167085;ENSG00000165916;ENSG00000160213;ENSG00000147123;ENSG00000272047;ENSG00000161203;ENSG00000166902;ENSG00000106028;ENSG00000205542;ENSG00000184009;ENSG00000172757;ENSG00000213585;ENSG00000211450;ENSG00000145912;ENSG00000129559;ENSG00000196655;ENSG00000129991;ENSG00000117318;ENSG00000111716;ENSG00000125534;ENSG00000175130;ENSG00000105185;ENSG00000169567;ENSG00000105254;ENSG00000014641;ENSG00000078668;ENSG00000135919;ENSG00000170860
DESCARTES_FETAL_MUSCLE_MEGAKARYOCYTES	0.026381264103489	0.10060021853868	0.352487857583619	0.392288691765078	1.36315922198917	238	ENSG00000112578;ENSG00000048162;ENSG00000134072;ENSG00000181467;ENSG00000154146;ENSG00000068796;ENSG00000162441;ENSG00000197147;ENSG00000259207;ENSG00000071127;ENSG00000005249;ENSG00000103005;ENSG00000137801;ENSG00000049323;ENSG00000185950;ENSG00000145293;ENSG00000197063;ENSG00000158769;ENSG00000172315;ENSG00000163536;ENSG00000185340;ENSG00000213753;ENSG00000132603;ENSG00000115318;ENSG00000087074;ENSG00000043093;ENSG00000075131;ENSG00000140859;ENSG00000017260;ENSG00000136448;ENSG00000128245;ENSG00000128266;ENSG00000115520;ENSG00000090020;ENSG00000175984;ENSG00000104267;ENSG00000180035;ENSG00000078902;ENSG00000156052;ENSG00000076003;ENSG00000093144;ENSG00000164687;ENSG00000157895;ENSG00000198924;ENSG00000272690;ENSG00000070190;ENSG00000089327;ENSG00000100580;ENSG00000167136;ENSG00000134440;ENSG00000059804;ENSG00000186352;ENSG00000101928;ENSG00000172578;ENSG00000155115;ENSG00000108179;ENSG00000163898;ENSG00000175040;ENSG00000245384;ENSG00000196090;ENSG00000138381;ENSG00000125779;ENSG00000041353;ENSG00000095303;ENSG00000123297;ENSG00000160190;ENSG00000113070;ENSG00000148426;ENSG00000166847;ENSG00000102572
DESCARTES_FETAL_STOMACH_ENS_NEURONS	0.0715596330275229	0.194188255264115	0.227987202850442	0.461574461151479	1.36085931079985	70	ENSG00000111249;ENSG00000184156;ENSG00000225206;ENSG00000167654;ENSG00000156564;ENSG00000186487;ENSG00000134775;ENSG00000066032;ENSG00000129990;ENSG00000174145;ENSG00000137285;ENSG00000154277;ENSG00000137267;ENSG00000122585;ENSG00000221890;ENSG00000104435;ENSG00000130558;ENSG00000172995;ENSG00000161082
FAN_EMBRYONIC_CTX_BRAIN_NAIVE_LIKE_T_CELL	0.0473588342440802	0.15874715036178	0.282013350011725	0.416658781243657	1.36047176297306	151	ENSG00000146386;ENSG00000005059;ENSG00000215845;ENSG00000188042;ENSG00000127084;ENSG00000158985;ENSG00000101109;ENSG00000136490;ENSG00000075884;ENSG00000164300;ENSG00000102879;ENSG00000104998;ENSG00000136997;ENSG00000158710;ENSG00000115165;ENSG00000135426;ENSG00000055163;ENSG00000074966;ENSG00000104660;ENSG00000145247;ENSG00000162894;ENSG00000160310;ENSG00000165929;ENSG00000072110;ENSG00000124831;ENSG00000110448;ENSG00000172673;ENSG00000162645;ENSG00000173114;ENSG00000089327;ENSG00000081237
BUSSLINGER_ESOPHAGEAL_LATE_SUPRABASAL_CELLS	0.0621572212065814	0.183743475018643	0.245041785430996	0.433082222689284	1.35998323991029	111	ENSG00000163466;ENSG00000164924;ENSG00000118985;ENSG00000074416;ENSG00000104419;ENSG00000084733;ENSG00000112972;ENSG00000140519;ENSG00000100300;ENSG00000075624;ENSG00000092820;ENSG00000103769;ENSG00000163216;ENSG00000120738;ENSG00000136689;ENSG00000112096;ENSG00000211445;ENSG00000147883;ENSG00000131981;ENSG00000272398;ENSG00000034510;ENSG00000142669
DURANTE_ADULT_OLFACTORY_NEUROEPITHELIUM_NK_CELLS	0.0909090909090909	0.229262359071186	0.199915231309662	0.450043318020082	1.35688082098303	81	ENSG00000188042;ENSG00000136490;ENSG00000102879;ENSG00000153310;ENSG00000158050;ENSG00000007264;ENSG00000036448;ENSG00000142669;ENSG00000081237;ENSG00000137441;ENSG00000143119;ENSG00000078304;ENSG00000158869;ENSG00000205542;ENSG00000126264;ENSG00000145287;ENSG00000175567;ENSG00000111348;ENSG00000277632;ENSG00000160255;ENSG00000140030;ENSG00000115956;ENSG00000110934;ENSG00000115523;ENSG00000128340;ENSG00000142347;ENSG00000197471;ENSG00000122862;ENSG00000171476;ENSG00000136167;ENSG00000105374;ENSG00000011600;ENSG00000271503;ENSG00000204525;ENSG00000203747;ENSG00000100385;ENSG00000276070;ENSG00000169583;ENSG00000008517;ENSG00000108518;ENSG00000185201;ENSG00000009790;ENSG00000127314;ENSG00000275302
DESCARTES_FETAL_MUSCLE_MYELOID_CELLS	0.0647482014388489	0.184652278177458	0.237793834423688	0.421851842994134	1.34724943770825	125	ENSG00000233901;ENSG00000135605;ENSG00000115165;ENSG00000110324;ENSG00000196189;ENSG00000143344;ENSG00000238057;ENSG00000137752;ENSG00000179630;ENSG00000108950;ENSG00000182578;ENSG00000171631;ENSG00000177575;ENSG00000163694;ENSG00000085265;ENSG00000235568;ENSG00000134508;ENSG00000112799;ENSG00000196639;ENSG00000115919;ENSG00000255274;ENSG00000159189;ENSG00000196209;ENSG00000174125;ENSG00000181631;ENSG00000100055;ENSG00000140749;ENSG00000088827;ENSG00000248905;ENSG00000140548;ENSG00000171860;ENSG00000146192;ENSG00000173372;ENSG00000166927;ENSG00000180509;ENSG00000118785;ENSG00000155659;ENSG00000165168;ENSG00000139278;ENSG00000106069;ENSG00000090659;ENSG00000116701;ENSG00000066336;ENSG00000139970;ENSG00000174600;ENSG00000198223;ENSG00000114013;ENSG00000151948;ENSG00000213373;ENSG00000163106;ENSG00000163563;ENSG00000196126;ENSG00000090382;ENSG00000161640;ENSG00000110079;ENSG00000163131;ENSG00000179583;ENSG00000106541;ENSG00000153898;ENSG00000184060;ENSG00000233008;ENSG00000142185;ENSG00000170458;ENSG00000166278;ENSG00000204472;ENSG00000100365;ENSG00000153208
DESCARTES_FETAL_LIVER_VASCULAR_ENDOTHELIAL_CELLS	0.0697674418604651	0.190162584894011	0.227987202850442	0.418609102243543	1.3418185732033	127	ENSG00000186642;ENSG00000172985;ENSG00000145632;ENSG00000169744;ENSG00000137571;ENSG00000175274;ENSG00000185924;ENSG00000146469;ENSG00000155093;ENSG00000124772;ENSG00000122679;ENSG00000154529;ENSG00000123496;ENSG00000117245;ENSG00000130558;ENSG00000136114;ENSG00000104237;ENSG00000145708;ENSG00000042304;ENSG00000104967;ENSG00000234614
DESCARTES_FETAL_PANCREAS_CCL19_CCL21_POSITIVE_CELLS	0.102702702702703	0.24521265451498	0.186432558434075	0.474382932316388	1.3414825935625	55	ENSG00000104044;ENSG00000101911;ENSG00000273079;ENSG00000145824;ENSG00000128165;ENSG00000099715;ENSG00000178860;ENSG00000213886;ENSG00000160161;ENSG00000261594;ENSG00000255595;ENSG00000086967;ENSG00000234488;ENSG00000175229;ENSG00000205002;ENSG00000233588;ENSG00000172752;ENSG00000213790;ENSG00000102290;ENSG00000092345
DESCARTES_FETAL_EYE_VASCULAR_ENDOTHELIAL_CELLS	0.0864661654135338	0.222858401233209	0.208955027549354	0.43851244979839	1.33551704538449	89	ENSG00000186642;ENSG00000171509;ENSG00000188848;ENSG00000004399;ENSG00000122679;ENSG00000130300;ENSG00000185305;ENSG00000136114;ENSG00000139318;ENSG00000128567;ENSG00000176907;ENSG00000164867;ENSG00000181652;ENSG00000162551;ENSG00000027075;ENSG00000130307;ENSG00000133574;ENSG00000172889;ENSG00000161835;ENSG00000178175;ENSG00000186994;ENSG00000176435;ENSG00000213203;ENSG00000071246;ENSG00000128284;ENSG00000102755;ENSG00000106991
AIZARANI_LIVER_C1_NK_NKT_CELLS_1	0.055045871559633	0.172123131374284	0.261663521711573	0.409508650421077	1.33397708237601	150	ENSG00000155926;ENSG00000225783;ENSG00000188042;ENSG00000184007;ENSG00000101109;ENSG00000102879;ENSG00000115165;ENSG00000161405;ENSG00000158050;ENSG00000142875;ENSG00000100030;ENSG00000055163;ENSG00000074706;ENSG00000147010;ENSG00000048740;ENSG00000027869;ENSG00000162894;ENSG00000181036;ENSG00000163219;ENSG00000146112;ENSG00000142669;ENSG00000081237;ENSG00000168028;ENSG00000150867;ENSG00000073861;ENSG00000143119;ENSG00000078304;ENSG00000132965;ENSG00000134954;ENSG00000028137;ENSG00000205542;ENSG00000057657;ENSG00000027075;ENSG00000126264;ENSG00000186517;ENSG00000090104;ENSG00000153563;ENSG00000082074;ENSG00000111348;ENSG00000164674;ENSG00000174500;ENSG00000160255;ENSG00000122122;ENSG00000266094;ENSG00000244509;ENSG00000110934;ENSG00000115523;ENSG00000128340;ENSG00000145675
ZHONG_PFC_C1_NEUROD1_POS_EXCITATORY_NEURON	0.139047619047619	0.28892574166206	0.163180127180689	0.535866406699904	1.33232638416342	26	ENSG00000153266;ENSG00000175906;ENSG00000146386;ENSG00000117020;ENSG00000152894;ENSG00000121905
LAKE_ADULT_KIDNEY_C4_PROXIMAL_TUBULE_EPITHELIAL_CELLS_S2	0.0618181818181818	0.183743475018643	0.245041785430996	0.400905970916067	1.33198347639617	171	ENSG00000113645;ENSG00000120549;ENSG00000110841;ENSG00000134775;ENSG00000170579;ENSG00000185104;ENSG00000115896;ENSG00000154655;ENSG00000152894;ENSG00000090530;ENSG00000109756;ENSG00000113361;ENSG00000131558;ENSG00000100154;ENSG00000241158;ENSG00000261115;ENSG00000185737;ENSG00000072422;ENSG00000154153;ENSG00000067082;ENSG00000197555;ENSG00000109667;ENSG00000144407;ENSG00000176771;ENSG00000205726;ENSG00000150938;ENSG00000075391;ENSG00000156052;ENSG00000150672;ENSG00000073921;ENSG00000115419;ENSG00000152767;ENSG00000169504;ENSG00000075711;ENSG00000154556;ENSG00000186094;ENSG00000196141;ENSG00000075151;ENSG00000263961;ENSG00000099250;ENSG00000122870;ENSG00000156639;ENSG00000171791;ENSG00000158528;ENSG00000177311;ENSG00000158089;ENSG00000146555;ENSG00000146038;ENSG00000112902;ENSG00000169760;ENSG00000185345;ENSG00000140443
RUBENSTEIN_SKELETAL_MUSCLE_PCV_ENDOTHELIAL_CELLS	0.044750430292599	0.154001480783469	0.282013350011725	0.386765099958424	1.33131943270483	222	ENSG00000145632;ENSG00000099260;ENSG00000169744;ENSG00000111859;ENSG00000143549;ENSG00000104419;ENSG00000114861;ENSG00000088832;ENSG00000182809;ENSG00000160932;ENSG00000115350;ENSG00000122679;ENSG00000198898;ENSG00000108953;ENSG00000074590;ENSG00000103769;ENSG00000158716;ENSG00000145247;ENSG00000088387;ENSG00000150938;ENSG00000130300;ENSG00000071242;ENSG00000114353;ENSG00000156052;ENSG00000134107;ENSG00000164687;ENSG00000145708;ENSG00000072110;ENSG00000124831;ENSG00000165757;ENSG00000127528;ENSG00000034510;ENSG00000089327;ENSG00000140988;ENSG00000137575;ENSG00000162654;ENSG00000059804;ENSG00000135766;ENSG00000174021;ENSG00000169756;ENSG00000241343;ENSG00000060138;ENSG00000071082;ENSG00000205542;ENSG00000119335;ENSG00000231500;ENSG00000144713;ENSG00000157557;ENSG00000065978;ENSG00000133574;ENSG00000172889;ENSG00000117318;ENSG00000122644;ENSG00000163565;ENSG00000143774;ENSG00000099860;ENSG00000161970;ENSG00000175130;ENSG00000169567;ENSG00000213203;ENSG00000197958;ENSG00000182117;ENSG00000130255;ENSG00000133561;ENSG00000125810
CUI_DEVELOPING_HEART_COMPACT_ATRIAL_CARDIOMYOCYTE	0.151515151515152	0.30578307272276	0.155241966228839	0.5979410061256	1.32798131039055	15	ENSG00000198523;ENSG00000087086;ENSG00000167996;ENSG00000071082;ENSG00000065978;ENSG00000105640;ENSG00000167526;ENSG00000111640;ENSG00000161281
DESCARTES_MAIN_FETAL_PHOTORECEPTOR_CELLS	0.101818181818182	0.244580322401334	0.188204146308491	0.440381060122256	1.3277491087589	81	ENSG00000204060;ENSG00000164236;ENSG00000117155;ENSG00000169085;ENSG00000164199;ENSG00000163629;ENSG00000142875;ENSG00000109047;ENSG00000101746;ENSG00000261801;ENSG00000079819;ENSG00000117971;ENSG00000145416;ENSG00000112619;ENSG00000197106;ENSG00000066382;ENSG00000170264;ENSG00000113966;ENSG00000227091
BUSSLINGER_GASTRIC_REG3A_POSITIVE_CELLS	0.130111524163569	0.277968690339824	0.166933848713193	0.499826566563065	1.32372299594884	38	ENSG00000023445;ENSG00000140105;ENSG00000012223;ENSG00000109971;ENSG00000112096;ENSG00000213886;ENSG00000272398;ENSG00000034510;ENSG00000112303;ENSG00000143248;ENSG00000138755;ENSG00000111275;ENSG00000216490;ENSG00000175538;ENSG00000196126;ENSG00000011600;ENSG00000081041;ENSG00000125968
RUBENSTEIN_SKELETAL_MUSCLE_SATELLITE_CELLS	0.0255212040063651	0.0995003903032968	0.352487857583619	0.373634986971368	1.32079243581822	306	ENSG00000161960;ENSG00000175183;ENSG00000145824;ENSG00000136997;ENSG00000025796;ENSG00000137285;ENSG00000196230;ENSG00000106829;ENSG00000168374;ENSG00000125740;ENSG00000156261;ENSG00000167552;ENSG00000114942;ENSG00000133316;ENSG00000087074;ENSG00000123562;ENSG00000102804;ENSG00000123416;ENSG00000120738;ENSG00000125944;ENSG00000109971;ENSG00000173812;ENSG00000146701;ENSG00000156976;ENSG00000171223;ENSG00000115484;ENSG00000164172;ENSG00000117592;ENSG00000101558;ENSG00000149100;ENSG00000146223;ENSG00000132341;ENSG00000133872;ENSG00000136930;ENSG00000167088;ENSG00000172809;ENSG00000196141;ENSG00000168653;ENSG00000140988;ENSG00000168259;ENSG00000168028;ENSG00000196591;ENSG00000163468;ENSG00000137876;ENSG00000241343;ENSG00000115541;ENSG00000173418;ENSG00000096384;ENSG00000100353;ENSG00000131435;ENSG00000071082;ENSG00000231500;ENSG00000126756;ENSG00000070756;ENSG00000213585;ENSG00000144713;ENSG00000145912;ENSG00000170345;ENSG00000143171;ENSG00000117519;ENSG00000143878;ENSG00000198918;ENSG00000111716;ENSG00000169021;ENSG00000147677;ENSG00000196262;ENSG00000089048;ENSG00000171490;ENSG00000197756;ENSG00000161970;ENSG00000115944;ENSG00000128016;ENSG00000165775;ENSG00000005893;ENSG00000197958;ENSG00000130255;ENSG00000078668;ENSG00000100380;ENSG00000220205;ENSG00000224032;ENSG00000185222;ENSG00000221983;ENSG00000126524;ENSG00000229117;ENSG00000008988;ENSG00000131469;ENSG00000139684;ENSG00000197728;ENSG00000112081;ENSG00000169100;ENSG00000089220;ENSG00000182670;ENSG00000204387;ENSG00000133112;ENSG00000221869;ENSG00000167658;ENSG00000164292;ENSG00000174748;ENSG00000164683;ENSG00000125743
GAO_ESOPHAGUS_25W_C2_KRT6BPOS_SECRETORY_PROGENITOR_CELLS	0.0919117647058824	0.229262359071186	0.199915231309662	0.44949691288895	1.32044486094353	68	ENSG00000164951;ENSG00000048052;ENSG00000067191;ENSG00000140320;ENSG00000148429;ENSG00000029153;ENSG00000147316;ENSG00000013588;ENSG00000169894;ENSG00000110080;ENSG00000136943;ENSG00000168140;ENSG00000138172;ENSG00000249884;ENSG00000128383;ENSG00000162654;ENSG00000178381;ENSG00000153802;ENSG00000111261;ENSG00000115919;ENSG00000163898;ENSG00000140548;ENSG00000226051;ENSG00000042980;ENSG00000166123;ENSG00000173890;ENSG00000115317
TRAVAGLINI_LUNG_MACROPHAGE_CELL	0.0517241379310345	0.165948275862069	0.261663521711573	0.387105307195836	1.31893803480787	196	ENSG00000122641;ENSG00000142657;ENSG00000084733;ENSG00000137267;ENSG00000136238;ENSG00000100300;ENSG00000115355;ENSG00000110880;ENSG00000138207;ENSG00000015475;ENSG00000128245;ENSG00000175445;ENSG00000136689;ENSG00000112096;ENSG00000148834;ENSG00000147416;ENSG00000011422;ENSG00000211445;ENSG00000136244;ENSG00000131981;ENSG00000164687;ENSG00000072110;ENSG00000087086;ENSG00000115310;ENSG00000169504;ENSG00000002549;ENSG00000177575;ENSG00000078124;ENSG00000171051;ENSG00000133313;ENSG00000132170;ENSG00000104763;ENSG00000196141;ENSG00000137575;ENSG00000164733;ENSG00000167996;ENSG00000116260;ENSG00000260314;ENSG00000132965;ENSG00000115919;ENSG00000155465;ENSG00000159189;ENSG00000143322;ENSG00000160213;ENSG00000233276;ENSG00000137491;ENSG00000173369;ENSG00000158869;ENSG00000103569;ENSG00000140749;ENSG00000113070;ENSG00000213585;ENSG00000088827;ENSG00000172936;ENSG00000065978;ENSG00000171860;ENSG00000143878;ENSG00000173372;ENSG00000018280;ENSG00000166927;ENSG00000155659;ENSG00000165168;ENSG00000197249;ENSG00000111275;ENSG00000173391;ENSG00000121797;ENSG00000182117;ENSG00000106991;ENSG00000138670;ENSG00000116701;ENSG00000198959;ENSG00000198502;ENSG00000105855;ENSG00000166825;ENSG00000170909;ENSG00000143226;ENSG00000143198;ENSG00000131238;ENSG00000120162;ENSG00000196126;ENSG00000090382;ENSG00000139567;ENSG00000042753;ENSG00000182718;ENSG00000168461;ENSG00000110079;ENSG00000163131;ENSG00000115457;ENSG00000106211;ENSG00000011600;ENSG00000161921;ENSG00000136235;ENSG00000135821;ENSG00000103811
DESCARTES_FETAL_INTESTINE_VASCULAR_ENDOTHELIAL_CELLS	0.116236162361624	0.262276468918535	0.176694268938498	0.486785581785847	1.3173962587291	41	ENSG00000106852;ENSG00000171864;ENSG00000130300;ENSG00000164687;ENSG00000019102
RUBENSTEIN_SKELETAL_MUSCLE_B_CELLS	0.0654545454545455	0.185806451612903	0.237793834423688	0.39576132974633	1.31658529900904	175	ENSG00000204397;ENSG00000175895;ENSG00000101109;ENSG00000136490;ENSG00000153310;ENSG00000115091;ENSG00000114942;ENSG00000133316;ENSG00000111229;ENSG00000184203;ENSG00000162894;ENSG00000156976;ENSG00000171223;ENSG00000128891;ENSG00000132274;ENSG00000186265;ENSG00000172809;ENSG00000122034;ENSG00000081237;ENSG00000140988;ENSG00000168028;ENSG00000112799;ENSG00000122986;ENSG00000241343;ENSG00000143119;ENSG00000132965;ENSG00000068831;ENSG00000090060;ENSG00000231500;ENSG00000070756;ENSG00000144713;ENSG00000124783;ENSG00000185862;ENSG00000196954;ENSG00000145287;ENSG00000162511;ENSG00000198918;ENSG00000197756;ENSG00000134996;ENSG00000161970;ENSG00000197958;ENSG00000169508;ENSG00000182117;ENSG00000198399;ENSG00000130255;ENSG00000221983;ENSG00000132185;ENSG00000229117;ENSG00000131469;ENSG00000128340;ENSG00000197728;ENSG00000026297;ENSG00000196126;ENSG00000104921;ENSG00000163131;ENSG00000104894;ENSG00000174748;ENSG00000158517;ENSG00000288920;ENSG00000130755
LAKE_ADULT_KIDNEY_C8_DECENDING_THIN_LIMB	0.0418760469011725	0.147403685092127	0.287857117255149	0.375391328995027	1.31614609661818	275	ENSG00000143549;ENSG00000100664;ENSG00000142864;ENSG00000146731;ENSG00000113361;ENSG00000009307;ENSG00000109332;ENSG00000114942;ENSG00000157765;ENSG00000119888;ENSG00000166913;ENSG00000102804;ENSG00000198668;ENSG00000110958;ENSG00000105835;ENSG00000260032;ENSG00000129625;ENSG00000105976;ENSG00000115053;ENSG00000184292;ENSG00000120738;ENSG00000125944;ENSG00000109971;ENSG00000173812;ENSG00000156976;ENSG00000112096;ENSG00000068366;ENSG00000234741;ENSG00000134333;ENSG00000115758;ENSG00000118680;ENSG00000066933;ENSG00000132341;ENSG00000062716;ENSG00000139318;ENSG00000133872;ENSG00000087086;ENSG00000272398;ENSG00000176907;ENSG00000115310;ENSG00000034510;ENSG00000133313;ENSG00000104763;ENSG00000143870;ENSG00000164171;ENSG00000140988;ENSG00000168028;ENSG00000164733;ENSG00000121858;ENSG00000167996;ENSG00000079246;ENSG00000096384;ENSG00000255302;ENSG00000090060;ENSG00000113013;ENSG00000233276;ENSG00000170759;ENSG00000071082;ENSG00000184009;ENSG00000143761;ENSG00000231500;ENSG00000070756;ENSG00000144713;ENSG00000106052;ENSG00000008952;ENSG00000065978;ENSG00000111716;ENSG00000196262;ENSG00000166598;ENSG00000137845;ENSG00000118785;ENSG00000166012;ENSG00000197756;ENSG00000167004;ENSG00000197249;ENSG00000169567;ENSG00000044574;ENSG00000197958;ENSG00000198959;ENSG00000140575;ENSG00000221983;ENSG00000196504;ENSG00000229117;ENSG00000008988;ENSG00000100644;ENSG00000112081;ENSG00000116209;ENSG00000089220;ENSG00000092199;ENSG00000133112;ENSG00000182718;ENSG00000102144;ENSG00000221869;ENSG00000167658;ENSG00000169564;ENSG00000174748;ENSG00000084207
BUSSLINGER_DUODENAL_STEM_CELLS	0.0427773394144557	0.149720687950595	0.321775918075361	0.370332342857776	1.31230903873119	308	ENSG00000119866;ENSG00000116299;ENSG00000150594;ENSG00000164924;ENSG00000171617;ENSG00000163938;ENSG00000162878;ENSG00000165732;ENSG00000142864;ENSG00000116679;ENSG00000146731;ENSG00000168374;ENSG00000101444;ENSG00000163931;ENSG00000125740;ENSG00000135316;ENSG00000108953;ENSG00000114942;ENSG00000137309;ENSG00000118971;ENSG00000102554;ENSG00000177707;ENSG00000119888;ENSG00000102804;ENSG00000110958;ENSG00000205339;ENSG00000115053;ENSG00000120738;ENSG00000109971;ENSG00000138430;ENSG00000156976;ENSG00000234741;ENSG00000118513;ENSG00000183734;ENSG00000172292;ENSG00000132341;ENSG00000072110;ENSG00000280987;ENSG00000172809;ENSG00000015479;ENSG00000140988;ENSG00000120742;ENSG00000107581;ENSG00000196591;ENSG00000188959;ENSG00000158417;ENSG00000069275;ENSG00000079246;ENSG00000133216;ENSG00000115541;ENSG00000177311;ENSG00000143924;ENSG00000142192;ENSG00000096384;ENSG00000046604;ENSG00000090060;ENSG00000134308;ENSG00000122779;ENSG00000071082;ENSG00000150347;ENSG00000184009;ENSG00000104413;ENSG00000119335;ENSG00000137331;ENSG00000231500;ENSG00000113070;ENSG00000070756;ENSG00000144713;ENSG00000157557;ENSG00000170345;ENSG00000065978;ENSG00000131771;ENSG00000198918;ENSG00000147677;ENSG00000196262;ENSG00000173890;ENSG00000197756;ENSG00000161970;ENSG00000175130;ENSG00000144354;ENSG00000197958;ENSG00000131142;ENSG00000130255;ENSG00000135048;ENSG00000085276;ENSG00000173473
DESCARTES_MAIN_FETAL_MICROGLIA	0.0642201834862385	0.184364004044489	0.241339976815091	0.397059108013029	1.31084408345274	161	ENSG00000073849;ENSG00000136404;ENSG00000179388;ENSG00000159842;ENSG00000114450;ENSG00000270800;ENSG00000236963;ENSG00000122877;ENSG00000110218;ENSG00000074706;ENSG00000071051;ENSG00000084070;ENSG00000154122;ENSG00000171488;ENSG00000226953;ENSG00000078237;ENSG00000105889;ENSG00000176597;ENSG00000064763;ENSG00000163219;ENSG00000111231;ENSG00000182578;ENSG00000079950;ENSG00000142920;ENSG00000029725;ENSG00000103066;ENSG00000162636;ENSG00000171051;ENSG00000112799;ENSG00000198019;ENSG00000132965;ENSG00000173418;ENSG00000154237;ENSG00000134070;ENSG00000120337;ENSG00000171659;ENSG00000138135;ENSG00000174125;ENSG00000263606;ENSG00000137491;ENSG00000196664;ENSG00000181631;ENSG00000155307;ENSG00000139572;ENSG00000135077;ENSG00000184574;ENSG00000150337;ENSG00000042980;ENSG00000018280;ENSG00000176533;ENSG00000105366;ENSG00000118785;ENSG00000155659;ENSG00000173391;ENSG00000235478;ENSG00000237797;ENSG00000173530;ENSG00000121933;ENSG00000129667;ENSG00000077420;ENSG00000152315;ENSG00000113532;ENSG00000131724;ENSG00000071054;ENSG00000170677
GAUTAM_EYE_IRIS_CILIARY_BODY_WIF1_HIGH_FIBROBLASTS	0.0857664233576642	0.221983683984543	0.206587922696891	0.412537797097379	1.31026866139323	122	ENSG00000170370;ENSG00000123119;ENSG00000253276;ENSG00000077063;ENSG00000184007;ENSG00000140937;ENSG00000115641;ENSG00000113657;ENSG00000082153;ENSG00000125740;ENSG00000213190;ENSG00000166173;ENSG00000173812;ENSG00000134333;ENSG00000012660;ENSG00000112699;ENSG00000154640;ENSG00000050555;ENSG00000162645;ENSG00000170293;ENSG00000188229;ENSG00000164237;ENSG00000255302;ENSG00000124762;ENSG00000150347;ENSG00000205542;ENSG00000170775;ENSG00000231500;ENSG00000169826;ENSG00000170345;ENSG00000103381;ENSG00000171490;ENSG00000172354;ENSG00000177374;ENSG00000161970
CUI_DEVELOPING_HEART_C4_ENDOTHELIAL_CELL	0.0690909090909091	0.190162584894011	0.231126709673834	0.40291989844105	1.30731848662545	146	ENSG00000113389;ENSG00000145632;ENSG00000099260;ENSG00000169744;ENSG00000108219;ENSG00000073849;ENSG00000125266;ENSG00000140937;ENSG00000088832;ENSG00000105971;ENSG00000158769;ENSG00000144118;ENSG00000117298;ENSG00000004399;ENSG00000160932;ENSG00000136237;ENSG00000112414;ENSG00000130300;ENSG00000163638;ENSG00000139318;ENSG00000167772;ENSG00000112699;ENSG00000128567;ENSG00000187513;ENSG00000089327;ENSG00000099250;ENSG00000164867;ENSG00000130202;ENSG00000169851;ENSG00000116260;ENSG00000169242;ENSG00000102271;ENSG00000181104
DURANTE_ADULT_OLFACTORY_NEUROEPITHELIUM_RESPIRATORY_SECRETORY_CELLS	0.180790960451977	0.341290921830951	0.140406238523342	0.561481317175169	1.30216592727359	19	ENSG00000116679;ENSG00000012223;ENSG00000062716;ENSG00000272398;ENSG00000090382;ENSG00000123358;ENSG00000185022;ENSG00000081041
DESCARTES_FETAL_PLACENTA_EXTRAVILLOUS_TROPHOBLASTS	0.125673249551167	0.276481149012567	0.166933848713193	0.457270106508817	1.30212850626456	57	ENSG00000186907;ENSG00000211448;ENSG00000166863;ENSG00000007171;ENSG00000183010;ENSG00000148344;ENSG00000002726;ENSG00000160161;ENSG00000183734;ENSG00000185269;ENSG00000142949;ENSG00000121858;ENSG00000116260;ENSG00000070404;ENSG00000100593;ENSG00000065618;ENSG00000204632
DURANTE_ADULT_OLFACTORY_NEUROEPITHELIUM_UNSPECIFIED	0.150278293135436	0.304511278195489	0.154190966581424	0.495515254630183	1.3001400260867	36	ENSG00000117632;ENSG00000196230;ENSG00000088986;ENSG00000167552;ENSG00000198668;ENSG00000123416;ENSG00000272398;ENSG00000188229;ENSG00000147400;ENSG00000180817
DESCARTES_FETAL_LIVER_MYELOID_CELLS	0.0632688927943761	0.184364004044489	0.237793834423688	0.38395317879527	1.2969679593434	187	ENSG00000152503;ENSG00000123685;ENSG00000204103;ENSG00000110324;ENSG00000196189;ENSG00000151490;ENSG00000156113;ENSG00000145416;ENSG00000182578;ENSG00000224167;ENSG00000106066;ENSG00000100600;ENSG00000171631;ENSG00000130775;ENSG00000163823;ENSG00000177575;ENSG00000103066;ENSG00000171051;ENSG00000163694;ENSG00000166928;ENSG00000162512;ENSG00000186094;ENSG00000085265;ENSG00000260228;ENSG00000164733;ENSG00000111490;ENSG00000144909;ENSG00000203601;ENSG00000235568;ENSG00000090674;ENSG00000231298;ENSG00000186431;ENSG00000196639;ENSG00000255274;ENSG00000168546;ENSG00000159189;ENSG00000196209;ENSG00000173369;ENSG00000183486;ENSG00000181631;ENSG00000187116;ENSG00000104951;ENSG00000140749;ENSG00000105246;ENSG00000129226;ENSG00000050030;ENSG00000088827;ENSG00000146232;ENSG00000248905;ENSG00000171860;ENSG00000090104;ENSG00000146192;ENSG00000161643;ENSG00000173372;ENSG00000131203;ENSG00000166927;ENSG00000169413;ENSG00000197646;ENSG00000188001;ENSG00000155659;ENSG00000165168;ENSG00000138755;ENSG00000151117;ENSG00000121933;ENSG00000268500;ENSG00000169282;ENSG00000152315;ENSG00000090659;ENSG00000254415;ENSG00000187554;ENSG00000116701;ENSG00000161929;ENSG00000104808;ENSG00000131042;ENSG00000170909;ENSG00000174600;ENSG00000198223;ENSG00000114013;ENSG00000179163;ENSG00000162745;ENSG00000117154;ENSG00000004799;ENSG00000244682;ENSG00000179331;ENSG00000161640;ENSG00000175489;ENSG00000168461;ENSG00000110079;ENSG00000163131
GAUTAM_EYE_CHOROID_SCLERA_MONOCYTES	0.0894454382826476	0.226742345605395	0.199915231309662	0.399402502622515	1.29678971124005	138	ENSG00000134758;ENSG00000112406;ENSG00000179833;ENSG00000188641;ENSG00000196396;ENSG00000075884;ENSG00000185361;ENSG00000075618;ENSG00000104998;ENSG00000105851;ENSG00000106785;ENSG00000052802;ENSG00000173166;ENSG00000137309;ENSG00000092964;ENSG00000078237;ENSG00000132661;ENSG00000133961;ENSG00000108774;ENSG00000175606;ENSG00000163219;ENSG00000079950;ENSG00000167680;ENSG00000234608;ENSG00000073921;ENSG00000108106;ENSG00000104763;ENSG00000170385;ENSG00000169756;ENSG00000172578;ENSG00000102524;ENSG00000138071;ENSG00000089094;ENSG00000155465;ENSG00000115902;ENSG00000136630;ENSG00000140749;ENSG00000167850;ENSG00000154978;ENSG00000143376;ENSG00000186517;ENSG00000169499;ENSG00000161835;ENSG00000134516;ENSG00000196544;ENSG00000101146;ENSG00000180596;ENSG00000271605;ENSG00000127947;ENSG00000120899;ENSG00000120334;ENSG00000139278;ENSG00000115325
DESCARTES_FETAL_MUSCLE_SMOOTH_MUSCLE_CELLS	0.111721611721612	0.253909158600149	0.179782316298324	0.436899714478704	1.29531039365324	74	ENSG00000169783;ENSG00000115896;ENSG00000173175;ENSG00000133107;ENSG00000157782;ENSG00000198523;ENSG00000151468;ENSG00000138792;ENSG00000152402;ENSG00000169213;ENSG00000233117;ENSG00000050555;ENSG00000170425;ENSG00000132911;ENSG00000111816;ENSG00000227542;ENSG00000135454;ENSG00000183807;ENSG00000226674;ENSG00000169507;ENSG00000167332;ENSG00000107796;ENSG00000171873;ENSG00000069431;ENSG00000186868;ENSG00000145506;ENSG00000163017;ENSG00000143248;ENSG00000169282;ENSG00000177425;ENSG00000131471;ENSG00000125895;ENSG00000167608;ENSG00000166831;ENSG00000131055;ENSG00000180785;ENSG00000133392;ENSG00000130037
ZHENG_CORD_BLOOD_C6_HSC_MULTIPOTENT_PROGENITOR	0.111531190926276	0.253909158600149	0.183023938384487	0.421826428103552	1.29161629442834	93	ENSG00000081189;ENSG00000213639;ENSG00000197063;ENSG00000158050;ENSG00000092820;ENSG00000108100;ENSG00000116717;ENSG00000102804;ENSG00000108924;ENSG00000136950;ENSG00000105835;ENSG00000064042;ENSG00000109321;ENSG00000197329;ENSG00000107968;ENSG00000172216;ENSG00000171843;ENSG00000145708;ENSG00000153234;ENSG00000150977;ENSG00000124831;ENSG00000130775;ENSG00000133169;ENSG00000081237;ENSG00000162654;ENSG00000059804;ENSG00000167996;ENSG00000115738;ENSG00000028137;ENSG00000149948;ENSG00000155307;ENSG00000196628;ENSG00000027075;ENSG00000070756;ENSG00000153201;ENSG00000161835;ENSG00000150907;ENSG00000118785;ENSG00000196937;ENSG00000101695;ENSG00000231721
DESCARTES_FETAL_CEREBELLUM_SLC24A4_PEX5L_POSITIVE_CELLS	0.148897058823529	0.30270821199767	0.154190966581424	0.46918041649864	1.28497545969647	44	ENSG00000159307;ENSG00000185760;ENSG00000165084;ENSG00000114757;ENSG00000154655;ENSG00000152894;ENSG00000197385;ENSG00000116329
CUI_DEVELOPING_HEART_C5_VALVAR_CELL	0.0662020905923345	0.186212273081635	0.231126709673834	0.376363347520344	1.28316164680549	201	ENSG00000128045;ENSG00000111859;ENSG00000179388;ENSG00000103316;ENSG00000137801;ENSG00000113657;ENSG00000122877;ENSG00000100664;ENSG00000137285;ENSG00000154277;ENSG00000163536;ENSG00000168374;ENSG00000137267;ENSG00000186469;ENSG00000167552;ENSG00000086061;ENSG00000087074;ENSG00000090006;ENSG00000102804;ENSG00000154380;ENSG00000258947;ENSG00000120694;ENSG00000064042;ENSG00000006652;ENSG00000065154;ENSG00000120738;ENSG00000255112;ENSG00000138801;ENSG00000174010;ENSG00000171223;ENSG00000073756;ENSG00000109814;ENSG00000164949;ENSG00000117143;ENSG00000117152;ENSG00000153234;ENSG00000181195;ENSG00000072110;ENSG00000133169;ENSG00000106546;ENSG00000182492;ENSG00000178381;ENSG00000196843;ENSG00000123989;ENSG00000123610;ENSG00000286190;ENSG00000106278;ENSG00000120820;ENSG00000162616;ENSG00000124762;ENSG00000002587;ENSG00000145808;ENSG00000115738;ENSG00000137331;ENSG00000133026;ENSG00000091972;ENSG00000170345;ENSG00000197019;ENSG00000117318
FAN_OVARY_CL7_ANGEIOGENIC_ENDOTHELIAL_CELL	0.0623946037099494	0.183743475018643	0.234392647294686	0.366705585084083	1.27983514329811	250	ENSG00000081189;ENSG00000145632;ENSG00000099260;ENSG00000169744;ENSG00000143549;ENSG00000088832;ENSG00000105971;ENSG00000102024;ENSG00000158710;ENSG00000182809;ENSG00000100300;ENSG00000160932;ENSG00000125740;ENSG00000150991;ENSG00000122679;ENSG00000198898;ENSG00000087074;ENSG00000182287;ENSG00000166913;ENSG00000102804;ENSG00000103769;ENSG00000198668;ENSG00000115306;ENSG00000158716;ENSG00000086065;ENSG00000120738;ENSG00000112335;ENSG00000102786;ENSG00000171223;ENSG00000150687;ENSG00000106066;ENSG00000100243;ENSG00000139318;ENSG00000124831;ENSG00000002549;ENSG00000089327;ENSG00000059804;ENSG00000121858;ENSG00000174021;ENSG00000152492;ENSG00000169756;ENSG00000169242;ENSG00000130303;ENSG00000175602;ENSG00000142192;ENSG00000261371;ENSG00000255302;ENSG00000124762;ENSG00000115738;ENSG00000205542;ENSG00000196628;ENSG00000157557;ENSG00000170345;ENSG00000008952;ENSG00000105974;ENSG00000143878;ENSG00000133574;ENSG00000172889;ENSG00000117318;ENSG00000122644;ENSG00000163565;ENSG00000143774;ENSG00000115875;ENSG00000099860;ENSG00000128016;ENSG00000176435;ENSG00000185825;ENSG00000197448;ENSG00000213203;ENSG00000118523;ENSG00000182117;ENSG00000109180;ENSG00000106991;ENSG00000123179;ENSG00000130429;ENSG00000198502
DESCARTES_FETAL_PLACENTA_IGFBP1_DKK1_POSITIVE_CELLS	0.102040816326531	0.244580322401334	0.190023305279108	0.409836833342109	1.27927170395532	107	ENSG00000113389;ENSG00000125675;ENSG00000173698;ENSG00000198963;ENSG00000133107;ENSG00000102802;ENSG00000116741;ENSG00000162552;ENSG00000105849;ENSG00000154096;ENSG00000117594;ENSG00000102547;ENSG00000272841;ENSG00000248441;ENSG00000115602;ENSG00000176532;ENSG00000224743;ENSG00000153487;ENSG00000138944;ENSG00000162512;ENSG00000163975;ENSG00000224825;ENSG00000135914;ENSG00000198797
LAKE_ADULT_KIDNEY_C24_ENDOTHELIAL_CELLS_AEA_AND_DVR	0.0846846846846847	0.221041380363414	0.206587922696891	0.390107793358291	1.27561350201715	152	ENSG00000081189;ENSG00000099260;ENSG00000169744;ENSG00000143549;ENSG00000188641;ENSG00000134138;ENSG00000204217;ENSG00000134532;ENSG00000138190;ENSG00000117020;ENSG00000133687;ENSG00000109332;ENSG00000100154;ENSG00000086061;ENSG00000166913;ENSG00000198668;ENSG00000120694;ENSG00000105835;ENSG00000064042;ENSG00000115306;ENSG00000173812;ENSG00000088387;ENSG00000150938;ENSG00000185305;ENSG00000075391;ENSG00000118680;ENSG00000154175;ENSG00000163638;ENSG00000087086;ENSG00000128567;ENSG00000169504;ENSG00000034510;ENSG00000182621;ENSG00000140988
DESCARTES_MAIN_FETAL_VASCULAR_ENDOTHELIAL_CELLS	0.147329650092081	0.302367483762833	0.155241966228839	0.461679605029316	1.27529551014804	49	ENSG00000169744;ENSG00000171864;ENSG00000136237;ENSG00000145708;ENSG00000165757;ENSG00000176907;ENSG00000007908;ENSG00000183688;ENSG00000135766;ENSG00000181781;ENSG00000142748;ENSG00000136630;ENSG00000232233;ENSG00000105974;ENSG00000137273;ENSG00000128250
LAKE_ADULT_KIDNEY_C2_PODOCYTES	0.0643478260869565	0.184364004044489	0.234392647294686	0.371666091832059	1.27334591595444	212	ENSG00000122574;ENSG00000248049;ENSG00000172159;ENSG00000077063;ENSG00000138758;ENSG00000163947;ENSG00000010818;ENSG00000204217;ENSG00000187391;ENSG00000163629;ENSG00000117020;ENSG00000090530;ENSG00000087095;ENSG00000145687;ENSG00000196935;ENSG00000145934;ENSG00000163827;ENSG00000139971;ENSG00000084676;ENSG00000151490;ENSG00000138785;ENSG00000155816;ENSG00000154153;ENSG00000138792;ENSG00000101745;ENSG00000126733;ENSG00000157483;ENSG00000078328;ENSG00000161270;ENSG00000150938;ENSG00000118473;ENSG00000241684;ENSG00000211445;ENSG00000150672;ENSG00000073921;ENSG00000163638;ENSG00000065613;ENSG00000172292;ENSG00000172264;ENSG00000112699;ENSG00000128567;ENSG00000167522;ENSG00000196141;ENSG00000218336;ENSG00000112715;ENSG00000137573;ENSG00000130449;ENSG00000133424;ENSG00000170153;ENSG00000168743;ENSG00000088756;ENSG00000143924
RUBENSTEIN_SKELETAL_MUSCLE_ENDOTHELIAL_CELLS	0.108348134991119	0.251858306243507	0.179782316298324	0.391941272909033	1.27319817430482	137	ENSG00000081189;ENSG00000099260;ENSG00000074416;ENSG00000088832;ENSG00000105971;ENSG00000102024;ENSG00000182809;ENSG00000140105;ENSG00000160932;ENSG00000092964;ENSG00000198668;ENSG00000067082;ENSG00000115306;ENSG00000114353;ENSG00000118680;ENSG00000131981;ENSG00000164687;ENSG00000128567;ENSG00000127528;ENSG00000002549;ENSG00000034510;ENSG00000099250;ENSG00000121858;ENSG00000130303;ENSG00000175602;ENSG00000134954;ENSG00000205542;ENSG00000196628;ENSG00000008952;ENSG00000105974;ENSG00000133574;ENSG00000172889;ENSG00000117318
MURARO_PANCREAS_PANCREATIC_POLYPEPTIDE_CELL	0.0885608856088561	0.225998300764656	0.204294756516886	0.391859689004807	1.27303887225735	149	ENSG00000004848;ENSG00000026559;ENSG00000048540;ENSG00000125675;ENSG00000117600;ENSG00000077063;ENSG00000179388;ENSG00000134138;ENSG00000170381;ENSG00000113657;ENSG00000168772;ENSG00000139132;ENSG00000122877;ENSG00000162545;ENSG00000010404;ENSG00000147408;ENSG00000142875;ENSG00000145934;ENSG00000137267;ENSG00000078018;ENSG00000104435;ENSG00000106392;ENSG00000120738;ENSG00000116254;ENSG00000164326;ENSG00000105290;ENSG00000180440;ENSG00000198846;ENSG00000137261;ENSG00000164687;ENSG00000153234
AIZARANI_LIVER_C34_MHC_II_POS_B_CELLS	0.112115732368897	0.253909158600149	0.178219874951973	0.396228220329785	1.27085991858587	129	ENSG00000119866;ENSG00000179388;ENSG00000105887;ENSG00000175414;ENSG00000114861;ENSG00000136490;ENSG00000183049;ENSG00000102879;ENSG00000023445;ENSG00000055163;ENSG00000112182;ENSG00000114942;ENSG00000133789;ENSG00000084070;ENSG00000145416;ENSG00000235750;ENSG00000162894;ENSG00000079950;ENSG00000107968;ENSG00000177455;ENSG00000127528;ENSG00000263961;ENSG00000116191;ENSG00000070961;ENSG00000083454;ENSG00000079263;ENSG00000060138;ENSG00000254087;ENSG00000269404;ENSG00000111913;ENSG00000155657;ENSG00000198771;ENSG00000185862;ENSG00000145287;ENSG00000162511;ENSG00000169499;ENSG00000175567;ENSG00000198918;ENSG00000135916;ENSG00000176533;ENSG00000169413
FAN_OVARY_CL3_MATURE_CUMULUS_GRANULOSA_CELL_1	0.0640809443507589	0.184364004044489	0.231126709673834	0.363924965910381	1.2701305347964	250	ENSG00000122574;ENSG00000112290;ENSG00000163466;ENSG00000102172;ENSG00000110841;ENSG00000117632;ENSG00000005249;ENSG00000115641;ENSG00000204217;ENSG00000137801;ENSG00000113657;ENSG00000075618;ENSG00000116679;ENSG00000196230;ENSG00000137265;ENSG00000134717;ENSG00000160932;ENSG00000118971;ENSG00000134363;ENSG00000115290;ENSG00000154380;ENSG00000110080;ENSG00000171159;ENSG00000145247;ENSG00000134283;ENSG00000069329;ENSG00000138413;ENSG00000184924;ENSG00000150687;ENSG00000068366;ENSG00000176532;ENSG00000211445;ENSG00000126882;ENSG00000129197;ENSG00000165669;ENSG00000136720;ENSG00000141447;ENSG00000198791;ENSG00000034510;ENSG00000105223;ENSG00000266472;ENSG00000198743;ENSG00000131507;ENSG00000133169;ENSG00000168653;ENSG00000196591;ENSG00000138674;ENSG00000170558;ENSG00000134313;ENSG00000002587;ENSG00000272047;ENSG00000099194;ENSG00000205542;ENSG00000100592;ENSG00000184009;ENSG00000155380;ENSG00000211450;ENSG00000129559;ENSG00000114867;ENSG00000196655;ENSG00000143878;ENSG00000129991;ENSG00000117318
ZHENG_CORD_BLOOD_C1_PUTATIVE_MEGAKARYOCYTE_PROGENITOR	0.130929791271347	0.277968690339824	0.16823816568964	0.413280299043339	1.26722065784255	94	ENSG00000160145;ENSG00000134072;ENSG00000125266;ENSG00000154146;ENSG00000005249;ENSG00000137801;ENSG00000049323;ENSG00000100351;ENSG00000158856;ENSG00000111726;ENSG00000114529;ENSG00000128266;ENSG00000104267;ENSG00000124491;ENSG00000125257;ENSG00000072110;ENSG00000173085;ENSG00000169756;ENSG00000108179;ENSG00000197461;ENSG00000100311;ENSG00000041353;ENSG00000088992;ENSG00000205542;ENSG00000100592;ENSG00000149781;ENSG00000146376;ENSG00000082074;ENSG00000119862
DESCARTES_FETAL_KIDNEY_LYMPHOID_CELLS	0.0947176684881603	0.232100772043885	0.195789002148949	0.381343881933778	1.26429355556882	166	ENSG00000081985;ENSG00000152969;ENSG00000178217;ENSG00000185760;ENSG00000143184;ENSG00000149742;ENSG00000161405;ENSG00000158050;ENSG00000135426;ENSG00000124203;ENSG00000153253;ENSG00000238121;ENSG00000228956;ENSG00000007264;ENSG00000112182;ENSG00000184613;ENSG00000027869;ENSG00000162894;ENSG00000181036;ENSG00000172995;ENSG00000177455;ENSG00000007350;ENSG00000036448;ENSG00000110448;ENSG00000172673;ENSG00000196839;ENSG00000160856;ENSG00000173114;ENSG00000172575;ENSG00000073861;ENSG00000083454;ENSG00000119714
TRAVAGLINI_LUNG_NEUTROPHIL_CELL	0.0540098199672668	0.169745148468553	0.248911114434702	0.352179971333164	1.26362895742446	354	ENSG00000155926;ENSG00000116299;ENSG00000163421;ENSG00000215845;ENSG00000127084;ENSG00000062282;ENSG00000182022;ENSG00000139132;ENSG00000102879;ENSG00000142657;ENSG00000196083;ENSG00000185950;ENSG00000099308;ENSG00000153179;ENSG00000101236;ENSG00000144118;ENSG00000116741;ENSG00000163931;ENSG00000176788;ENSG00000160211;ENSG00000084070;ENSG00000171159;ENSG00000160014;ENSG00000108582;ENSG00000105835;ENSG00000105520;ENSG00000241553;ENSG00000006652;ENSG00000133318;ENSG00000108774;ENSG00000229644;ENSG00000112096;ENSG00000179912;ENSG00000226608;ENSG00000171223;ENSG00000197329;ENSG00000182487;ENSG00000073756;ENSG00000011422;ENSG00000043462;ENSG00000105339;ENSG00000114353;ENSG00000196588;ENSG00000172216;ENSG00000198858;ENSG00000140332;ENSG00000072110;ENSG00000087086;ENSG00000127528;ENSG00000123836;ENSG00000171051;ENSG00000163694;ENSG00000186529;ENSG00000226564;ENSG00000173868;ENSG00000128383;ENSG00000059804;ENSG00000237506;ENSG00000173535;ENSG00000135842;ENSG00000235568;ENSG00000109743;ENSG00000108669;ENSG00000167996;ENSG00000103313;ENSG00000162551;ENSG00000175220;ENSG00000173846;ENSG00000100902;ENSG00000175826;ENSG00000132965;ENSG00000233750;ENSG00000145860;ENSG00000171049;ENSG00000160213;ENSG00000219507;ENSG00000171236;ENSG00000115271;ENSG00000241973;ENSG00000140443;ENSG00000183486;ENSG00000141759;ENSG00000181631;ENSG00000136630;ENSG00000155307;ENSG00000112303;ENSG00000176973;ENSG00000103569;ENSG00000234518;ENSG00000248323;ENSG00000173334;ENSG00000103196;ENSG00000158470;ENSG00000162889;ENSG00000140932;ENSG00000170345
DURANTE_ADULT_OLFACTORY_NEUROEPITHELIUM_MACROPHAGES	0.128913443830571	0.277659725173537	0.166933848713193	0.425077708296241	1.26021497097203	76	ENSG00000112137;ENSG00000116741;ENSG00000128245;ENSG00000011422;ENSG00000182578;ENSG00000153234;ENSG00000087086;ENSG00000103187;ENSG00000112799;ENSG00000159189;ENSG00000171659;ENSG00000173369;ENSG00000158869;ENSG00000181631;ENSG00000140749;ENSG00000129226;ENSG00000162511;ENSG00000171860;ENSG00000090104;ENSG00000173372;ENSG00000166927;ENSG00000169413;ENSG00000277632;ENSG00000118515;ENSG00000160255;ENSG00000169508;ENSG00000216490;ENSG00000198502;ENSG00000066336;ENSG00000143226;ENSG00000198223;ENSG00000026297;ENSG00000163563;ENSG00000196126;ENSG00000122862;ENSG00000163131;ENSG00000221869;ENSG00000011600;ENSG00000161921;ENSG00000170458;ENSG00000203747;ENSG00000204472
GAUTAM_EYE_CORNEA_CONJUNCTIVAL_CELLS	0.135338345864662	0.284533860247889	0.16440575583821	0.404778014489505	1.25642356193732	102	ENSG00000164924;ENSG00000215845;ENSG00000163629;ENSG00000112972;ENSG00000140519;ENSG00000171621;ENSG00000164251;ENSG00000015475;ENSG00000133985;ENSG00000110080;ENSG00000176597;ENSG00000107968;ENSG00000165929;ENSG00000169230;ENSG00000070190;ENSG00000142669;ENSG00000105993;ENSG00000142684;ENSG00000197903;ENSG00000124762;ENSG00000242372;ENSG00000041353;ENSG00000039068;ENSG00000211450;ENSG00000183741;ENSG00000180596;ENSG00000125534;ENSG00000130559;ENSG00000167470;ENSG00000266094;ENSG00000229117;ENSG00000108091;ENSG00000135604;ENSG00000163131;ENSG00000162069;ENSG00000246705;ENSG00000182795;ENSG00000151689;ENSG00000079385;ENSG00000189221;ENSG00000165527
TRAVAGLINI_LUNG_B_CELL	0.105166051660517	0.249162645472609	0.186432558434075	0.385556766459702	1.25256249861166	149	ENSG00000119866;ENSG00000081189;ENSG00000144645;ENSG00000073849;ENSG00000175895;ENSG00000136490;ENSG00000183049;ENSG00000196072;ENSG00000161405;ENSG00000106537;ENSG00000023445;ENSG00000112679;ENSG00000092820;ENSG00000112182;ENSG00000133789;ENSG00000145416;ENSG00000235750;ENSG00000162894;ENSG00000114446;ENSG00000147905;ENSG00000110987;ENSG00000164649;ENSG00000079950;ENSG00000168081;ENSG00000177455;ENSG00000012660;ENSG00000186265;ENSG00000272398;ENSG00000213626;ENSG00000070190;ENSG00000111666;ENSG00000116191;ENSG00000035720;ENSG00000152492;ENSG00000112799;ENSG00000083454;ENSG00000122986;ENSG00000079263;ENSG00000271856;ENSG00000121895;ENSG00000068831;ENSG00000150347;ENSG00000269404;ENSG00000005810;ENSG00000198771;ENSG00000196628;ENSG00000091972;ENSG00000145287;ENSG00000147457;ENSG00000156110;ENSG00000162511;ENSG00000042980;ENSG00000146192
FAN_OVARY_CL14_MATURE_SMOOTH_MUSCLE_CELL	0.0697674418604651	0.190162584894011	0.219250346703755	0.353230368801243	1.25218249107549	305	ENSG00000081189;ENSG00000145632;ENSG00000162704;ENSG00000155090;ENSG00000071127;ENSG00000175183;ENSG00000164116;ENSG00000131236;ENSG00000105971;ENSG00000173598;ENSG00000102024;ENSG00000182809;ENSG00000163536;ENSG00000198523;ENSG00000151468;ENSG00000136238;ENSG00000100300;ENSG00000075624;ENSG00000088986;ENSG00000169764;ENSG00000125740;ENSG00000131711;ENSG00000179820;ENSG00000198898;ENSG00000167552;ENSG00000204103;ENSG00000087074;ENSG00000102804;ENSG00000198668;ENSG00000160014;ENSG00000128245;ENSG00000129625;ENSG00000086065;ENSG00000120738;ENSG00000122545;ENSG00000148484;ENSG00000102786;ENSG00000171223;ENSG00000164949;ENSG00000153902;ENSG00000058272;ENSG00000211445;ENSG00000100243;ENSG00000065911;ENSG00000103145;ENSG00000072110;ENSG00000213626;ENSG00000169504;ENSG00000104388;ENSG00000154556;ENSG00000184489;ENSG00000104763;ENSG00000182492;ENSG00000196843;ENSG00000254999;ENSG00000241685
DESCARTES_FETAL_CEREBRUM_MICROGLIA	0.0446452698714022	0.154001480783469	0.321775918075361	0.342653889246291	1.25176956024934	451	ENSG00000019991;ENSG00000118985;ENSG00000179388;ENSG00000183484;ENSG00000114450;ENSG00000073331;ENSG00000147202;ENSG00000270800;ENSG00000075884;ENSG00000102879;ENSG00000236963;ENSG00000122877;ENSG00000090530;ENSG00000115165;ENSG00000099308;ENSG00000137265;ENSG00000123685;ENSG00000165983;ENSG00000148288;ENSG00000074706;ENSG00000204136;ENSG00000084070;ENSG00000137752;ENSG00000105889;ENSG00000176597;ENSG00000216863;ENSG00000152595;ENSG00000136689;ENSG00000111231;ENSG00000130300;ENSG00000182578;ENSG00000132274;ENSG00000073737;ENSG00000106066;ENSG00000100600;ENSG00000131981;ENSG00000171631;ENSG00000155629;ENSG00000163823;ENSG00000177575;ENSG00000162645;ENSG00000163694;ENSG00000132170;ENSG00000239998;ENSG00000166928;ENSG00000124813;ENSG00000224689;ENSG00000164733;ENSG00000144909;ENSG00000245848;ENSG00000218996;ENSG00000184922;ENSG00000235568;ENSG00000112799;ENSG00000103313;ENSG00000186431;ENSG00000079263;ENSG00000198019;ENSG00000133800;ENSG00000196639;ENSG00000121895;ENSG00000154237;ENSG00000255274;ENSG00000155465;ENSG00000161955;ENSG00000159189;ENSG00000120337;ENSG00000090013;ENSG00000214855;ENSG00000151062;ENSG00000171659;ENSG00000228013;ENSG00000138135;ENSG00000174125;ENSG00000263606;ENSG00000196664;ENSG00000181631;ENSG00000100055;ENSG00000136286;ENSG00000155307;ENSG00000239961;ENSG00000167613;ENSG00000205784;ENSG00000112276;ENSG00000139832;ENSG00000105246;ENSG00000129226;ENSG00000178404;ENSG00000139572;ENSG00000135077;ENSG00000248905;ENSG00000140548;ENSG00000077935;ENSG00000185862;ENSG00000162542;ENSG00000186517;ENSG00000150337;ENSG00000172399;ENSG00000042980;ENSG00000090104;ENSG00000146192;ENSG00000161643;ENSG00000173372;ENSG00000018280;ENSG00000134516;ENSG00000176533;ENSG00000166927;ENSG00000169413;ENSG00000105366;ENSG00000120280;ENSG00000110876;ENSG00000188886;ENSG00000176659;ENSG00000180596;ENSG00000197646;ENSG00000271605;ENSG00000118785;ENSG00000155659;ENSG00000165168;ENSG00000203808;ENSG00000197249;ENSG00000240498;ENSG00000151117;ENSG00000231721;ENSG00000160255;ENSG00000140030;ENSG00000096996;ENSG00000139278;ENSG00000122122;ENSG00000121933;ENSG00000268500;ENSG00000169508;ENSG00000077420;ENSG00000134061;ENSG00000216490;ENSG00000152315;ENSG00000197405;ENSG00000254415;ENSG00000131724;ENSG00000187554;ENSG00000116701;ENSG00000170677;ENSG00000106952;ENSG00000066336;ENSG00000154589;ENSG00000131042;ENSG00000170909;ENSG00000233038;ENSG00000198223;ENSG00000114013;ENSG00000153029;ENSG00000142347;ENSG00000141968;ENSG00000131238;ENSG00000156127;ENSG00000142583;ENSG00000213373;ENSG00000163106;ENSG00000163563;ENSG00000090382;ENSG00000004799;ENSG00000244682;ENSG00000179331;ENSG00000161640;ENSG00000175489;ENSG00000230155;ENSG00000110079;ENSG00000163131;ENSG00000112818;ENSG00000104894;ENSG00000105383;ENSG00000169313;ENSG00000197548;ENSG00000273409;ENSG00000005844;ENSG00000179593;ENSG00000167664;ENSG00000186818;ENSG00000158517;ENSG00000261210;ENSG00000114487;ENSG00000197629;ENSG00000011600;ENSG00000161921;ENSG00000014257;ENSG00000136235;ENSG00000142512;ENSG00000237781;ENSG00000231131;ENSG00000119535;ENSG00000141655;ENSG00000186583;ENSG00000184060;ENSG00000174370;ENSG00000152213;ENSG00000142185;ENSG00000184988;ENSG00000182162;ENSG00000180353;ENSG00000086730;ENSG00000166278;ENSG00000203747;ENSG00000178199;ENSG00000198286;ENSG00000204472;ENSG00000187534;ENSG00000080007
GAUTAM_EYE_IRIS_CILIARY_BODY_MONOCYTES	0.117117117117117	0.263299796146511	0.173747838999571	0.391328966983349	1.25061282489985	124	ENSG00000146386;ENSG00000048052;ENSG00000114450;ENSG00000188641;ENSG00000188042;ENSG00000139233;ENSG00000137801;ENSG00000111252;ENSG00000136490;ENSG00000131236;ENSG00000169136;ENSG00000052795;ENSG00000187840;ENSG00000015475;ENSG00000109321;ENSG00000069329;ENSG00000138413;ENSG00000166068;ENSG00000130775;ENSG00000142669;ENSG00000144848;ENSG00000196843;ENSG00000245848;ENSG00000115977;ENSG00000115919;ENSG00000155465;ENSG00000174125;ENSG00000054282;ENSG00000139832;ENSG00000105246;ENSG00000232956;ENSG00000123338;ENSG00000184260;ENSG00000186517;ENSG00000145287;ENSG00000175567;ENSG00000134516
DESCARTES_MAIN_FETAL_ANTIGEN_PRESENTING_CELLS	0.130909090909091	0.277968690339824	0.16440575583821	0.396648813952385	1.24746623793633	115	ENSG00000111186;ENSG00000183484;ENSG00000186283;ENSG00000178074;ENSG00000181026;ENSG00000104714;ENSG00000213047;ENSG00000196189;ENSG00000171861;ENSG00000176177;ENSG00000254759;ENSG00000013374;ENSG00000186265;ENSG00000178385;ENSG00000123009;ENSG00000138744;ENSG00000144848;ENSG00000133106;ENSG00000089094;ENSG00000234332;ENSG00000260101;ENSG00000104951;ENSG00000123609;ENSG00000165568;ENSG00000154978;ENSG00000158714;ENSG00000255624;ENSG00000166128;ENSG00000215695;ENSG00000178175;ENSG00000138755;ENSG00000174500;ENSG00000103043;ENSG00000177173
LAKE_ADULT_KIDNEY_C11_THIN_ASCENDING_LIMB	0.105646630236794	0.249342238413277	0.184706471207739	0.376107837724379	1.24693416614569	166	ENSG00000113645;ENSG00000151090;ENSG00000170921;ENSG00000149256;ENSG00000163947;ENSG00000010818;ENSG00000074416;ENSG00000114861;ENSG00000171132;ENSG00000198929;ENSG00000177133;ENSG00000052795;ENSG00000154217;ENSG00000116679;ENSG00000185658;ENSG00000145687;ENSG00000084676;ENSG00000070882;ENSG00000101040;ENSG00000157483;ENSG00000112096;ENSG00000118473;ENSG00000066933;ENSG00000163638;ENSG00000062716;ENSG00000124831;ENSG00000176907;ENSG00000163694;ENSG00000164171;ENSG00000075151;ENSG00000182621;ENSG00000183354;ENSG00000122870;ENSG00000130449;ENSG00000156639;ENSG00000157107;ENSG00000157445;ENSG00000139083;ENSG00000158089;ENSG00000118596;ENSG00000163491;ENSG00000159216;ENSG00000054282;ENSG00000151240;ENSG00000038382;ENSG00000069020;ENSG00000156110;ENSG00000073711;ENSG00000140396;ENSG00000145743
DESCARTES_FETAL_LUNG_SQUAMOUS_EPITHELIAL_CELLS	0.11070780399274	0.253909158600149	0.179782316298324	0.37593741073363	1.24542833526691	165	ENSG00000026559;ENSG00000121769;ENSG00000104611;ENSG00000116954;ENSG00000140519;ENSG00000162783;ENSG00000133985;ENSG00000185567;ENSG00000259153;ENSG00000163216;ENSG00000187054;ENSG00000184292;ENSG00000121900;ENSG00000143845;ENSG00000173812;ENSG00000136943;ENSG00000136689;ENSG00000148344;ENSG00000175793;ENSG00000131931;ENSG00000147883;ENSG00000131981;ENSG00000117525;ENSG00000143217;ENSG00000140961;ENSG00000138311;ENSG00000019102;ENSG00000133641;ENSG00000128383;ENSG00000224689;ENSG00000153802;ENSG00000267475;ENSG00000167996;ENSG00000101928
CUI_DEVELOPING_HEART_C7_MAST_CELL	0.107468123861566	0.251417769376182	0.183023938384487	0.38387150653204	1.2440189008539	145	ENSG00000146386;ENSG00000182240;ENSG00000075884;ENSG00000131236;ENSG00000100351;ENSG00000125505;ENSG00000128342;ENSG00000100664;ENSG00000135426;ENSG00000010404;ENSG00000116741;ENSG00000125740;ENSG00000086061;ENSG00000087074;ENSG00000067064;ENSG00000120694;ENSG00000128294;ENSG00000068366;ENSG00000115602;ENSG00000012660;ENSG00000062716;ENSG00000149534;ENSG00000089327;ENSG00000263961;ENSG00000142669;ENSG00000197253;ENSG00000137575;ENSG00000059804;ENSG00000120742;ENSG00000121858;ENSG00000095794;ENSG00000130303;ENSG00000143119;ENSG00000132965;ENSG00000002587;ENSG00000158869;ENSG00000095303;ENSG00000155307;ENSG00000167613;ENSG00000162511;ENSG00000197019;ENSG00000090104;ENSG00000146376;ENSG00000111348;ENSG00000100219;ENSG00000132792;ENSG00000128016;ENSG00000140030;ENSG00000115956
AIZARANI_LIVER_C32_MVECS_3	0.120720720720721	0.268461963768823	0.170932335370056	0.388111161410832	1.24032933132653	124	ENSG00000186642;ENSG00000110841;ENSG00000104419;ENSG00000088832;ENSG00000124212;ENSG00000140105;ENSG00000122679;ENSG00000101040;ENSG00000112414;ENSG00000102804;ENSG00000092964;ENSG00000115306;ENSG00000150938;ENSG00000150687;ENSG00000134107;ENSG00000072110;ENSG00000104967;ENSG00000007908;ENSG00000127528;ENSG00000034510;ENSG00000164867;ENSG00000162654;ENSG00000121858;ENSG00000130303;ENSG00000142192;ENSG00000261371;ENSG00000061273;ENSG00000150625;ENSG00000168807;ENSG00000070404;ENSG00000095303;ENSG00000100342;ENSG00000133574;ENSG00000148841;ENSG00000122644;ENSG00000137834;ENSG00000138755;ENSG00000118515;ENSG00000018408;ENSG00000106991;ENSG00000144655;ENSG00000198959;ENSG00000115594
LAKE_ADULT_KIDNEY_C18_COLLECTING_DUCT_PRINCIPAL_CELLS_MEDULLA	0.0657894736842105	0.185900531144375	0.224966093540314	0.348832786264746	1.23899617794173	315	ENSG00000073849;ENSG00000163466;ENSG00000164924;ENSG00000138758;ENSG00000104419;ENSG00000163629;ENSG00000142864;ENSG00000116679;ENSG00000146731;ENSG00000136603;ENSG00000009307;ENSG00000109332;ENSG00000119888;ENSG00000166913;ENSG00000198668;ENSG00000110958;ENSG00000260032;ENSG00000115306;ENSG00000129625;ENSG00000184292;ENSG00000133318;ENSG00000125944;ENSG00000173812;ENSG00000104267;ENSG00000156976;ENSG00000122545;ENSG00000112096;ENSG00000101443;ENSG00000068366;ENSG00000117592;ENSG00000134333;ENSG00000214128;ENSG00000118680;ENSG00000198846;ENSG00000139112;ENSG00000139318;ENSG00000133872;ENSG00000087086;ENSG00000272398;ENSG00000115310;ENSG00000143153;ENSG00000113282;ENSG00000034510;ENSG00000133313;ENSG00000104763;ENSG00000170190;ENSG00000143870;ENSG00000140988;ENSG00000168028;ENSG00000095794;ENSG00000069275;ENSG00000167996;ENSG00000079246;ENSG00000138071;ENSG00000096384;ENSG00000255302;ENSG00000090060;ENSG00000106617;ENSG00000146038;ENSG00000113013;ENSG00000233276;ENSG00000108946;ENSG00000170759;ENSG00000071082;ENSG00000205542;ENSG00000184009;ENSG00000143761;ENSG00000231500;ENSG00000070756;ENSG00000144713;ENSG00000133026;ENSG00000106052;ENSG00000008952;ENSG00000065978;ENSG00000169499;ENSG00000153201;ENSG00000135916;ENSG00000111716;ENSG00000128641;ENSG00000196262;ENSG00000166598;ENSG00000143774;ENSG00000197756;ENSG00000167004;ENSG00000169567;ENSG00000197958;ENSG00000085276;ENSG00000111142;ENSG00000140575;ENSG00000221983;ENSG00000196504;ENSG00000229117;ENSG00000008988;ENSG00000134202;ENSG00000143198;ENSG00000179163;ENSG00000154822;ENSG00000074696;ENSG00000112081;ENSG00000116209;ENSG00000089220;ENSG00000004799;ENSG00000133112;ENSG00000182718;ENSG00000102144;ENSG00000117472;ENSG00000167658;ENSG00000164292;ENSG00000174748;ENSG00000084207
TRAVAGLINI_LUNG_ALVEOLAR_EPITHELIAL_TYPE_1_CELL	0.0577557755775578	0.177887788778878	0.241339976815091	0.344112165331333	1.23758524335756	378	ENSG00000136153;ENSG00000183287;ENSG00000118407;ENSG00000225383;ENSG00000111859;ENSG00000170340;ENSG00000162704;ENSG00000164086;ENSG00000163251;ENSG00000110841;ENSG00000074416;ENSG00000035862;ENSG00000196396;ENSG00000170381;ENSG00000104611;ENSG00000203485;ENSG00000105971;ENSG00000162878;ENSG00000164300;ENSG00000164715;ENSG00000116005;ENSG00000102024;ENSG00000154764;ENSG00000090530;ENSG00000182809;ENSG00000054277;ENSG00000221926;ENSG00000106537;ENSG00000075624;ENSG00000106688;ENSG00000078018;ENSG00000049759;ENSG00000111412;ENSG00000150991;ENSG00000179820;ENSG00000043591;ENSG00000144824;ENSG00000087074;ENSG00000013588;ENSG00000119888;ENSG00000112232;ENSG00000092964;ENSG00000110080;ENSG00000133401;ENSG00000067082;ENSG00000128245;ENSG00000064042;ENSG00000115306;ENSG00000048740;ENSG00000184292;ENSG00000189223;ENSG00000196428;ENSG00000176771;ENSG00000175793;ENSG00000072682;ENSG00000073756;ENSG00000188157;ENSG00000075391;ENSG00000117069;ENSG00000105339;ENSG00000111799;ENSG00000147883;ENSG00000138594;ENSG00000118680;ENSG00000131981;ENSG00000154175;ENSG00000012660;ENSG00000073712;ENSG00000140961;ENSG00000103145;ENSG00000115419;ENSG00000019102;ENSG00000127528;ENSG00000070614;ENSG00000164741;ENSG00000026103;ENSG00000137575;ENSG00000059804;ENSG00000112715
GAO_LARGE_INTESTINE_ADULT_CA_ENTEROENDOCRINE_CELLS	0.0778145695364238	0.208407716671466	0.206587922696891	0.348675849685086	1.23410214731601	295	ENSG00000186642;ENSG00000233705;ENSG00000099260;ENSG00000116141;ENSG00000048052;ENSG00000060709;ENSG00000139220;ENSG00000109956;ENSG00000129990;ENSG00000188760;ENSG00000186369;ENSG00000069188;ENSG00000066735;ENSG00000168772;ENSG00000174871;ENSG00000178796;ENSG00000106089;ENSG00000137285;ENSG00000114405;ENSG00000100344;ENSG00000198576;ENSG00000153253;ENSG00000004399;ENSG00000147100;ENSG00000133116;ENSG00000078018;ENSG00000186469;ENSG00000171450;ENSG00000101746;ENSG00000188766;ENSG00000151952;ENSG00000131711;ENSG00000167552;ENSG00000145362;ENSG00000104435;ENSG00000166173;ENSG00000155816;ENSG00000117477;ENSG00000104490;ENSG00000254254;ENSG00000128266;ENSG00000160716;ENSG00000127585;ENSG00000197859;ENSG00000124243;ENSG00000176771;ENSG00000139211;ENSG00000105290;ENSG00000169862;ENSG00000153814;ENSG00000117152;ENSG00000141668;ENSG00000087258;ENSG00000131831;ENSG00000137261;ENSG00000054356;ENSG00000164742;ENSG00000187513;ENSG00000174721;ENSG00000133169;ENSG00000169258;ENSG00000099250;ENSG00000105278;ENSG00000067715;ENSG00000171951;ENSG00000162595;ENSG00000172379;ENSG00000163040;ENSG00000277586;ENSG00000176170;ENSG00000164638;ENSG00000144583;ENSG00000286190;ENSG00000197714;ENSG00000169507;ENSG00000167332;ENSG00000164128;ENSG00000152217
DESCARTES_MAIN_FETAL_CARDIOMYOCYTES	0.201138519924099	0.365490643873878	0.132846300606183	0.479315475621753	1.23198369383404	32	ENSG00000168135;ENSG00000118407;ENSG00000134775;ENSG00000183023;ENSG00000141052;ENSG00000114279;ENSG00000138622;ENSG00000254453;ENSG00000154556
GAUTAM_EYE_IRIS_CILIARY_BODY_MGP_HIGH_FIBROBLASTS	0.15625	0.310483870967742	0.150169802128406	0.407576529802137	1.23141372496062	84	ENSG00000253276;ENSG00000077063;ENSG00000118985;ENSG00000184007;ENSG00000153823;ENSG00000154217;ENSG00000116649;ENSG00000169764;ENSG00000159128;ENSG00000090006;ENSG00000166173;ENSG00000166913;ENSG00000102804;ENSG00000115306;ENSG00000175606;ENSG00000164949;ENSG00000151632;ENSG00000114850;ENSG00000187134;ENSG00000065911;ENSG00000112699;ENSG00000154582
TRAVAGLINI_LUNG_NATURAL_KILLER_CELL	0.124555160142349	0.275003507697802	0.166933848713193	0.383648396425346	1.23040243677896	126	ENSG00000163466;ENSG00000021762;ENSG00000188042;ENSG00000100027;ENSG00000158050;ENSG00000100030;ENSG00000166974;ENSG00000186469;ENSG00000007264;ENSG00000074966;ENSG00000198668;ENSG00000104490;ENSG00000128294;ENSG00000109321;ENSG00000027869;ENSG00000181036;ENSG00000150687;ENSG00000145990;ENSG00000116667;ENSG00000036448;ENSG00000167851;ENSG00000137441;ENSG00000150867;ENSG00000073861;ENSG00000181104;ENSG00000078304;ENSG00000175040;ENSG00000134954;ENSG00000115738;ENSG00000057657;ENSG00000027075;ENSG00000135077;ENSG00000145287;ENSG00000110876;ENSG00000164674;ENSG00000134996;ENSG00000160255;ENSG00000140030
LAKE_ADULT_KIDNEY_C26_MESANGIAL_CELLS	0.110108303249097	0.253909158600149	0.179782316298324	0.369914784492356	1.23008501610984	173	ENSG00000081189;ENSG00000160145;ENSG00000136153;ENSG00000118985;ENSG00000188641;ENSG00000169554;ENSG00000134138;ENSG00000204217;ENSG00000115896;ENSG00000117020;ENSG00000109756;ENSG00000145687;ENSG00000173166;ENSG00000133687;ENSG00000125740;ENSG00000100154;ENSG00000084676;ENSG00000150991;ENSG00000136237;ENSG00000185737;ENSG00000102804;ENSG00000079819;ENSG00000101745;ENSG00000120694;ENSG00000157483;ENSG00000115306;ENSG00000120738;ENSG00000184838;ENSG00000122545;ENSG00000150938;ENSG00000075391;ENSG00000058272;ENSG00000111799;ENSG00000211445
BUSSLINGER_DUODENAL_DIFFERENTIATING_STEM_CELLS	0.0834724540901503	0.218804390295883	0.199915231309662	0.346817436223398	1.22654038927311	301	ENSG00000116299;ENSG00000164924;ENSG00000117632;ENSG00000150753;ENSG00000165732;ENSG00000142864;ENSG00000196230;ENSG00000146731;ENSG00000149547;ENSG00000101444;ENSG00000163931;ENSG00000114942;ENSG00000137309;ENSG00000118971;ENSG00000102554;ENSG00000119888;ENSG00000166913;ENSG00000110958;ENSG00000123416;ENSG00000115053;ENSG00000120738;ENSG00000125944;ENSG00000109971;ENSG00000146701;ENSG00000234741;ENSG00000163597;ENSG00000108561;ENSG00000166226;ENSG00000134107;ENSG00000132341;ENSG00000197451;ENSG00000034510;ENSG00000172809;ENSG00000168653;ENSG00000140988;ENSG00000107581;ENSG00000188959;ENSG00000158417;ENSG00000069275;ENSG00000079246;ENSG00000133216;ENSG00000115541;ENSG00000142192;ENSG00000096384;ENSG00000108179;ENSG00000100714;ENSG00000134308;ENSG00000071082;ENSG00000184009;ENSG00000119335;ENSG00000231500;ENSG00000070756;ENSG00000213585;ENSG00000144713;ENSG00000065978;ENSG00000131771;ENSG00000198918;ENSG00000169021;ENSG00000196262;ENSG00000166598;ENSG00000197756;ENSG00000169976;ENSG00000161970;ENSG00000130204;ENSG00000111275;ENSG00000144354;ENSG00000108424;ENSG00000169567;ENSG00000197958;ENSG00000072274;ENSG00000131142;ENSG00000172115;ENSG00000130255;ENSG00000175538;ENSG00000055044;ENSG00000229117;ENSG00000008988;ENSG00000131469;ENSG00000128050;ENSG00000139684;ENSG00000112081;ENSG00000138796;ENSG00000130741;ENSG00000182054;ENSG00000092199;ENSG00000182718;ENSG00000167658;ENSG00000174748;ENSG00000084207;ENSG00000077147;ENSG00000106541;ENSG00000119705;ENSG00000004779;ENSG00000189221;ENSG00000139343;ENSG00000162244;ENSG00000125144;ENSG00000189403;ENSG00000177410;ENSG00000136942;ENSG00000164587;ENSG00000153187;ENSG00000127022;ENSG00000174444;ENSG00000165672;ENSG00000159166;ENSG00000105202;ENSG00000159199;ENSG00000253729;ENSG00000178741;ENSG00000167617;ENSG00000116459;ENSG00000105640;ENSG00000177600
LAKE_ADULT_KIDNEY_C29_UNKNOWN_NOVEL_PT_CFH_POS_SUBPOPULATION_S2	0.15625	0.310483870967742	0.150169802128406	0.405760251602417	1.22592619135664	84	ENSG00000151090;ENSG00000144645;ENSG00000077063;ENSG00000111859;ENSG00000188641;ENSG00000187391;ENSG00000117020;ENSG00000154655;ENSG00000104059;ENSG00000100154;ENSG00000261115;ENSG00000185737;ENSG00000162687;ENSG00000067082;ENSG00000078328;ENSG00000150938;ENSG00000150672;ENSG00000066933;ENSG00000172264;ENSG00000186094;ENSG00000263961;ENSG00000218336;ENSG00000122870;ENSG00000171791
ZHONG_PFC_C9_ORG_OTHER	0.162062615101289	0.315755523302693	0.147331213699377	0.405225118082183	1.22411869293904	83	ENSG00000139364;ENSG00000079931;ENSG00000155093;ENSG00000147383;ENSG00000158710;ENSG00000137267;ENSG00000100300;ENSG00000189238;ENSG00000065154;ENSG00000109929;ENSG00000211445;ENSG00000131981;ENSG00000007350;ENSG00000164687;ENSG00000117525;ENSG00000176907
DESCARTES_MAIN_FETAL_MEGAKARYOCYTES	0.121478873239437	0.269176208329111	0.16823816568964	0.36264191280308	1.22356472562758	185	ENSG00000181467;ENSG00000237505;ENSG00000154146;ENSG00000068796;ENSG00000135605;ENSG00000259207;ENSG00000005249;ENSG00000125898;ENSG00000137801;ENSG00000049323;ENSG00000197063;ENSG00000185340;ENSG00000185614;ENSG00000147650;ENSG00000017260;ENSG00000018699;ENSG00000128294;ENSG00000141873;ENSG00000148484;ENSG00000145990;ENSG00000006638;ENSG00000255552;ENSG00000197122;ENSG00000125257;ENSG00000129355;ENSG00000072110;ENSG00000250641;ENSG00000198924;ENSG00000205309;ENSG00000197253;ENSG00000059804;ENSG00000122643;ENSG00000169756;ENSG00000243193;ENSG00000160551;ENSG00000068831;ENSG00000169224;ENSG00000147206;ENSG00000233276;ENSG00000041353;ENSG00000095303;ENSG00000167800;ENSG00000135709;ENSG00000105329;ENSG00000160190;ENSG00000149781;ENSG00000148426
LAKE_ADULT_KIDNEY_C27_VASCULAR_SMOOTH_MUSCLE_CELLS_AND_PERICYTES	0.138121546961326	0.288416518400599	0.160801401070022	0.372349961567508	1.21914961124587	154	ENSG00000081189;ENSG00000160145;ENSG00000134138;ENSG00000183023;ENSG00000204217;ENSG00000134532;ENSG00000115896;ENSG00000117020;ENSG00000185630;ENSG00000109756;ENSG00000145687;ENSG00000166233;ENSG00000133687;ENSG00000125740;ENSG00000100154;ENSG00000150991;ENSG00000165966;ENSG00000120694;ENSG00000140945;ENSG00000120738;ENSG00000157540;ENSG00000150938;ENSG00000171223;ENSG00000075391;ENSG00000058272;ENSG00000211445;ENSG00000150672
FAN_EMBRYONIC_CTX_BRAIN_EFFECTOR_T_CELL	0.147747747747748	0.302367483762833	0.153158808683073	0.380215888799553	1.21509754421948	124	ENSG00000204397;ENSG00000215845;ENSG00000163947;ENSG00000158985;ENSG00000136490;ENSG00000102879;ENSG00000115165;ENSG00000143184;ENSG00000158050;ENSG00000142875;ENSG00000160932;ENSG00000074966;ENSG00000136950;ENSG00000027869
ZHONG_PFC_C4_UNKNOWN_INP	0.161654135338346	0.315755523302693	0.149207542435322	0.397711684515657	1.21125576722722	89	ENSG00000175906;ENSG00000134758;ENSG00000163938;ENSG00000134001;ENSG00000116641;ENSG00000181965;ENSG00000213047;ENSG00000053372;ENSG00000089639;ENSG00000144824;ENSG00000184613;ENSG00000124383;ENSG00000131966;ENSG00000145247;ENSG00000139352;ENSG00000065911;ENSG00000226950;ENSG00000171311;ENSG00000144848
CUI_DEVELOPING_HEART_C2_CARDIOMYOCYTE	0.162264150943396	0.315755523302693	0.149207542435322	0.398462957376086	1.20924596498692	88	ENSG00000077522;ENSG00000112183;ENSG00000121769;ENSG00000183023;ENSG00000115641;ENSG00000185437;ENSG00000115593;ENSG00000198336;ENSG00000182809;ENSG00000175206;ENSG00000198523;ENSG00000169271;ENSG00000141161;ENSG00000114279;ENSG00000114784;ENSG00000119938
MANNO_MIDBRAIN_NEUROTYPES_BASAL	0.167587476979742	0.321600890403493	0.144630528034484	0.403647214122848	1.20888951882805	79	ENSG00000082153;ENSG00000113387;ENSG00000142864;ENSG00000075624;ENSG00000088986;ENSG00000102804;ENSG00000123416;ENSG00000109971;ENSG00000156976;ENSG00000172809;ENSG00000254999;ENSG00000071082;ENSG00000184009;ENSG00000172757;ENSG00000253506;ENSG00000229117;ENSG00000150459;ENSG00000128272;ENSG00000265241;ENSG00000167658;ENSG00000169564;ENSG00000174748
DESCARTES_FETAL_MUSCLE_SCHWANN_CELLS	0.163003663003663	0.315755523302693	0.14641623786055	0.38433302265852	1.20578085467627	110	ENSG00000185668;ENSG00000139364;ENSG00000145242;ENSG00000156475;ENSG00000163873;ENSG00000079931;ENSG00000109956;ENSG00000224592;ENSG00000134121;ENSG00000108018;ENSG00000162951;ENSG00000134343;ENSG00000126500;ENSG00000176204;ENSG00000261115;ENSG00000175497;ENSG00000171877;ENSG00000155816;ENSG00000115290;ENSG00000140015;ENSG00000206579;ENSG00000272841;ENSG00000183715
AIZARANI_LIVER_C12_NK_NKT_CELLS_4	0.204419889502762	0.368194888695034	0.129442887745046	0.43914417511388	1.20035394717442	43	ENSG00000161405;ENSG00000158050;ENSG00000086061;ENSG00000140403;ENSG00000074966;ENSG00000120694;ENSG00000109971;ENSG00000081237;ENSG00000116161;ENSG00000132965
GAUTAM_EYE_IRIS_CILIARY_BODY_PUTATIVE_STEM_CELLS	0.111666666666667	0.253909158600149	0.170932335370056	0.339762561495534	1.19920847939029	287	ENSG00000163527;ENSG00000159842;ENSG00000171992;ENSG00000140743;ENSG00000138443;ENSG00000158560;ENSG00000183828;ENSG00000163171;ENSG00000168772;ENSG00000173598;ENSG00000116212;ENSG00000090975;ENSG00000154639;ENSG00000107130;ENSG00000156603;ENSG00000075213;ENSG00000113361;ENSG00000088986;ENSG00000079156;ENSG00000134717;ENSG00000124772;ENSG00000061676;ENSG00000110880;ENSG00000115685;ENSG00000241158;ENSG00000101040;ENSG00000147010;ENSG00000106615;ENSG00000154529;ENSG00000119888;ENSG00000171914;ENSG00000136950;ENSG00000090621;ENSG00000197555;ENSG00000152402;ENSG00000159461;ENSG00000129625;ENSG00000155506;ENSG00000084073;ENSG00000117143;ENSG00000117592;ENSG00000174804;ENSG00000100600;ENSG00000116667;ENSG00000036672;ENSG00000139318;ENSG00000167772;ENSG00000072110;ENSG00000171631;ENSG00000076356;ENSG00000133872;ENSG00000124831;ENSG00000134375;ENSG00000119383;ENSG00000131507;ENSG00000163694;ENSG00000143870;ENSG00000111666;ENSG00000125304;ENSG00000106609;ENSG00000111897;ENSG00000071537;ENSG00000147654;ENSG00000116260;ENSG00000158828;ENSG00000101363;ENSG00000078304;ENSG00000068885
LAKE_ADULT_KIDNEY_C25_ENDOTHELIAL_CELLS_UNASSIGNED	0.216165413533835	0.382637628554144	0.126875729929857	0.456296879793138	1.19739806665824	37	ENSG00000160145;ENSG00000169744;ENSG00000153317;ENSG00000110841;ENSG00000114861;ENSG00000075213;ENSG00000088387;ENSG00000185305
BUSSLINGER_GASTRIC_LYZ_POSITIVE_CELLS	0.178107606679035	0.338624338624339	0.140406238523342	0.382712546874839	1.19457067719431	103	ENSG00000116299;ENSG00000162878;ENSG00000157613;ENSG00000114942;ENSG00000120738;ENSG00000272398;ENSG00000140988;ENSG00000188706;ENSG00000071082;ENSG00000231500;ENSG00000070756;ENSG00000144713;ENSG00000170345;ENSG00000131771;ENSG00000198918;ENSG00000075420;ENSG00000197756;ENSG00000161970;ENSG00000144354;ENSG00000197958;ENSG00000130255;ENSG00000229117;ENSG00000008988;ENSG00000090382;ENSG00000133112;ENSG00000123358;ENSG00000167658;ENSG00000174748;ENSG00000077147;ENSG00000106541;ENSG00000135821;ENSG00000162244
TRAVAGLINI_LUNG_CD8_MEMORY_EFFECTOR_T_CELL	0.231638418079096	0.403077021290178	0.122107920287081	0.485016386648941	1.19370163490377	25	ENSG00000158985;ENSG00000161405;ENSG00000158050;ENSG00000165929;ENSG00000150867;ENSG00000071082;ENSG00000057657;ENSG00000153563
ZHONG_PFC_MAJOR_TYPES_MICROGLIA	0.0744849445324881	0.200361248174728	0.206587922696891	0.327050425754134	1.19345573039768	436	ENSG00000136404;ENSG00000179388;ENSG00000114450;ENSG00000035862;ENSG00000101220;ENSG00000007944;ENSG00000117280;ENSG00000111252;ENSG00000131236;ENSG00000102879;ENSG00000122877;ENSG00000090530;ENSG00000099308;ENSG00000116741;ENSG00000125740;ENSG00000074706;ENSG00000204136;ENSG00000110324;ENSG00000133789;ENSG00000084070;ENSG00000067082;ENSG00000137752;ENSG00000120738;ENSG00000176597;ENSG00000137161;ENSG00000171223;ENSG00000111231;ENSG00000130300;ENSG00000114353;ENSG00000182578;ENSG00000126882;ENSG00000166068;ENSG00000073737;ENSG00000106066;ENSG00000100600;ENSG00000118308;ENSG00000153234;ENSG00000062716;ENSG00000087086;ENSG00000146112;ENSG00000163823;ENSG00000127528;ENSG00000103066;ENSG00000105223;ENSG00000171051;ENSG00000167851;ENSG00000104763;ENSG00000081237;ENSG00000141429;ENSG00000164733;ENSG00000245848;ENSG00000174021;ENSG00000112799;ENSG00000122986;ENSG00000169756;ENSG00000198019;ENSG00000130303;ENSG00000138071;ENSG00000143119;ENSG00000260314;ENSG00000132965;ENSG00000173418;ENSG00000155465;ENSG00000159189;ENSG00000103449;ENSG00000090013;ENSG00000171659;ENSG00000138135;ENSG00000100311;ENSG00000137841;ENSG00000233276;ENSG00000137491;ENSG00000173369;ENSG00000158869;ENSG00000159216;ENSG00000095303;ENSG00000196664;ENSG00000028137;ENSG00000181631;ENSG00000100055;ENSG00000254087;ENSG00000273749;ENSG00000155307;ENSG00000140749;ENSG00000167613;ENSG00000137331;ENSG00000129226;ENSG00000198771;ENSG00000126264;ENSG00000135077;ENSG00000123338;ENSG00000170345;ENSG00000162511;ENSG00000184574;ENSG00000282608;ENSG00000171860;ENSG00000150337;ENSG00000143878;ENSG00000042980;ENSG00000090104;ENSG00000146192;ENSG00000133574;ENSG00000172889;ENSG00000175567;ENSG00000173372;ENSG00000135916;ENSG00000134516;ENSG00000176533;ENSG00000166927;ENSG00000169413;ENSG00000082074;ENSG00000105366;ENSG00000110876;ENSG00000163565;ENSG00000111348;ENSG00000100219;ENSG00000132334;ENSG00000271605;ENSG00000118785;ENSG00000155659;ENSG00000165168;ENSG00000099860;ENSG00000134996;ENSG00000171700;ENSG00000197249;ENSG00000173391;ENSG00000128016;ENSG00000277632;ENSG00000005893;ENSG00000197448;ENSG00000118515;ENSG00000160255;ENSG00000115956;ENSG00000139278;ENSG00000122122;ENSG00000121933;ENSG00000169508;ENSG00000129667;ENSG00000077420;ENSG00000216490;ENSG00000100997;ENSG00000197405;ENSG00000167994;ENSG00000131724;ENSG00000130429;ENSG00000144893;ENSG00000170677;ENSG00000154589;ENSG00000140836;ENSG00000183160;ENSG00000110934;ENSG00000143226;ENSG00000114013;ENSG00000142347;ENSG00000066294;ENSG00000184584;ENSG00000141968;ENSG00000131238;ENSG00000026297;ENSG00000163106;ENSG00000163563;ENSG00000265531;ENSG00000010327;ENSG00000004799;ENSG00000151702;ENSG00000133112;ENSG00000123358;ENSG00000168461;ENSG00000122862;ENSG00000163131;ENSG00000104894;ENSG00000165025;ENSG00000221869;ENSG00000169313;ENSG00000166033;ENSG00000067182;ENSG00000273409;ENSG00000167664;ENSG00000186818;ENSG00000136167;ENSG00000130755;ENSG00000197629;ENSG00000011600;ENSG00000161921;ENSG00000135821;ENSG00000267519;ENSG00000142512;ENSG00000119535;ENSG00000122359;ENSG00000184060;ENSG00000137642;ENSG00000107738;ENSG00000108798;ENSG00000180353;ENSG00000086730;ENSG00000170458;ENSG00000163191;ENSG00000068305;ENSG00000166278;ENSG00000204525;ENSG00000203747;ENSG00000077549;ENSG00000135047;ENSG00000131446;ENSG00000204472;ENSG00000205352;ENSG00000160712;ENSG00000136732
LAKE_ADULT_KIDNEY_C9_THIN_ASCENDING_LIMB	0.118616144975288	0.265433447430389	0.16440575583821	0.340890147799386	1.19283291664381	265	ENSG00000138758;ENSG00000142864;ENSG00000116679;ENSG00000146731;ENSG00000136603;ENSG00000136238;ENSG00000009307;ENSG00000109332;ENSG00000145362;ENSG00000157765;ENSG00000119888;ENSG00000166913;ENSG00000198668;ENSG00000163347;ENSG00000129625;ENSG00000105976;ENSG00000115053;ENSG00000184292;ENSG00000125944;ENSG00000173812;ENSG00000156976;ENSG00000112096;ENSG00000101443;ENSG00000068366;ENSG00000117592;ENSG00000134333;ENSG00000118680;ENSG00000132341;ENSG00000062716;ENSG00000133872;ENSG00000087086;ENSG00000272398;ENSG00000176907;ENSG00000115310;ENSG00000113282;ENSG00000133313;ENSG00000170190;ENSG00000143870;ENSG00000226950;ENSG00000140988;ENSG00000168028;ENSG00000121858;ENSG00000122870;ENSG00000167996;ENSG00000079246;ENSG00000157107;ENSG00000142192;ENSG00000096384;ENSG00000255302;ENSG00000233276;ENSG00000170759;ENSG00000071082;ENSG00000184009;ENSG00000143158;ENSG00000143761;ENSG00000231500;ENSG00000070756;ENSG00000144713;ENSG00000106052;ENSG00000065978;ENSG00000111716;ENSG00000196262;ENSG00000166598;ENSG00000118785;ENSG00000197756;ENSG00000167004;ENSG00000197249;ENSG00000169567;ENSG00000044574;ENSG00000197958
DESCARTES_FETAL_PANCREAS_MYELOID_CELLS	0.14612676056338	0.301050449856329	0.152144922367565	0.351181186794481	1.19136992833052	194	ENSG00000163421;ENSG00000123685;ENSG00000169884;ENSG00000136689;ENSG00000182578;ENSG00000106066;ENSG00000100600;ENSG00000124491;ENSG00000171631;ENSG00000163823;ENSG00000177575;ENSG00000171051;ENSG00000142405;ENSG00000166928;ENSG00000085265;ENSG00000235568;ENSG00000162711;ENSG00000103313;ENSG00000186431;ENSG00000196639;ENSG00000158473;ENSG00000115919;ENSG00000255274;ENSG00000159189;ENSG00000171659;ENSG00000196209;ENSG00000173369;ENSG00000158869;ENSG00000181631;ENSG00000187116;ENSG00000103569;ENSG00000239961;ENSG00000140749;ENSG00000167850;ENSG00000129226;ENSG00000248323;ENSG00000088827;ENSG00000248905;ENSG00000158714;ENSG00000171860;ENSG00000150337;ENSG00000042980;ENSG00000146192;ENSG00000173372;ENSG00000131203;ENSG00000166927;ENSG00000169413;ENSG00000159339;ENSG00000120280;ENSG00000180509;ENSG00000271605;ENSG00000155659;ENSG00000165168;ENSG00000115956;ENSG00000000938;ENSG00000216490;ENSG00000152315;ENSG00000197405;ENSG00000090659;ENSG00000254415;ENSG00000116701;ENSG00000198502;ENSG00000161929;ENSG00000066336;ENSG00000131042;ENSG00000204930;ENSG00000170909;ENSG00000143226;ENSG00000198223;ENSG00000114013;ENSG00000142347;ENSG00000163106;ENSG00000163563;ENSG00000196126;ENSG00000090382;ENSG00000161640;ENSG00000175489;ENSG00000122862;ENSG00000110079;ENSG00000160791;ENSG00000105383;ENSG00000150681;ENSG00000186818;ENSG00000158517;ENSG00000197629;ENSG00000011600;ENSG00000121807;ENSG00000266473;ENSG00000106541;ENSG00000142512;ENSG00000153898;ENSG00000119535
HAY_BONE_MARROW_NK_CELLS	0.107615894039735	0.251417769376182	0.173747838999571	0.331918310139406	1.18801649940031	349	ENSG00000169744;ENSG00000111670;ENSG00000156475;ENSG00000163466;ENSG00000021762;ENSG00000188042;ENSG00000117280;ENSG00000183386;ENSG00000103005;ENSG00000082153;ENSG00000131236;ENSG00000134198;ENSG00000102879;ENSG00000153310;ENSG00000100027;ENSG00000143184;ENSG00000154217;ENSG00000103018;ENSG00000139722;ENSG00000142875;ENSG00000115091;ENSG00000185187;ENSG00000100030;ENSG00000160211;ENSG00000133398;ENSG00000164054;ENSG00000186469;ENSG00000007264;ENSG00000074966;ENSG00000171148;ENSG00000198668;ENSG00000067064;ENSG00000104490;ENSG00000136950;ENSG00000086598;ENSG00000241553;ENSG00000123240;ENSG00000128294;ENSG00000027869;ENSG00000108774;ENSG00000198843;ENSG00000122545;ENSG00000181036;ENSG00000150687;ENSG00000240204;ENSG00000145990;ENSG00000121851;ENSG00000183734;ENSG00000116663;ENSG00000118680;ENSG00000198846;ENSG00000007350;ENSG00000116667;ENSG00000146112;ENSG00000170442;ENSG00000036448;ENSG00000167851;ENSG00000141741;ENSG00000149294;ENSG00000130511;ENSG00000137441
GAUTAM_EYE_CHOROID_SCLERA_FIBROBLASTS	0.148275862068966	0.302443480246632	0.149207542435322	0.348246220595114	1.18653807447962	196	ENSG00000101134;ENSG00000182704;ENSG00000082014;ENSG00000175183;ENSG00000170027;ENSG00000163629;ENSG00000162545;ENSG00000075790;ENSG00000142657;ENSG00000025796;ENSG00000136603;ENSG00000132824;ENSG00000101236;ENSG00000088986;ENSG00000176788;ENSG00000160211;ENSG00000141404;ENSG00000086061;ENSG00000159128;ENSG00000143344;ENSG00000198961;ENSG00000043093;ENSG00000134363;ENSG00000165434;ENSG00000174437;ENSG00000235750;ENSG00000115306;ENSG00000113384;ENSG00000073756;ENSG00000151632;ENSG00000134107;ENSG00000116667
TRAVAGLINI_LUNG_NONCLASSICAL_MONOCYTE_CELL	0.151898734177215	0.30578307272276	0.151148761385484	0.353868492020514	1.18146055332337	176	ENSG00000108219;ENSG00000169554;ENSG00000182022;ENSG00000125898;ENSG00000087266;ENSG00000084733;ENSG00000140105;ENSG00000204103;ENSG00000015475;ENSG00000182287;ENSG00000145416;ENSG00000137752;ENSG00000107341;ENSG00000182578;ENSG00000106066;ENSG00000172216;ENSG00000062716;ENSG00000139318;ENSG00000087086;ENSG00000155629;ENSG00000130775;ENSG00000138744;ENSG00000167851;ENSG00000104763;ENSG00000144848;ENSG00000085265;ENSG00000121858;ENSG00000103187;ENSG00000235568;ENSG00000167996;ENSG00000102524;ENSG00000135363;ENSG00000115919;ENSG00000155465;ENSG00000261371;ENSG00000109787;ENSG00000158869;ENSG00000028137;ENSG00000181631;ENSG00000187116;ENSG00000254087;ENSG00000136286;ENSG00000184602;ENSG00000167850;ENSG00000157557;ENSG00000172936;ENSG00000152818;ENSG00000143878;ENSG00000146192;ENSG00000018280;ENSG00000166927;ENSG00000103381;ENSG00000165168;ENSG00000171700;ENSG00000197249;ENSG00000116337;ENSG00000100364;ENSG00000141574;ENSG00000000938;ENSG00000136295;ENSG00000197405;ENSG00000171105;ENSG00000116701;ENSG00000161929;ENSG00000066336
AIZARANI_LIVER_C13_LSECS_2	0.11892797319933	0.265433447430389	0.165656695205483	0.33652647316645	1.18129321908083	280	ENSG00000186642;ENSG00000169744;ENSG00000108219;ENSG00000153317;ENSG00000125266;ENSG00000118407;ENSG00000111859;ENSG00000175274;ENSG00000110841;ENSG00000035862;ENSG00000134138;ENSG00000075618;ENSG00000099864;ENSG00000117298;ENSG00000145014;ENSG00000185340;ENSG00000140105;ENSG00000004399;ENSG00000122679;ENSG00000136237;ENSG00000074590;ENSG00000064042;ENSG00000150687;ENSG00000075391;ENSG00000174804;ENSG00000100600;ENSG00000145708;ENSG00000072110;ENSG00000176907;ENSG00000104967;ENSG00000127528;ENSG00000187513;ENSG00000164741;ENSG00000099250;ENSG00000137575;ENSG00000164867;ENSG00000162654;ENSG00000136574;ENSG00000128595;ENSG00000162551;ENSG00000182566;ENSG00000133800;ENSG00000181104;ENSG00000130303;ENSG00000260314;ENSG00000142192;ENSG00000162981;ENSG00000164128;ENSG00000261371;ENSG00000061273;ENSG00000144815;ENSG00000187266;ENSG00000168807;ENSG00000142748;ENSG00000137726;ENSG00000100592;ENSG00000129946;ENSG00000196628;ENSG00000145287;ENSG00000117519;ENSG00000100342;ENSG00000172889;ENSG00000117318;ENSG00000161835;ENSG00000148841
BUSSLINGER_GASTRIC_MATURE_PIT_CELLS	0.142857142857143	0.295302013422819	0.153158808683073	0.346195866603379	1.18030956317826	201	ENSG00000182704;ENSG00000136153;ENSG00000125266;ENSG00000163466;ENSG00000164924;ENSG00000074416;ENSG00000115641;ENSG00000158710;ENSG00000157613;ENSG00000149260;ENSG00000136238;ENSG00000075624;ENSG00000174236;ENSG00000088986;ENSG00000176788;ENSG00000092820;ENSG00000171243;ENSG00000165105;ENSG00000128245;ENSG00000184292;ENSG00000121900;ENSG00000090020;ENSG00000104267;ENSG00000136689;ENSG00000176532;ENSG00000170608;ENSG00000151632;ENSG00000118680;ENSG00000131981;ENSG00000187134;ENSG00000019102;ENSG00000146072;ENSG00000127528;ENSG00000163694;ENSG00000196141;ENSG00000142669;ENSG00000112715;ENSG00000241685;ENSG00000069764;ENSG00000189159;ENSG00000046604;ENSG00000136059;ENSG00000108179;ENSG00000063245;ENSG00000109787;ENSG00000088992;ENSG00000183486;ENSG00000205542;ENSG00000104413;ENSG00000065618;ENSG00000102882;ENSG00000172757
DESCARTES_FETAL_ADRENAL_LYMPHOID_CELLS	0.181172291296625	0.341290921830951	0.135740943810425	0.363201573448863	1.1798389508396	137	ENSG00000081985;ENSG00000197705;ENSG00000115165;ENSG00000143184;ENSG00000161405;ENSG00000158050;ENSG00000137265;ENSG00000023445;ENSG00000124203;ENSG00000238121;ENSG00000007264;ENSG00000112182;ENSG00000027869;ENSG00000162894;ENSG00000172995;ENSG00000177455;ENSG00000186265;ENSG00000110448;ENSG00000172673;ENSG00000160856;ENSG00000172575;ENSG00000073861;ENSG00000083454;ENSG00000271856;ENSG00000113263;ENSG00000205045;ENSG00000136286;ENSG00000269404;ENSG00000125245;ENSG00000112486;ENSG00000145287
MENON_FETAL_KIDNEY_1_EMBRYONIC_RED_BLOOD_CELLS	0.185251798561151	0.345803357314149	0.135002033828631	0.368840620941499	1.17794985945885	125	ENSG00000117632;ENSG00000196230;ENSG00000075624;ENSG00000088986;ENSG00000114942;ENSG00000123416;ENSG00000143621;ENSG00000109971;ENSG00000132341;ENSG00000168028;ENSG00000124562;ENSG00000167996;ENSG00000115541;ENSG00000240342;ENSG00000134308;ENSG00000071082;ENSG00000106028;ENSG00000231500;ENSG00000144713;ENSG00000170345;ENSG00000065978;ENSG00000117318;ENSG00000234009;ENSG00000196262;ENSG00000125534;ENSG00000161970;ENSG00000175130;ENSG00000169813;ENSG00000198618;ENSG00000212802;ENSG00000074696;ENSG00000092199;ENSG00000133112;ENSG00000179218;ENSG00000174748;ENSG00000125743;ENSG00000288920;ENSG00000162244;ENSG00000226221;ENSG00000178464;ENSG00000230076;ENSG00000105640;ENSG00000213866;ENSG00000100632;ENSG00000108518;ENSG00000067560;ENSG00000224861;ENSG00000197061;ENSG00000186468;ENSG00000229638;ENSG00000170540;ENSG00000185201
HAY_BONE_MARROW_FOLLICULAR_B_CELL	0.187387387387387	0.348669847173931	0.134273452883202	0.366762241441343	1.17687857728325	128	ENSG00000081189;ENSG00000144645;ENSG00000171992;ENSG00000196396;ENSG00000092758;ENSG00000182240;ENSG00000161405;ENSG00000197385;ENSG00000023445;ENSG00000112679;ENSG00000124772;ENSG00000092820;ENSG00000100473;ENSG00000133789;ENSG00000116731;ENSG00000145416;ENSG00000162894;ENSG00000114446;ENSG00000124243;ENSG00000163219;ENSG00000079950;ENSG00000168081;ENSG00000177455;ENSG00000123600;ENSG00000186265;ENSG00000172264;ENSG00000160856;ENSG00000116191;ENSG00000035720;ENSG00000083454;ENSG00000070814;ENSG00000133424;ENSG00000122986;ENSG00000079263;ENSG00000169507;ENSG00000121895;ENSG00000152217;ENSG00000150625;ENSG00000133740;ENSG00000162924;ENSG00000269404;ENSG00000105246;ENSG00000154978
ZHENG_CORD_BLOOD_C5_SIMILAR_TO_HSC_C6_PUTATIVE_ALTERED_METABOLIC_STATE	0.195255474452555	0.358695652173913	0.132147260608774	0.395433364029803	1.17150804803413	73	ENSG00000081189;ENSG00000158050;ENSG00000116717;ENSG00000108924;ENSG00000109321;ENSG00000156976;ENSG00000171223;ENSG00000171843;ENSG00000145708;ENSG00000188229;ENSG00000115738;ENSG00000149948;ENSG00000184260;ENSG00000170345;ENSG00000111678;ENSG00000180596;ENSG00000099860;ENSG00000128016;ENSG00000044574;ENSG00000128284;ENSG00000085276;ENSG00000179029
DESCARTES_MAIN_FETAL_SLC24A4_PEX5L_POSITIVE_CELLS	0.273764258555133	0.443243243243243	0.11146266692298	0.494182221197192	1.17062986437058	21	ENSG00000198822;ENSG00000165084;ENSG00000196277;ENSG00000139874;ENSG00000180269;ENSG00000206432;ENSG00000126950;ENSG00000132821;ENSG00000168830
GAUTAM_EYE_IRIS_CILIARY_BODY_FIBROBLASTS	0.206106870229008	0.370151113880667	0.131457611642763	0.377970327364353	1.16970816383328	101	ENSG00000253276;ENSG00000019991;ENSG00000156804;ENSG00000082153;ENSG00000154217;ENSG00000010404;ENSG00000137285;ENSG00000087074;ENSG00000120738;ENSG00000112096;ENSG00000165617;ENSG00000164949;ENSG00000134107;ENSG00000172216;ENSG00000164687;ENSG00000116667;ENSG00000159200;ENSG00000012660;ENSG00000153234;ENSG00000087086;ENSG00000154640;ENSG00000050555;ENSG00000127528;ENSG00000123983;ENSG00000112715;ENSG00000069275;ENSG00000168675;ENSG00000205362;ENSG00000181104;ENSG00000104635
CUI_DEVELOPING_HEART_RIGHT_ATRIAL_CARDIOMYOCYTE	0.245318352059925	0.415154134255258	0.11776578836269	0.438335880035702	1.16883044029537	39	ENSG00000158050;ENSG00000029153;ENSG00000141404;ENSG00000138622;ENSG00000153234;ENSG00000115194;ENSG00000166337;ENSG00000124762;ENSG00000168038;ENSG00000167778;ENSG00000104643;ENSG00000105974;ENSG00000175567;ENSG00000240849;ENSG00000123358;ENSG00000174429;ENSG00000040608;ENSG00000151689
FAN_EMBRYONIC_CTX_BIG_GROUPS_BRAIN_IMMUNE	0.181818181818182	0.341463414634146	0.137250779610133	0.359845824591828	1.16755985654728	146	ENSG00000163466;ENSG00000204397;ENSG00000136490;ENSG00000075884;ENSG00000102879;ENSG00000158710;ENSG00000115165;ENSG00000158050;ENSG00000160932;ENSG00000162894;ENSG00000171223;ENSG00000124831;ENSG00000127528;ENSG00000089327;ENSG00000142669;ENSG00000081237;ENSG00000150867;ENSG00000134954;ENSG00000158869;ENSG00000111913;ENSG00000198771;ENSG00000149781;ENSG00000126264;ENSG00000185862;ENSG00000170345;ENSG00000145287;ENSG00000152818;ENSG00000133574;ENSG00000175567;ENSG00000082074;ENSG00000111348;ENSG00000099860;ENSG00000128016;ENSG00000103653;ENSG00000160255;ENSG00000130429;ENSG00000140575;ENSG00000110934;ENSG00000128340;ENSG00000196126;ENSG00000122862;ENSG00000104894;ENSG00000005844;ENSG00000136167;ENSG00000130755;ENSG00000179144;ENSG00000132530;ENSG00000122359;ENSG00000108798;ENSG00000180353;ENSG00000163191;ENSG00000204525;ENSG00000205352;ENSG00000204642;ENSG00000118640;ENSG00000153283
DESCARTES_FETAL_PANCREAS_VASCULAR_ENDOTHELIAL_CELLS	0.238351254480287	0.410123946256583	0.116739204791222	0.405289305681362	1.16531887456244	59	ENSG00000106852;ENSG00000184916;ENSG00000171864;ENSG00000130300;ENSG00000167680;ENSG00000176907;ENSG00000019102;ENSG00000181781;ENSG00000162551
BUSSLINGER_GASTRIC_G_CELLS	0.221388367729831	0.388533431685402	0.125033367555272	0.379971875242183	1.16429666953193	92	ENSG00000004848;ENSG00000134138;ENSG00000123612;ENSG00000168772;ENSG00000162545;ENSG00000142875;ENSG00000153815;ENSG00000101746;ENSG00000131711;ENSG00000139514;ENSG00000120738;ENSG00000138413;ENSG00000114353;ENSG00000169213;ENSG00000076356;ENSG00000154556;ENSG00000171951;ENSG00000162595
FAN_OVARY_CL5_HEALTHY_SELECTABLE_FOLLICLE_THECAL_CELL	0.153465346534653	0.307930467313832	0.142901149386948	0.325337078565965	1.15398006206521	316	ENSG00000175906;ENSG00000135334;ENSG00000107833;ENSG00000171617;ENSG00000155090;ENSG00000019549;ENSG00000140937;ENSG00000162642;ENSG00000185630;ENSG00000182481;ENSG00000025796;ENSG00000106829;ENSG00000120438;ENSG00000168374;ENSG00000117298;ENSG00000116741;ENSG00000088986;ENSG00000104695;ENSG00000150991;ENSG00000243678;ENSG00000086061;ENSG00000091164;ENSG00000184232;ENSG00000104490;ENSG00000120694;ENSG00000115306;ENSG00000120738;ENSG00000118495;ENSG00000113712;ENSG00000109971;ENSG00000146701;ENSG00000122545;ENSG00000198730;ENSG00000115484;ENSG00000058272;ENSG00000153487;ENSG00000138594;ENSG00000118680;ENSG00000213977;ENSG00000166197;ENSG00000166226;ENSG00000149100;ENSG00000117525;ENSG00000073712;ENSG00000137714;ENSG00000167772;ENSG00000113575;ENSG00000176907;ENSG00000111530;ENSG00000128654;ENSG00000101132;ENSG00000105223;ENSG00000164741;ENSG00000099250;ENSG00000105993;ENSG00000023909;ENSG00000182492;ENSG00000162654;ENSG00000178381;ENSG00000119318;ENSG00000110172;ENSG00000130202;ENSG00000070961;ENSG00000128595;ENSG00000069275;ENSG00000116161;ENSG00000115541;ENSG00000173221;ENSG00000222041;ENSG00000120820;ENSG00000162616;ENSG00000112110;ENSG00000145284
DESCARTES_FETAL_LIVER_MESOTHELIAL_CELLS	0.160330578512397	0.315755523302693	0.139599673451922	0.324587820434744	1.14918095327627	294	ENSG00000175906;ENSG00000143013;ENSG00000111863;ENSG00000080224;ENSG00000139364;ENSG00000122641;ENSG00000197635;ENSG00000215196;ENSG00000198010;ENSG00000255248;ENSG00000178531;ENSG00000092758;ENSG00000158747;ENSG00000156427;ENSG00000106536;ENSG00000168004;ENSG00000175175;ENSG00000114757;ENSG00000121753;ENSG00000102802;ENSG00000240694;ENSG00000196872;ENSG00000167306;ENSG00000142449;ENSG00000106123;ENSG00000092820;ENSG00000113805;ENSG00000241158;ENSG00000166106;ENSG00000102554;ENSG00000176956;ENSG00000157765;ENSG00000221946;ENSG00000103056;ENSG00000078328;ENSG00000120738;ENSG00000161270;ENSG00000196335;ENSG00000225968;ENSG00000166342;ENSG00000111799;ENSG00000141668;ENSG00000131981;ENSG00000154175;ENSG00000139200;ENSG00000103145;ENSG00000092051;ENSG00000085552;ENSG00000170500;ENSG00000128567;ENSG00000142949;ENSG00000245281
LAKE_ADULT_KIDNEY_C16_COLLECTING_SYSTEM_PRINCIPAL_CELLS_CORTEX	0.226785714285714	0.396171809202971	0.119887845115423	0.351136917486193	1.14170668509805	139	ENSG00000151090;ENSG00000170921;ENSG00000073849;ENSG00000134775;ENSG00000124788;ENSG00000104419;ENSG00000113391;ENSG00000183023;ENSG00000185104;ENSG00000163629;ENSG00000117020;ENSG00000087095;ENSG00000183826;ENSG00000155974;ENSG00000141441;ENSG00000157483;ENSG00000064042;ENSG00000112541;ENSG00000144407;ENSG00000185305;ENSG00000241684;ENSG00000150672;ENSG00000066382;ENSG00000198846;ENSG00000172264;ENSG00000115419
TRAVAGLINI_LUNG_DIFFERENTIATING_BASAL_CELL	0.235188509874327	0.406955399108386	0.11776578836269	0.350258068938075	1.13693250487868	142	ENSG00000143013;ENSG00000134121;ENSG00000113657;ENSG00000183049;ENSG00000150556;ENSG00000117298;ENSG00000100300;ENSG00000102554;ENSG00000166173;ENSG00000171159;ENSG00000163347;ENSG00000184292;ENSG00000065154;ENSG00000146701;ENSG00000150687;ENSG00000101443;ENSG00000176532;ENSG00000073737;ENSG00000134107;ENSG00000117525;ENSG00000170425;ENSG00000134398;ENSG00000186081;ENSG00000168028;ENSG00000164733;ENSG00000121858;ENSG00000162981;ENSG00000136059;ENSG00000166869;ENSG00000002587;ENSG00000161203
CUI_DEVELOPING_HEART_C9_B_T_CELL	0.227027027027027	0.396171809202971	0.120433371642259	0.347508812536034	1.13631909151269	152	ENSG00000188042;ENSG00000158985;ENSG00000101109;ENSG00000136490;ENSG00000075884;ENSG00000102879;ENSG00000153310;ENSG00000115165;ENSG00000158050;ENSG00000119801;ENSG00000186469;ENSG00000147010;ENSG00000074966;ENSG00000104660;ENSG00000162894;ENSG00000171223;ENSG00000133872;ENSG00000089327;ENSG00000081237;ENSG00000059804;ENSG00000150867;ENSG00000103187;ENSG00000143119;ENSG00000134954;ENSG00000113263;ENSG00000158869;ENSG00000155307;ENSG00000111913;ENSG00000027075;ENSG00000070756;ENSG00000126264;ENSG00000145287;ENSG00000162511;ENSG00000090104;ENSG00000133574;ENSG00000175567;ENSG00000082074;ENSG00000111348;ENSG00000134996;ENSG00000128016;ENSG00000160255;ENSG00000140030;ENSG00000122122;ENSG00000169508;ENSG00000130429;ENSG00000081059;ENSG00000110934;ENSG00000125354;ENSG00000128340;ENSG00000122862;ENSG00000104894;ENSG00000171522;ENSG00000005844;ENSG00000102096;ENSG00000167664;ENSG00000136167;ENSG00000105374;ENSG00000130755
DESCARTES_FETAL_EYE_GANGLION_CELLS	0.269516728624535	0.44272614622057	0.11101149245045	0.42853944650645	1.13492870919698	38	ENSG00000248455;ENSG00000167178;ENSG00000129990;ENSG00000181215;ENSG00000204052;ENSG00000180269;ENSG00000127561;ENSG00000172568;ENSG00000008197;ENSG00000155980;ENSG00000135454
DESCARTES_MAIN_FETAL_RETINAL_PROGENITORS_AND_MULLER_GLIA	0.275675675675676	0.443243243243243	0.107554375265169	0.401218681277037	1.13458524849767	55	ENSG00000112333;ENSG00000225174;ENSG00000224592;ENSG00000108018;ENSG00000145332;ENSG00000143195;ENSG00000164197;ENSG00000170425
AIZARANI_LIVER_C7_EPCAM_POS_BILE_DUCT_CELLS_2	0.203478260869565	0.367573632538569	0.12563992130984	0.330060499271243	1.13080315369428	212	ENSG00000113645;ENSG00000007062;ENSG00000162522;ENSG00000148468;ENSG00000182240;ENSG00000105971;ENSG00000185630;ENSG00000162545;ENSG00000128342;ENSG00000154639;ENSG00000152894;ENSG00000076864;ENSG00000124225;ENSG00000023445;ENSG00000149115;ENSG00000049759;ENSG00000179820;ENSG00000102554;ENSG00000119888;ENSG00000140859;ENSG00000154380;ENSG00000163347;ENSG00000115306;ENSG00000184292;ENSG00000120738;ENSG00000189292;ENSG00000150938;ENSG00000101443;ENSG00000169862;ENSG00000151632;ENSG00000272398;ENSG00000143153;ENSG00000142949;ENSG00000154556;ENSG00000196141;ENSG00000112715;ENSG00000122870;ENSG00000130202;ENSG00000162105;ENSG00000046604;ENSG00000145284;ENSG00000177459;ENSG00000146038;ENSG00000070404;ENSG00000088992;ENSG00000039068;ENSG00000184009;ENSG00000035115;ENSG00000155657;ENSG00000106078;ENSG00000006327;ENSG00000157502;ENSG00000091656;ENSG00000148677;ENSG00000170017;ENSG00000064115;ENSG00000181885
DESCARTES_FETAL_CEREBELLUM_OLIGODENDROCYTES	0.244859813084112	0.415154134255258	0.11776578836269	0.370608717500053	1.13034456724601	90	ENSG00000130751;ENSG00000138669;ENSG00000169085;ENSG00000153823;ENSG00000156466;ENSG00000198576;ENSG00000140522;ENSG00000235531;ENSG00000099715;ENSG00000226053;ENSG00000138311;ENSG00000116147;ENSG00000127252;ENSG00000259134;ENSG00000188011
DESCARTES_FETAL_PLACENTA_MEGAKARYOCYTES	0.202821869488536	0.367465504720407	0.126875729929857	0.333918958653269	1.12858220296275	190	ENSG00000133627;ENSG00000164236;ENSG00000154146;ENSG00000197147;ENSG00000186487;ENSG00000259207;ENSG00000158560;ENSG00000005249;ENSG00000137801;ENSG00000092871;ENSG00000109265;ENSG00000087095;ENSG00000101236;ENSG00000185614;ENSG00000130956;ENSG00000147650;ENSG00000074706;ENSG00000101040;ENSG00000238243;ENSG00000162687;ENSG00000017260;ENSG00000151748;ENSG00000114209;ENSG00000175984;ENSG00000162722;ENSG00000205436;ENSG00000075975;ENSG00000125257;ENSG00000183317;ENSG00000198924;ENSG00000070190;ENSG00000205309;ENSG00000182732;ENSG00000188064;ENSG00000122643;ENSG00000169756;ENSG00000243193;ENSG00000135363;ENSG00000267106;ENSG00000184792;ENSG00000102781;ENSG00000041353;ENSG00000260231;ENSG00000095303;ENSG00000100592;ENSG00000135709;ENSG00000105329;ENSG00000149781;ENSG00000148426
DESCARTES_MAIN_FETAL_PDE11A_FAM19A2_POSITIVE_CELLS	0.296500920810313	0.465930018416206	0.104343952581949	0.407154218677657	1.124680279053	49	ENSG00000197705;ENSG00000139220;ENSG00000106536;ENSG00000077264;ENSG00000157782;ENSG00000075213;ENSG00000115355;ENSG00000108924;ENSG00000078328;ENSG00000170091;ENSG00000145147
DURANTE_ADULT_OLFACTORY_NEUROEPITHELIUM_OLFACTORY_ENSHEATHING_GLIA	0.249084249084249	0.41808146440299	0.115240003147781	0.357841550027224	1.12312225035276	112	ENSG00000196376;ENSG00000117632;ENSG00000169554;ENSG00000134121;ENSG00000075884;ENSG00000173598;ENSG00000122585;ENSG00000167552;ENSG00000182287;ENSG00000184232;ENSG00000115306;ENSG00000128872;ENSG00000134824;ENSG00000175445;ENSG00000122545;ENSG00000169432;ENSG00000149485;ENSG00000153902;ENSG00000185818;ENSG00000169504;ENSG00000007237;ENSG00000179915;ENSG00000154556;ENSG00000149294;ENSG00000111666
HU_FETAL_RETINA_RPE	0.193929173693086	0.358392385534608	0.126875729929857	0.318907046089585	1.12198726888035	285	ENSG00000106689;ENSG00000182704;ENSG00000113645;ENSG00000183287;ENSG00000163527;ENSG00000140743;ENSG00000035862;ENSG00000185070;ENSG00000182240;ENSG00000049323;ENSG00000102024;ENSG00000177133;ENSG00000052795;ENSG00000145431;ENSG00000142611;ENSG00000140522;ENSG00000092820;ENSG00000171243;ENSG00000118971;ENSG00000122378;ENSG00000164574;ENSG00000103257;ENSG00000185442;ENSG00000105976;ENSG00000175445;ENSG00000124243;ENSG00000136943
TRAVAGLINI_LUNG_ALVEOLAR_EPITHELIAL_TYPE_2_CELL	0.260791366906475	0.431848069931152	0.11101149245045	0.350721769750814	1.12008449159578	125	ENSG00000123119;ENSG00000154146;ENSG00000172602;ENSG00000153823;ENSG00000052802;ENSG00000090530;ENSG00000187446;ENSG00000157765;ENSG00000170791;ENSG00000151552;ENSG00000109321;ENSG00000175445;ENSG00000104267;ENSG00000112096;ENSG00000068366;ENSG00000115758;ENSG00000100600;ENSG00000164687;ENSG00000116667;ENSG00000139318;ENSG00000145365;ENSG00000087086;ENSG00000121361;ENSG00000162551;ENSG00000159167;ENSG00000169710;ENSG00000090013;ENSG00000170890;ENSG00000099194
DESCARTES_MAIN_FETAL_THYMIC_EPITHELIAL_CELLS	0.213058419243986	0.37822474424869	0.121543282035469	0.324065049573285	1.11938080222494	232	ENSG00000172985;ENSG00000106714;ENSG00000217801;ENSG00000197798;ENSG00000186260;ENSG00000244215;ENSG00000137266;ENSG00000181215;ENSG00000152455;ENSG00000170632;ENSG00000122778;ENSG00000100346;ENSG00000105376;ENSG00000103356;ENSG00000138785;ENSG00000214866;ENSG00000132026;ENSG00000130561;ENSG00000151576;ENSG00000166105;ENSG00000124243;ENSG00000136943;ENSG00000112812;ENSG00000179165;ENSG00000164989;ENSG00000183665;ENSG00000102385;ENSG00000151413;ENSG00000205436;ENSG00000140470;ENSG00000111962;ENSG00000185186;ENSG00000237181;ENSG00000232973;ENSG00000026103;ENSG00000105676;ENSG00000253161
DESCARTES_FETAL_SPLEEN_LYMPHOID_CELLS	0.266159695817491	0.438380675464102	0.11331290842208	0.363631439860343	1.11922511746763	97	ENSG00000179841;ENSG00000197705;ENSG00000179088;ENSG00000143184;ENSG00000161405;ENSG00000197385;ENSG00000158482;ENSG00000238121;ENSG00000055163;ENSG00000163376;ENSG00000162894;ENSG00000216863;ENSG00000135898;ENSG00000110448;ENSG00000172673;ENSG00000160856;ENSG00000116191;ENSG00000172575;ENSG00000035720;ENSG00000079263;ENSG00000132965;ENSG00000271856;ENSG00000112303;ENSG00000269404;ENSG00000125245;ENSG00000112486;ENSG00000145287;ENSG00000153563;ENSG00000146285
CUI_DEVELOPING_HEART_CARDIAC_FIBROBLASTS	0.274436090225564	0.443243243243243	0.110564716336619	0.359573618922947	1.11610994395442	102	ENSG00000077522;ENSG00000112183;ENSG00000079931;ENSG00000121769;ENSG00000115641;ENSG00000185437;ENSG00000115593;ENSG00000198336;ENSG00000182809;ENSG00000175206;ENSG00000198523;ENSG00000169271;ENSG00000114279;ENSG00000174437;ENSG00000064042;ENSG00000119938
GAUTAM_EYE_IRIS_CILIARY_BODY_ACTIVATED_T_CELLS	0.272072072072072	0.443243243243243	0.108394255853397	0.348725854173235	1.11446139284076	124	ENSG00000008513;ENSG00000005059;ENSG00000124788;ENSG00000127084;ENSG00000163171;ENSG00000131236;ENSG00000238121;ENSG00000055163;ENSG00000092820;ENSG00000169764;ENSG00000074706;ENSG00000147010;ENSG00000143740;ENSG00000101745;ENSG00000136819;ENSG00000145247;ENSG00000149100;ENSG00000124831;ENSG00000178381;ENSG00000196843;ENSG00000162368;ENSG00000189159;ENSG00000173221;ENSG00000175602
DESCARTES_FETAL_EYE_STROMAL_CELLS	0.272556390977444	0.443243243243243	0.11101149245045	0.367735253523248	1.1129985972457	87	ENSG00000229847;ENSG00000170370;ENSG00000122641;ENSG00000173698;ENSG00000259207;ENSG00000156427;ENSG00000137801;ENSG00000102802;ENSG00000157613;ENSG00000090006;ENSG00000143196;ENSG00000111799;ENSG00000168140;ENSG00000181195;ENSG00000125657;ENSG00000123610;ENSG00000186340;ENSG00000156150
DESCARTES_MAIN_FETAL_EXTRAVILLOUS_TROPHOBLASTS	0.274809160305344	0.443243243243243	0.11146266692298	0.359329379783919	1.11201985608048	101	ENSG00000211448;ENSG00000089847;ENSG00000012232;ENSG00000166863;ENSG00000196083;ENSG00000007171;ENSG00000054277;ENSG00000164054;ENSG00000073008;ENSG00000198815;ENSG00000183010;ENSG00000148344;ENSG00000183734;ENSG00000142949;ENSG00000145911;ENSG00000103855;ENSG00000121858;ENSG00000123989;ENSG00000116260;ENSG00000169242;ENSG00000118705;ENSG00000070404;ENSG00000100593;ENSG00000105246;ENSG00000204632;ENSG00000221955;ENSG00000075420;ENSG00000133466;ENSG00000029993;ENSG00000221968;ENSG00000139278;ENSG00000102755;ENSG00000172901
DESCARTES_FETAL_THYMUS_THYMIC_EPITHELIAL_CELLS	0.236206896551724	0.407572684246112	0.114750719227023	0.321043735503163	1.10921558029387	235	ENSG00000172985;ENSG00000112186;ENSG00000080224;ENSG00000048540;ENSG00000184156;ENSG00000233901;ENSG00000178662;ENSG00000173698;ENSG00000065621;ENSG00000108018;ENSG00000104611;ENSG00000168772;ENSG00000163629;ENSG00000156687;ENSG00000154655;ENSG00000122778;ENSG00000167306;ENSG00000100346;ENSG00000155974;ENSG00000103356;ENSG00000113805;ENSG00000148948;ENSG00000165105;ENSG00000138792;ENSG00000206579;ENSG00000161270;ENSG00000166105;ENSG00000124243;ENSG00000136943;ENSG00000178965;ENSG00000112812;ENSG00000108950;ENSG00000224167;ENSG00000205436;ENSG00000140470;ENSG00000111962;ENSG00000165868;ENSG00000142949;ENSG00000154556;ENSG00000026103;ENSG00000218336;ENSG00000186081;ENSG00000182013
CUI_DEVELOPING_HEART_C1_5TH_WEEK_CARDIAC_CELLS	0.276363636363636	0.443243243243243	0.107972360317345	0.367787977956268	1.10888093100123	81	ENSG00000175183;ENSG00000145824;ENSG00000104549;ENSG00000154639;ENSG00000052802;ENSG00000182481;ENSG00000154277;ENSG00000184697;ENSG00000136261;ENSG00000092820;ENSG00000213190;ENSG00000221946;ENSG00000136943;ENSG00000149100;ENSG00000159200;ENSG00000079459
BUSSLINGER_GASTRIC_METALLOTHIONEIN_CELLS	0.26078799249531	0.431848069931152	0.11378726182188	0.361865902509478	1.10881697452059	92	ENSG00000143013;ENSG00000104419;ENSG00000158710;ENSG00000100300;ENSG00000075624;ENSG00000171243;ENSG00000090621;ENSG00000090020;ENSG00000104267;ENSG00000131981;ENSG00000164687;ENSG00000019102;ENSG00000197451;ENSG00000116260;ENSG00000241343;ENSG00000160213;ENSG00000041353
CUI_DEVELOPING_HEART_RIGHT_VENTRICULAR_CARDIOMYOCYTE	0.331428571428571	0.492687027178481	0.0995791200495904	0.445712558081248	1.1081765780798	26	ENSG00000172209;ENSG00000075945;ENSG00000185847;ENSG00000272398;ENSG00000213626;ENSG00000109881;ENSG00000133169
TRAVAGLINI_LUNG_CD8_NAIVE_T_CELL	0.259391771019678	0.431848069931152	0.11101149245045	0.341158902031486	1.10768297931902	138	ENSG00000225783;ENSG00000188042;ENSG00000184007;ENSG00000158985;ENSG00000145220;ENSG00000161405;ENSG00000142875;ENSG00000185187;ENSG00000186469;ENSG00000007264;ENSG00000118971;ENSG00000110324;ENSG00000198668;ENSG00000136950;ENSG00000123240;ENSG00000128294;ENSG00000027869;ENSG00000181036;ENSG00000150687;ENSG00000116667;ENSG00000165929;ENSG00000127528;ENSG00000130511;ENSG00000137441;ENSG00000150867;ENSG00000073861;ENSG00000177311;ENSG00000181104;ENSG00000078304;ENSG00000115977;ENSG00000134954;ENSG00000113263;ENSG00000136286;ENSG00000057657;ENSG00000027075;ENSG00000126264
GAUTAM_EYE_CORNEA_FIBROBLASTS	0.258652094717669	0.431787778715674	0.112378519110475	0.332943557490611	1.10283470100331	162	ENSG00000153317;ENSG00000156804;ENSG00000137801;ENSG00000141522;ENSG00000185950;ENSG00000124225;ENSG00000179820;ENSG00000086061;ENSG00000092964;ENSG00000101745;ENSG00000123416;ENSG00000115306;ENSG00000115053;ENSG00000164949;ENSG00000111799;ENSG00000136244;ENSG00000151632;ENSG00000172216;ENSG00000100243;ENSG00000073712;ENSG00000087086;ENSG00000105722;ENSG00000154640;ENSG00000115310;ENSG00000169504;ENSG00000105223;ENSG00000165502;ENSG00000241343;ENSG00000175602;ENSG00000100353;ENSG00000115977;ENSG00000131435;ENSG00000101335;ENSG00000070756;ENSG00000113739;ENSG00000117519;ENSG00000169641;ENSG00000131771;ENSG00000111678;ENSG00000135916;ENSG00000147649;ENSG00000163565;ENSG00000102401;ENSG00000171490;ENSG00000166012;ENSG00000196937;ENSG00000130255;ENSG00000115594;ENSG00000224032;ENSG00000008988;ENSG00000121410;ENSG00000100644;ENSG00000104805;ENSG00000145675;ENSG00000139684;ENSG00000169100;ENSG00000204387;ENSG00000141867
BUSSLINGER_ESOPHAGEAL_PROLIFERATING_BASAL_CELLS	0.299632352941176	0.46691470431909	0.103576326612592	0.374028084143902	1.0987471713257	68	ENSG00000117632;ENSG00000145824;ENSG00000196230;ENSG00000163931;ENSG00000114942;ENSG00000123416;ENSG00000103257;ENSG00000115053;ENSG00000139514;ENSG00000186081;ENSG00000134762;ENSG00000069275;ENSG00000065618;ENSG00000065978;ENSG00000105974
DESCARTES_FETAL_STOMACH_LYMPHOID_CELLS	0.300917431192661	0.46691470431909	0.103197466945307	0.372185391522094	1.09731364714806	70	ENSG00000258733;ENSG00000102879;ENSG00000124203;ENSG00000007264;ENSG00000112182;ENSG00000074966;ENSG00000126882;ENSG00000110448;ENSG00000172673;ENSG00000068831;ENSG00000113263;ENSG00000136286;ENSG00000146285;ENSG00000122122;ENSG00000135439;ENSG00000081059;ENSG00000125910;ENSG00000128340
TRAVAGLINI_LUNG_ADVENTITIAL_FIBROBLAST_CELL	0.241721854304636	0.41246720845334	0.110564716336619	0.310106985393072	1.09675727706864	289	ENSG00000182704;ENSG00000079931;ENSG00000102172;ENSG00000153823;ENSG00000035862;ENSG00000145824;ENSG00000113657;ENSG00000082153;ENSG00000166250;ENSG00000133083;ENSG00000136997;ENSG00000124212;ENSG00000146374;ENSG00000102802;ENSG00000154277;ENSG00000136603;ENSG00000168374;ENSG00000171621;ENSG00000125740;ENSG00000145362;ENSG00000087074;ENSG00000013588;ENSG00000090006;ENSG00000184232;ENSG00000120694;ENSG00000154096;ENSG00000115306;ENSG00000120738;ENSG00000143196;ENSG00000196428;ENSG00000197965;ENSG00000171223;ENSG00000011422;ENSG00000109814;ENSG00000117143;ENSG00000145147;ENSG00000134333;ENSG00000106066;ENSG00000151632;ENSG00000114850;ENSG00000131981;ENSG00000154175;ENSG00000139112;ENSG00000117525;ENSG00000187134;ENSG00000087086;ENSG00000115310;ENSG00000007237;ENSG00000163659;ENSG00000127528;ENSG00000106546;ENSG00000175592;ENSG00000099250;ENSG00000108691;ENSG00000112715;ENSG00000122870;ENSG00000186340
GAUTAM_EYE_CORNEA_MONOCYTES	0.242424242424242	0.412523020257827	0.11146266692298	0.313266535228861	1.09181051306741	257	ENSG00000048052;ENSG00000163950;ENSG00000114999;ENSG00000068796;ENSG00000127084;ENSG00000127526;ENSG00000108960;ENSG00000119408;ENSG00000175182;ENSG00000125505;ENSG00000145414;ENSG00000090530;ENSG00000133597;ENSG00000197713;ENSG00000196189;ENSG00000139505;ENSG00000099625;ENSG00000089022;ENSG00000163755;ENSG00000155097;ENSG00000133961;ENSG00000068366;ENSG00000135956;ENSG00000148606;ENSG00000197122;ENSG00000204310;ENSG00000100379;ENSG00000163798;ENSG00000090061;ENSG00000203668;ENSG00000169504;ENSG00000154582;ENSG00000103066;ENSG00000013619;ENSG00000117000;ENSG00000135842;ENSG00000104142;ENSG00000143641;ENSG00000186340;ENSG00000189159;ENSG00000157870;ENSG00000123728;ENSG00000138623;ENSG00000078747;ENSG00000175602;ENSG00000089094;ENSG00000112996;ENSG00000180628;ENSG00000163902;ENSG00000099194;ENSG00000101152
DESCARTES_FETAL_INTESTINE_MESOTHELIAL_CELLS	0.3003663003663	0.46691470431909	0.103197466945307	0.368209685868712	1.09165975015254	74	ENSG00000175906;ENSG00000123119;ENSG00000156427;ENSG00000237596;ENSG00000124212;ENSG00000078328;ENSG00000161270;ENSG00000185818;ENSG00000167487;ENSG00000134762;ENSG00000188064;ENSG00000226287;ENSG00000223431;ENSG00000184378
DURANTE_ADULT_OLFACTORY_NEUROEPITHELIUM_BOWMANS_GLAND	0.35969868173258	0.517697168101097	0.0940503465727813	0.470484365873226	1.09112928928302	19	ENSG00000116299;ENSG00000012223;ENSG00000211445;ENSG00000131771;ENSG00000100219
DESCARTES_MAIN_FETAL_ISLET_ENDOCRINE_CELLS	0.318425760286225	0.483128739744618	0.0982123351217438	0.38642052249351	1.09027715301935	53	ENSG00000004848;ENSG00000123612;ENSG00000162545;ENSG00000174871;ENSG00000106089;ENSG00000165802;ENSG00000121905;ENSG00000204103;ENSG00000157005;ENSG00000169213;ENSG00000228903;ENSG00000054356;ENSG00000105223
DESCARTES_MAIN_FETAL_HEMATOPOIETIC_STEM_CELLS	0.324955116696589	0.487189204330131	0.0972150808846466	0.376728354301613	1.08910826323344	60	ENSG00000081985;ENSG00000258733;ENSG00000250125;ENSG00000172232;ENSG00000253210;ENSG00000075131
GAO_STOMACH_24W_C5_PUTATIVE_PIT_CELL_PROGENITOR	0.320214669051878	0.483877614092923	0.0978773277424561	0.385882172846729	1.08875821112559	53	ENSG00000119866;ENSG00000156804;ENSG00000146374;ENSG00000153179;ENSG00000110880;ENSG00000112658;ENSG00000137124;ENSG00000134375;ENSG00000162645;ENSG00000167447;ENSG00000171791;ENSG00000100139;ENSG00000171873
DESCARTES_FETAL_EYE_CORNEAL_AND_CONJUNCTIVAL_EPITHELIAL_CELLS	0.26551724137931	0.438380675464102	0.107140237276725	0.316071722250335	1.08698946235113	217	ENSG00000171617;ENSG00000215845;ENSG00000104140;ENSG00000083307;ENSG00000162522;ENSG00000181830;ENSG00000145824;ENSG00000104611;ENSG00000151882;ENSG00000175505;ENSG00000180921;ENSG00000162552;ENSG00000160932;ENSG00000142606;ENSG00000043591;ENSG00000164251;ENSG00000013588;ENSG00000157765;ENSG00000119888;ENSG00000163347;ENSG00000125637;ENSG00000184292;ENSG00000121900;ENSG00000136689;ENSG00000175793;ENSG00000171223;ENSG00000156853;ENSG00000101443;ENSG00000147883;ENSG00000131981;ENSG00000134258;ENSG00000117525;ENSG00000153234;ENSG00000143217;ENSG00000006210;ENSG00000019102;ENSG00000170190;ENSG00000128383;ENSG00000186081;ENSG00000134762
DESCARTES_FETAL_STOMACH_MESOTHELIAL_CELLS	0.349146110056926	0.510659596765364	0.096240602328129	0.421481237061229	1.08333245581706	32	ENSG00000250125;ENSG00000146374;ENSG00000165966;ENSG00000161270;ENSG00000141668;ENSG00000137573;ENSG00000109743
DESCARTES_FETAL_ADRENAL_CSH1_CSH2_POSITIVE_CELLS	0.287985865724382	0.45603931436046	0.103576326612592	0.321881589389962	1.08300084046285	181	ENSG00000204060;ENSG00000112186;ENSG00000130829;ENSG00000122641;ENSG00000162817;ENSG00000083307;ENSG00000175183;ENSG00000087510;ENSG00000066827;ENSG00000159871;ENSG00000155974;ENSG00000136261;ENSG00000043591;ENSG00000151014;ENSG00000105976;ENSG00000225778;ENSG00000236682;ENSG00000227258;ENSG00000211445;ENSG00000163633;ENSG00000143217
AIZARANI_LIVER_C28_NK_NKT_CELLS_6	0.314018691588785	0.477877877877878	0.101713902282311	0.349718941059344	1.07952736027785	96	ENSG00000155926;ENSG00000213639;ENSG00000158985;ENSG00000101109;ENSG00000115165;ENSG00000143184;ENSG00000084070;ENSG00000104660;ENSG00000184203;ENSG00000048740;ENSG00000109321;ENSG00000027869;ENSG00000171223;ENSG00000151327;ENSG00000133872;ENSG00000081237;ENSG00000121274;ENSG00000135842;ENSG00000095794;ENSG00000241343;ENSG00000143924;ENSG00000143119;ENSG00000078304;ENSG00000134954;ENSG00000113263;ENSG00000155307;ENSG00000057657
MENON_FETAL_KIDNEY_3_STROMAL_CELLS	0.328467153284672	0.489917109983917	0.09754492162472	0.359897073371871	1.07932975067127	80	ENSG00000138758;ENSG00000169554;ENSG00000134138;ENSG00000185070;ENSG00000140937;ENSG00000185630;ENSG00000170004;ENSG00000115355;ENSG00000167552;ENSG00000122545;ENSG00000058272;ENSG00000149294;ENSG00000070961;ENSG00000133110;ENSG00000205542;ENSG00000039560;ENSG00000133026;ENSG00000170345;ENSG00000111678;ENSG00000170017;ENSG00000127603
TRAVAGLINI_LUNG_GOBLET_CELL	0.309222423146474	0.475014994160169	0.100633389423036	0.332808912564536	1.07247712579661	134	ENSG00000073849;ENSG00000104140;ENSG00000134121;ENSG00000182240;ENSG00000082153;ENSG00000142657;ENSG00000117298;ENSG00000169764;ENSG00000153048;ENSG00000065154;ENSG00000148344;ENSG00000101443;ENSG00000117143;ENSG00000073737;ENSG00000131981;ENSG00000134258;ENSG00000120805;ENSG00000187134;ENSG00000112699;ENSG00000128567;ENSG00000113282;ENSG00000164733;ENSG00000162368;ENSG00000121858;ENSG00000135842;ENSG00000155115;ENSG00000173221;ENSG00000160213;ENSG00000166869;ENSG00000002587;ENSG00000165644;ENSG00000128039;ENSG00000157916
RUBENSTEIN_SKELETAL_MUSCLE_PERICYTES	0.307832422586521	0.474061930783242	0.101350743797099	0.330487426346922	1.07101620691875	145	ENSG00000081189;ENSG00000172159;ENSG00000101220;ENSG00000182809;ENSG00000167552;ENSG00000166913;ENSG00000122378;ENSG00000092964;ENSG00000175445;ENSG00000183726;ENSG00000100243;ENSG00000146072;ENSG00000187513;ENSG00000104763;ENSG00000164741;ENSG00000183807;ENSG00000121361;ENSG00000222041;ENSG00000107796;ENSG00000069431;ENSG00000101335;ENSG00000088992;ENSG00000117519;ENSG00000143878;ENSG00000111678;ENSG00000135916;ENSG00000111716;ENSG00000172965;ENSG00000128641;ENSG00000111348;ENSG00000143248;ENSG00000105655;ENSG00000014641;ENSG00000115468;ENSG00000220205;ENSG00000143198;ENSG00000139684;ENSG00000116209;ENSG00000169100;ENSG00000089220
DESCARTES_MAIN_FETAL_CCL19_CCL21_POSITIVE_CELLS	0.286941580756014	0.455556736458001	0.102080107662747	0.308353357046033	1.06857919344268	236	ENSG00000107833;ENSG00000012963;ENSG00000265666;ENSG00000106105;ENSG00000231177;ENSG00000122733;ENSG00000108883;ENSG00000114744;ENSG00000100029;ENSG00000128165;ENSG00000156466;ENSG00000081692;ENSG00000243678;ENSG00000166173;ENSG00000143514;ENSG00000236609;ENSG00000120738;ENSG00000178860;ENSG00000185085;ENSG00000136986;ENSG00000213886;ENSG00000198915;ENSG00000171223;ENSG00000237350;ENSG00000131831;ENSG00000188981;ENSG00000125657;ENSG00000002549;ENSG00000020256;ENSG00000187066;ENSG00000130881;ENSG00000108691;ENSG00000187838;ENSG00000104856;ENSG00000112715;ENSG00000230734;ENSG00000156150;ENSG00000261594;ENSG00000205181;ENSG00000196371;ENSG00000178718;ENSG00000234488;ENSG00000165030;ENSG00000119335;ENSG00000137331;ENSG00000146232;ENSG00000184260;ENSG00000170345;ENSG00000205002;ENSG00000233588;ENSG00000197019;ENSG00000257279;ENSG00000234009;ENSG00000145506;ENSG00000172752;ENSG00000188021;ENSG00000090339
DESCARTES_MAIN_FETAL_CORNEAL_AND_CONJUNCTIVAL_EPITHELIAL_CELLS	0.300168634064081	0.46691470431909	0.0982123351217438	0.305680671275583	1.06685276046654	250	ENSG00000085415;ENSG00000104140;ENSG00000170381;ENSG00000181830;ENSG00000144369;ENSG00000151882;ENSG00000167987;ENSG00000133597;ENSG00000180921;ENSG00000149260;ENSG00000070444;ENSG00000142606;ENSG00000010165;ENSG00000157765;ENSG00000110042;ENSG00000244457;ENSG00000185834;ENSG00000184292;ENSG00000132661;ENSG00000135521;ENSG00000121058;ENSG00000142700;ENSG00000156853;ENSG00000167034;ENSG00000135956;ENSG00000170191;ENSG00000132274;ENSG00000147883;ENSG00000073737;ENSG00000169217;ENSG00000134258;ENSG00000153234;ENSG00000174327;ENSG00000006210;ENSG00000131779;ENSG00000128383;ENSG00000134762;ENSG00000125304;ENSG00000162368;ENSG00000116903;ENSG00000113734;ENSG00000189366;ENSG00000226287;ENSG00000272047;ENSG00000010072;ENSG00000128039;ENSG00000231840;ENSG00000112303;ENSG00000196214;ENSG00000122687;ENSG00000115507;ENSG00000104671;ENSG00000158470;ENSG00000145912;ENSG00000236064
DESCARTES_FETAL_LIVER_MEGAKARYOCYTES	0.310469314079422	0.475744023564488	0.10027910675413	0.328682650090342	1.06676600283664	141	ENSG00000236653;ENSG00000154146;ENSG00000198822;ENSG00000259207;ENSG00000005249;ENSG00000137801;ENSG00000049323;ENSG00000167210;ENSG00000184702;ENSG00000106089;ENSG00000087095;ENSG00000203685;ENSG00000147650;ENSG00000114529;ENSG00000090020;ENSG00000137672;ENSG00000255552;ENSG00000197122;ENSG00000267577;ENSG00000124491;ENSG00000157680;ENSG00000072110;ENSG00000250641;ENSG00000206052;ENSG00000169756;ENSG00000144583;ENSG00000163898;ENSG00000041353;ENSG00000226435;ENSG00000135709;ENSG00000105329;ENSG00000160190;ENSG00000149781;ENSG00000148426;ENSG00000140932;ENSG00000129991;ENSG00000146376;ENSG00000119862;ENSG00000159339;ENSG00000087589
LAKE_ADULT_KIDNEY_C20_COLLECTING_DUCT_INTERCALATED_CELLS_TYPE_A_CORTEX	0.328440366972477	0.489917109983917	0.0978773277424561	0.325554933452307	1.06049730532743	150	ENSG00000151090;ENSG00000120549;ENSG00000124788;ENSG00000185104;ENSG00000114861;ENSG00000115896;ENSG00000139132;ENSG00000171132;ENSG00000109756;ENSG00000183826;ENSG00000135932;ENSG00000049759;ENSG00000092820;ENSG00000132405;ENSG00000084676;ENSG00000070882;ENSG00000115290;ENSG00000107643;ENSG00000064042;ENSG00000139116;ENSG00000185305;ENSG00000145147;ENSG00000156052;ENSG00000214128;ENSG00000066382;ENSG00000073921;ENSG00000125257;ENSG00000172264
BUSSLINGER_DUODENAL_TRANSIT_AMPLIFYING_CELLS	0.320490367775832	0.483877614092923	0.0965629554309422	0.313428099880599	1.06049155560545	191	ENSG00000149547;ENSG00000114942;ENSG00000137309;ENSG00000102554;ENSG00000119888;ENSG00000110958;ENSG00000123416;ENSG00000115053;ENSG00000143106;ENSG00000132341;ENSG00000034510;ENSG00000172809;ENSG00000168653;ENSG00000140988;ENSG00000069275;ENSG00000115541;ENSG00000167085;ENSG00000096384;ENSG00000166869;ENSG00000184009;ENSG00000231500;ENSG00000144713;ENSG00000065978;ENSG00000131771;ENSG00000198918;ENSG00000169021;ENSG00000196262;ENSG00000166598;ENSG00000197756;ENSG00000169976;ENSG00000161970;ENSG00000169567;ENSG00000197958;ENSG00000072274;ENSG00000131142;ENSG00000172115;ENSG00000130255;ENSG00000229117;ENSG00000008988;ENSG00000131469;ENSG00000139684;ENSG00000182054;ENSG00000092199;ENSG00000167658;ENSG00000174748;ENSG00000084207;ENSG00000077147;ENSG00000106541;ENSG00000004779;ENSG00000189221;ENSG00000162244;ENSG00000125144;ENSG00000189403;ENSG00000156411;ENSG00000136942;ENSG00000164587;ENSG00000127022;ENSG00000149925;ENSG00000174444;ENSG00000105202;ENSG00000159199;ENSG00000178741;ENSG00000167617;ENSG00000116459;ENSG00000105640;ENSG00000177600;ENSG00000136810;ENSG00000138326;ENSG00000108518;ENSG00000197061;ENSG00000186468;ENSG00000170540;ENSG00000188846;ENSG00000160888;ENSG00000167526
HAY_BONE_MARROW_CD34_POS_HSC	0.338181818181818	0.500769230769231	0.0956031492204301	0.337489774910239	1.05858592156287	113	ENSG00000113389;ENSG00000188580;ENSG00000138669;ENSG00000007062;ENSG00000180044;ENSG00000164116;ENSG00000229425;ENSG00000177133;ENSG00000154277;ENSG00000244040;ENSG00000112414;ENSG00000118231;ENSG00000017260;ENSG00000108924;ENSG00000233723;ENSG00000126947;ENSG00000158806;ENSG00000127955;ENSG00000164989
FAN_OVARY_CL16_LYMPHATIC_ENDOTHELIAL_CELL	0.305699481865285	0.471957094809563	0.0985499803531691	0.307043056180416	1.0585311157635	230	ENSG00000169744;ENSG00000155090;ENSG00000143549;ENSG00000110841;ENSG00000117632;ENSG00000088832;ENSG00000075618;ENSG00000075790;ENSG00000166257;ENSG00000182809;ENSG00000100300;ENSG00000169764;ENSG00000125740;ENSG00000131711;ENSG00000167552;ENSG00000154529;ENSG00000122378;ENSG00000103769;ENSG00000198668;ENSG00000067082;ENSG00000128245;ENSG00000184203;ENSG00000157045;ENSG00000260032;ENSG00000115306;ENSG00000129625;ENSG00000171223;ENSG00000150687;ENSG00000118680;ENSG00000183726;ENSG00000143753;ENSG00000131981;ENSG00000164687;ENSG00000154175;ENSG00000100243;ENSG00000139318;ENSG00000115310;ENSG00000090989;ENSG00000089327;ENSG00000142669;ENSG00000133106;ENSG00000121858;ENSG00000169756;ENSG00000169242;ENSG00000138071;ENSG00000142192
DESCARTES_MAIN_FETAL_OLIGODENDROCYTES	0.359570661896243	0.517697168101097	0.0911073131586733	0.378441243561659	1.05759118523275	51	ENSG00000156475;ENSG00000188674;ENSG00000148082;ENSG00000148948;ENSG00000177453;ENSG00000181790;ENSG00000254896;ENSG00000183715;ENSG00000138311;ENSG00000182771;ENSG00000114646;ENSG00000127252;ENSG00000188011;ENSG00000145216;ENSG00000038382;ENSG00000183117;ENSG00000134853;ENSG00000263958
DESCARTES_FETAL_HEART_ERYTHROBLASTS	0.314189189189189	0.477877877877878	0.0956031492204301	0.301672470116915	1.05728084746819	281	ENSG00000250303;ENSG00000101911;ENSG00000172239;ENSG00000065621;ENSG00000102172;ENSG00000179833;ENSG00000137055;ENSG00000102100;ENSG00000050393;ENSG00000165650;ENSG00000184887;ENSG00000136279;ENSG00000109854;ENSG00000132603;ENSG00000165097;ENSG00000148429;ENSG00000092203;ENSG00000135018;ENSG00000140450;ENSG00000137309;ENSG00000159685;ENSG00000172954;ENSG00000140650;ENSG00000203760;ENSG00000160208;ENSG00000155438;ENSG00000177150;ENSG00000159461;ENSG00000065154;ENSG00000213123;ENSG00000132661;ENSG00000102547;ENSG00000156976;ENSG00000198440;ENSG00000175376;ENSG00000141101;ENSG00000105171;ENSG00000132274;ENSG00000137054;ENSG00000179115;ENSG00000065911;ENSG00000137168;ENSG00000087086;ENSG00000119383;ENSG00000151304;ENSG00000169635;ENSG00000090924;ENSG00000100580;ENSG00000170185;ENSG00000105447;ENSG00000090861;ENSG00000163930;ENSG00000204574;ENSG00000090013;ENSG00000023287;ENSG00000088992;ENSG00000174106;ENSG00000091009;ENSG00000072958;ENSG00000142867;ENSG00000087995;ENSG00000151065;ENSG00000211450;ENSG00000189369;ENSG00000184992;ENSG00000145912;ENSG00000130475;ENSG00000179119
TRAVAGLINI_LUNG_CLUB_CELL	0.353703703703704	0.5138714185884	0.0940503465727813	0.335548422095056	1.05025304217465	108	ENSG00000116299;ENSG00000225383;ENSG00000052795;ENSG00000049759;ENSG00000013588;ENSG00000196730;ENSG00000109321;ENSG00000105976;ENSG00000073756;ENSG00000108950;ENSG00000164687;ENSG00000106546;ENSG00000172809;ENSG00000089327;ENSG00000120742;ENSG00000135842;ENSG00000145860;ENSG00000071082;ENSG00000205542;ENSG00000144713;ENSG00000205002;ENSG00000198918;ENSG00000111348;ENSG00000197756;ENSG00000161970;ENSG00000091490;ENSG00000197958;ENSG00000130255;ENSG00000143226;ENSG00000008988;ENSG00000131469
DESCARTES_FETAL_SPLEEN_MESOTHELIAL_CELLS	0.358523725834798	0.517697168101097	0.0902635484340068	0.3098681128295	1.04671359987974	187	ENSG00000113645;ENSG00000215196;ENSG00000178531;ENSG00000068615;ENSG00000104419;ENSG00000162630;ENSG00000156427;ENSG00000162951;ENSG00000154639;ENSG00000124212;ENSG00000146374;ENSG00000151458;ENSG00000180921;ENSG00000106123;ENSG00000092820;ENSG00000116717;ENSG00000087074;ENSG00000166106;ENSG00000102554;ENSG00000157765;ENSG00000185567;ENSG00000155816;ENSG00000172318;ENSG00000103056;ENSG00000120738;ENSG00000161270;ENSG00000171223;ENSG00000118473;ENSG00000143195;ENSG00000236548;ENSG00000108947;ENSG00000136244;ENSG00000141668;ENSG00000134107;ENSG00000131981;ENSG00000117525;ENSG00000085552;ENSG00000125657;ENSG00000136999;ENSG00000186081;ENSG00000134762;ENSG00000137573;ENSG00000174482;ENSG00000168743;ENSG00000065325;ENSG00000120820;ENSG00000046604;ENSG00000144644;ENSG00000124762;ENSG00000205363;ENSG00000171714;ENSG00000062038
HAY_BONE_MARROW_EOSINOPHIL	0.375680580762251	0.534117128370931	0.0894366833718621	0.370153589950219	1.04636758571578	56	ENSG00000143549;ENSG00000113387;ENSG00000196083;ENSG00000176595;ENSG00000078369;ENSG00000166401;ENSG00000183688;ENSG00000245848;ENSG00000147123;ENSG00000163902;ENSG00000135441;ENSG00000071655;ENSG00000100364;ENSG00000044574;ENSG00000130748;ENSG00000183684;ENSG00000090382;ENSG00000110079;ENSG00000246705
HAY_BONE_MARROW_PLASMA_CELL	0.368121442125237	0.524913908215616	0.0931454575337804	0.341085359903664	1.0458529360294	94	ENSG00000004848;ENSG00000253633;ENSG00000079931;ENSG00000118985;ENSG00000239264;ENSG00000150556;ENSG00000137285;ENSG00000156113;ENSG00000112812;ENSG00000260001;ENSG00000142235;ENSG00000114850
MANNO_MIDBRAIN_NEUROTYPES_HOPC	0.357377049180328	0.517697168101097	0.0865399737444125	0.289993005870563	1.04134355796599	361	ENSG00000125675;ENSG00000156475;ENSG00000167654;ENSG00000169783;ENSG00000196376;ENSG00000169085;ENSG00000153823;ENSG00000092758;ENSG00000171310;ENSG00000166897;ENSG00000059915;ENSG00000134532;ENSG00000119408;ENSG00000164300;ENSG00000118507;ENSG00000128656;ENSG00000147408;ENSG00000148082;ENSG00000023445;ENSG00000198576;ENSG00000153253;ENSG00000079156;ENSG00000275832;ENSG00000176204;ENSG00000152953;ENSG00000243902;ENSG00000141404;ENSG00000118971;ENSG00000103489;ENSG00000148948;ENSG00000115290;ENSG00000165973;ENSG00000087495;ENSG00000154096;ENSG00000105520;ENSG00000181790;ENSG00000178235;ENSG00000198673;ENSG00000120738;ENSG00000128872;ENSG00000139352;ENSG00000152092;ENSG00000168959;ENSG00000138413;ENSG00000156140;ENSG00000154118;ENSG00000183715;ENSG00000166342;ENSG00000164649;ENSG00000145990;ENSG00000169862;ENSG00000166068;ENSG00000164687;ENSG00000116667;ENSG00000143862;ENSG00000182771;ENSG00000110436;ENSG00000105722;ENSG00000147481;ENSG00000163380;ENSG00000143153;ENSG00000179915;ENSG00000174721;ENSG00000114646;ENSG00000162512;ENSG00000139915;ENSG00000134058;ENSG00000135454;ENSG00000198855;ENSG00000156395;ENSG00000188064;ENSG00000038002;ENSG00000198797;ENSG00000182968;ENSG00000106278;ENSG00000204128;ENSG00000145284;ENSG00000148123;ENSG00000270181;ENSG00000150625;ENSG00000196090;ENSG00000137726;ENSG00000078549;ENSG00000169760
DESCARTES_FETAL_PLACENTA_PAEP_MECOM_POSITIVE_CELLS	0.360655737704918	0.51786464901219	0.0919686140000427	0.319849634997579	1.03654213609887	145	ENSG00000101134;ENSG00000116299;ENSG00000171509;ENSG00000131508;ENSG00000263724;ENSG00000138769;ENSG00000237596;ENSG00000162878;ENSG00000128342;ENSG00000082482;ENSG00000064270;ENSG00000125850;ENSG00000106688;ENSG00000164251;ENSG00000157765;ENSG00000119888;ENSG00000184292;ENSG00000216863;ENSG00000175793;ENSG00000101443;ENSG00000157005;ENSG00000164949;ENSG00000211445;ENSG00000133962;ENSG00000134258;ENSG00000245750;ENSG00000251396;ENSG00000006210;ENSG00000104388;ENSG00000164197
HU_FETAL_RETINA_FIBROBLAST	0.34983498349835	0.510659596765364	0.0880945010398517	0.288128926671318	1.03624382907106	378	ENSG00000081189;ENSG00000145632;ENSG00000170370;ENSG00000159307;ENSG00000125266;ENSG00000044524;ENSG00000095596;ENSG00000019549;ENSG00000140937;ENSG00000007944;ENSG00000183386;ENSG00000163171;ENSG00000114861;ENSG00000164116;ENSG00000173598;ENSG00000166250;ENSG00000008256;ENSG00000180730;ENSG00000102024;ENSG00000075790;ENSG00000146374;ENSG00000117298;ENSG00000116741;ENSG00000160932;ENSG00000125740;ENSG00000144824;ENSG00000118971;ENSG00000087074;ENSG00000090006;ENSG00000134363;ENSG00000079819;ENSG00000184232;ENSG00000203760;ENSG00000154096;ENSG00000120738;ENSG00000148834;ENSG00000171223;ENSG00000130300;ENSG00000150687
GAO_LARGE_INTESTINE_ADULT_CF_GOBLET_CELL_SUBTYPE_1	0.413207547169811	0.564381040036816	0.0862865626267245	0.431989408375305	1.03568640983482	22	ENSG00000172159;ENSG00000158292;ENSG00000130035;ENSG00000100302;ENSG00000185442;ENSG00000198488;ENSG00000186188
DESCARTES_MAIN_FETAL_THYMOCYTES	0.389413988657845	0.540268056336109	0.0897104652742981	0.337672057275035	1.03393884852209	93	ENSG00000140950;ENSG00000100351;ENSG00000090975;ENSG00000269891;ENSG00000135426;ENSG00000186047;ENSG00000238121;ENSG00000147316;ENSG00000228956;ENSG00000134668;ENSG00000260302;ENSG00000172673;ENSG00000136104;ENSG00000173585;ENSG00000272259;ENSG00000083454;ENSG00000168675;ENSG00000230006;ENSG00000061273;ENSG00000166669
DESCARTES_FETAL_CEREBRUM_MEGAKARYOCYTES	0.352180936995153	0.512868693118238	0.0865399737444125	0.285059696821921	1.03338607488464	400	ENSG00000146386;ENSG00000135334;ENSG00000168135;ENSG00000181467;ENSG00000188483;ENSG00000119599;ENSG00000147804;ENSG00000154146;ENSG00000259207;ENSG00000005249;ENSG00000196227;ENSG00000115641;ENSG00000125898;ENSG00000137801;ENSG00000049323;ENSG00000100351;ENSG00000104998;ENSG00000025772;ENSG00000124212;ENSG00000185950;ENSG00000145431;ENSG00000158769;ENSG00000135426;ENSG00000198336;ENSG00000158856;ENSG00000185340;ENSG00000105376;ENSG00000123810;ENSG00000204851;ENSG00000053372;ENSG00000147650;ENSG00000238243;ENSG00000166173;ENSG00000181004;ENSG00000170791;ENSG00000110080;ENSG00000111726;ENSG00000135002;ENSG00000126903;ENSG00000158716;ENSG00000145247;ENSG00000112658;ENSG00000160214;ENSG00000116273;ENSG00000198730;ENSG00000156853;ENSG00000162722;ENSG00000132535;ENSG00000254806;ENSG00000205436;ENSG00000124491;ENSG00000120805;ENSG00000188725;ENSG00000132297;ENSG00000125962;ENSG00000213397;ENSG00000097096;ENSG00000232973;ENSG00000198924;ENSG00000106546;ENSG00000070190;ENSG00000089327
GAUTAM_EYE_IRIS_CILIARY_BODY_MEG3_HIGH_FIBROBLASTS	0.377289377289377	0.534117128370931	0.0897104652742981	0.329068967487611	1.03239908483532	110	ENSG00000170921;ENSG00000170370;ENSG00000211448;ENSG00000019991;ENSG00000182022;ENSG00000073331;ENSG00000117036;ENSG00000159128;ENSG00000148339;ENSG00000064932;ENSG00000065154;ENSG00000205726;ENSG00000241684;ENSG00000109814;ENSG00000108950;ENSG00000117143;ENSG00000134107
GAO_SMALL_INTESTINE_24W_C3_ENTEROCYTE_PROGENITOR_SUBTYPE_1	0.395948434622468	0.545647059792931	0.0873098257637931	0.375595987630477	1.03070148788347	46	ENSG00000164076;ENSG00000164885;ENSG00000176532;ENSG00000272398;ENSG00000236581;ENSG00000169413;ENSG00000278505;ENSG00000135392;ENSG00000131142;ENSG00000187210
DESCARTES_FETAL_INTESTINE_INTESTINAL_EPITHELIAL_CELLS	0.388888888888889	0.540268056336109	0.0850427463764322	0.302834171027961	1.03003014993081	195	ENSG00000122574;ENSG00000147804;ENSG00000119125;ENSG00000083307;ENSG00000178821;ENSG00000232472;ENSG00000184697;ENSG00000106688;ENSG00000137843;ENSG00000184307;ENSG00000138207;ENSG00000164251;ENSG00000165105;ENSG00000115850;ENSG00000165125;ENSG00000176928;ENSG00000188611;ENSG00000176532;ENSG00000162398;ENSG00000205436;ENSG00000131981;ENSG00000165376;ENSG00000236345;ENSG00000138030;ENSG00000168748;ENSG00000165828;ENSG00000204128;ENSG00000163898;ENSG00000103534;ENSG00000161653;ENSG00000166869
HAY_BONE_MARROW_NAIVE_T_CELL	0.367213114754098	0.524833593244837	0.0850427463764322	0.284918385044333	1.02660976030761	383	ENSG00000111863;ENSG00000008513;ENSG00000250303;ENSG00000197635;ENSG00000005059;ENSG00000215845;ENSG00000156804;ENSG00000158985;ENSG00000110619;ENSG00000101109;ENSG00000114861;ENSG00000075884;ENSG00000164300;ENSG00000104998;ENSG00000154764;ENSG00000170004;ENSG00000135426;ENSG00000182809;ENSG00000119801;ENSG00000166971;ENSG00000114942;ENSG00000184613;ENSG00000138757;ENSG00000101745;ENSG00000104660;ENSG00000136819;ENSG00000184203;ENSG00000221946;ENSG00000163001;ENSG00000145247;ENSG00000109929;ENSG00000160310;ENSG00000173812;ENSG00000156976;ENSG00000176928;ENSG00000171223;ENSG00000233355;ENSG00000185115;ENSG00000151327;ENSG00000083799;ENSG00000165929;ENSG00000133872;ENSG00000213626;ENSG00000110448;ENSG00000172673;ENSG00000127528;ENSG00000131507;ENSG00000173114;ENSG00000172809;ENSG00000089327;ENSG00000165502;ENSG00000140988;ENSG00000168028;ENSG00000196843;ENSG00000089737;ENSG00000162368;ENSG00000186222;ENSG00000172575;ENSG00000277586;ENSG00000095794;ENSG00000108669;ENSG00000171791;ENSG00000173846;ENSG00000241343;ENSG00000143924;ENSG00000070718;ENSG00000115977;ENSG00000134954;ENSG00000113263;ENSG00000071082;ENSG00000150347;ENSG00000035115;ENSG00000111913;ENSG00000127311;ENSG00000231500;ENSG00000070756;ENSG00000005486;ENSG00000144713;ENSG00000103194;ENSG00000100003;ENSG00000112486;ENSG00000102109;ENSG00000147457;ENSG00000133574;ENSG00000198918;ENSG00000111716;ENSG00000082074;ENSG00000147677;ENSG00000146285;ENSG00000163935;ENSG00000242114;ENSG00000164466;ENSG00000104979;ENSG00000101842;ENSG00000197448;ENSG00000213203;ENSG00000145779;ENSG00000101695;ENSG00000231721;ENSG00000197958
MENON_FETAL_KIDNEY_8_CONNECTING_TUBULE_CELLS	0.382402707275804	0.535347178518985	0.0845557442441281	0.294110733965866	1.02506077290047	258	ENSG00000135638;ENSG00000170370;ENSG00000147324;ENSG00000215845;ENSG00000188042;ENSG00000104419;ENSG00000198914;ENSG00000183023;ENSG00000148468;ENSG00000173598;ENSG00000163629;ENSG00000146007;ENSG00000162545;ENSG00000116679;ENSG00000049759;ENSG00000243927;ENSG00000119888;ENSG00000166913;ENSG00000064042;ENSG00000160310;ENSG00000104267;ENSG00000123200;ENSG00000101443;ENSG00000214128;ENSG00000163638;ENSG00000073712;ENSG00000133872;ENSG00000124831;ENSG00000115419;ENSG00000272398;ENSG00000115310;ENSG00000143153;ENSG00000113282;ENSG00000142949;ENSG00000163694;ENSG00000165502
DESCARTES_MAIN_FETAL_ELF3_AGBL2_POSITIVE_CELLS	0.380035026269702	0.534117128370931	0.086794975677172	0.302177699996392	1.02482049640182	193	ENSG00000179841;ENSG00000070770;ENSG00000103342;ENSG00000162377;ENSG00000124217;ENSG00000196422;ENSG00000185847;ENSG00000119446;ENSG00000188542;ENSG00000137547;ENSG00000168438;ENSG00000126067;ENSG00000130311;ENSG00000156261;ENSG00000163923;ENSG00000166971;ENSG00000158186;ENSG00000121864;ENSG00000100216;ENSG00000175595;ENSG00000174173;ENSG00000006047;ENSG00000204310;ENSG00000258376;ENSG00000261603;ENSG00000113068;ENSG00000116221;ENSG00000184489;ENSG00000254999;ENSG00000258979;ENSG00000168806;ENSG00000267767;ENSG00000137409;ENSG00000270170;ENSG00000237668;ENSG00000121022;ENSG00000254858;ENSG00000272902;ENSG00000214097;ENSG00000095321
DURANTE_ADULT_OLFACTORY_NEUROEPITHELIUM_MONOCYTES	0.402255639097744	0.553101503759399	0.0875697115548511	0.390140272751737	1.02379224799922	37	ENSG00000112137;ENSG00000116741;ENSG00000159189;ENSG00000173369;ENSG00000158869;ENSG00000162924;ENSG00000090104;ENSG00000173372;ENSG00000166927;ENSG00000277632;ENSG00000118515;ENSG00000169508;ENSG00000216490;ENSG00000198502;ENSG00000163563;ENSG00000196126;ENSG00000122862;ENSG00000011600;ENSG00000204472;ENSG00000125538;ENSG00000276070;ENSG00000110077
DESCARTES_MAIN_FETAL_LENS_FIBRE_CELLS	0.394827586206897	0.545322406061543	0.0838361057159929	0.296105621415946	1.01836377025953	221	ENSG00000120549;ENSG00000225872;ENSG00000215196;ENSG00000255561;ENSG00000158560;ENSG00000160785;ENSG00000120498;ENSG00000116212;ENSG00000196116;ENSG00000179088;ENSG00000154764;ENSG00000090530;ENSG00000165935;ENSG00000168582;ENSG00000029153;ENSG00000178974;ENSG00000118231;ENSG00000240356;ENSG00000153048;ENSG00000197555;ENSG00000225764;ENSG00000183876;ENSG00000221887;ENSG00000223756;ENSG00000197329;ENSG00000144320;ENSG00000187566;ENSG00000224243;ENSG00000164687;ENSG00000248152;ENSG00000229150;ENSG00000141560;ENSG00000213714;ENSG00000246331;ENSG00000215529;ENSG00000196810;ENSG00000244752;ENSG00000188501;ENSG00000145692;ENSG00000164296;ENSG00000157654;ENSG00000145428;ENSG00000132952;ENSG00000060656;ENSG00000182446;ENSG00000177459
MENON_FETAL_KIDNEY_4_PODOCYTES	0.404553415061296	0.555022057188771	0.0833634065110386	0.298331235491497	1.01719755286118	205	ENSG00000181418;ENSG00000249242;ENSG00000125266;ENSG00000163527;ENSG00000138758;ENSG00000104765;ENSG00000171992;ENSG00000187391;ENSG00000170004;ENSG00000196935;ENSG00000092820;ENSG00000139971;ENSG00000116717;ENSG00000204103;ENSG00000113522;ENSG00000151490;ENSG00000154153;ENSG00000138792;ENSG00000101745;ENSG00000260032;ENSG00000161270;ENSG00000160310;ENSG00000150938;ENSG00000117592;ENSG00000118680;ENSG00000149100;ENSG00000163638;ENSG00000065613;ENSG00000133872;ENSG00000124831;ENSG00000128567;ENSG00000104388;ENSG00000167522;ENSG00000165502;ENSG00000196141;ENSG00000082641;ENSG00000112715;ENSG00000111897;ENSG00000137573;ENSG00000119820;ENSG00000158528;ENSG00000168743;ENSG00000130303;ENSG00000145860;ENSG00000101335;ENSG00000205542;ENSG00000198162;ENSG00000143761;ENSG00000184840;ENSG00000196914;ENSG00000106052;ENSG00000008952;ENSG00000167941;ENSG00000170017;ENSG00000179950;ENSG00000147649;ENSG00000166598;ENSG00000102401;ENSG00000075420
DESCARTES_MAIN_FETAL_HEPATOBLASTS	0.417883211678832	0.566193745232647	0.0838361057159929	0.338804389703157	1.0160728845016	80	ENSG00000228971;ENSG00000112245;ENSG00000149742;ENSG00000090534;ENSG00000109667;ENSG00000147647;ENSG00000149124;ENSG00000187134;ENSG00000174990;ENSG00000119927;ENSG00000104635;ENSG00000214855;ENSG00000113924;ENSG00000196600;ENSG00000153086;ENSG00000134365
AIZARANI_LIVER_C4_EPCAM_POS_BILE_DUCT_CELLS_1	0.419130434782609	0.566193745232647	0.0810802057550866	0.298819494556447	1.00969314543582	184	ENSG00000105926;ENSG00000155090;ENSG00000074416;ENSG00000162522;ENSG00000148468;ENSG00000182240;ENSG00000105971;ENSG00000162545;ENSG00000154639;ENSG00000152894;ENSG00000076864;ENSG00000124225;ENSG00000049759;ENSG00000119888;ENSG00000108582;ENSG00000163347;ENSG00000184292;ENSG00000120738;ENSG00000189292;ENSG00000104267;ENSG00000116133;ENSG00000151632;ENSG00000187134;ENSG00000272398;ENSG00000143153;ENSG00000142949;ENSG00000154556;ENSG00000196141;ENSG00000112715;ENSG00000122870;ENSG00000162105;ENSG00000170558;ENSG00000096384;ENSG00000177459;ENSG00000146038;ENSG00000088992;ENSG00000039068;ENSG00000035115;ENSG00000148426;ENSG00000106078;ENSG00000006327;ENSG00000157502;ENSG00000143878;ENSG00000170017;ENSG00000064115;ENSG00000181885;ENSG00000118785;ENSG00000171759;ENSG00000005893;ENSG00000018408;ENSG00000118523;ENSG00000177425;ENSG00000119280;ENSG00000148702;ENSG00000107249;ENSG00000105855;ENSG00000166825
MENON_FETAL_KIDNEY_5_PROXIMAL_TUBULE_CELLS	0.43327239488117	0.578105781057811	0.0819778796501272	0.321470608161509	1.00949569462491	111	ENSG00000170370;ENSG00000197635;ENSG00000102172;ENSG00000110841;ENSG00000148154;ENSG00000113361;ENSG00000198668;ENSG00000160014;ENSG00000145247;ENSG00000226608;ENSG00000115758;ENSG00000087086;ENSG00000272398;ENSG00000152767;ENSG00000115310;ENSG00000196141;ENSG00000188229;ENSG00000164733;ENSG00000121858;ENSG00000167996;ENSG00000115541;ENSG00000240342;ENSG00000146038;ENSG00000150347;ENSG00000115738;ENSG00000143158;ENSG00000106591
BUSSLINGER_DUODENAL_I_CELLS	0.460227272727273	0.598101265822785	0.0806388495950661	0.454489594580712	1.00938668060405	15	ENSG00000118985;ENSG00000187094;ENSG00000171951;ENSG00000102109;ENSG00000166922
DESCARTES_FETAL_STOMACH_MUC13_DMBT1_POSITIVE_CELLS	0.433579335793358	0.578105781057811	0.0824344091527096	0.338242293788245	1.00522913032569	77	ENSG00000150594;ENSG00000119125;ENSG00000163251;ENSG00000074276;ENSG00000169894;ENSG00000165376;ENSG00000163975;ENSG00000132911;ENSG00000070019;ENSG00000138030
TRAVAGLINI_LUNG_MYOFIBROBLAST_CELL	0.43963963963964	0.583445435827042	0.080419996876154	0.342172144071203	0.999749124325172	64	ENSG00000225383;ENSG00000111859;ENSG00000171617;ENSG00000145824;ENSG00000156427;ENSG00000145431;ENSG00000143196;ENSG00000164949;ENSG00000111799;ENSG00000185269;ENSG00000143153;ENSG00000133110;ENSG00000153976;ENSG00000102109;ENSG00000117519;ENSG00000168734;ENSG00000168077;ENSG00000111275;ENSG00000105664;ENSG00000050165;ENSG00000118523
MURARO_PANCREAS_EPSILON_CELL	0.428838951310861	0.574271291320632	0.0838361057159929	0.373449925485526	0.995810885474328	39	ENSG00000004848;ENSG00000111859;ENSG00000170381;ENSG00000074590
CUI_DEVELOPING_HEART_5TH_WEEK_VENTRICULAR_CARDIOMYOCYTE	0.445672191528545	0.587316661390736	0.0808589150280032	0.332417399976837	0.995562205430625	79	ENSG00000276023;ENSG00000156475;ENSG00000170340;ENSG00000122877;ENSG00000158050;ENSG00000124772;ENSG00000164054;ENSG00000147010;ENSG00000236714;ENSG00000174437;ENSG00000181191;ENSG00000237187;ENSG00000211445;ENSG00000126882;ENSG00000115194;ENSG00000085377;ENSG00000265107;ENSG00000100418;ENSG00000131435;ENSG00000168038;ENSG00000269556;ENSG00000088992;ENSG00000205678;ENSG00000112276;ENSG00000147465
DESCARTES_MAIN_FETAL_CLC_IL5RA_POSITIVE_CELLS	0.459552495697074	0.598101265822785	0.0756946307932749	0.289068337615598	0.99473620974888	223	ENSG00000265313;ENSG00000048162;ENSG00000174013;ENSG00000114686;ENSG00000050393;ENSG00000145029;ENSG00000164088;ENSG00000247077;ENSG00000158882;ENSG00000137692;ENSG00000090372;ENSG00000236714;ENSG00000131263;ENSG00000203760;ENSG00000143368;ENSG00000114784;ENSG00000073756;ENSG00000109534;ENSG00000254806;ENSG00000186687;ENSG00000137054;ENSG00000238227;ENSG00000075975;ENSG00000141434;ENSG00000179409;ENSG00000182180;ENSG00000104221;ENSG00000169230;ENSG00000259343;ENSG00000142405;ENSG00000122034;ENSG00000136710;ENSG00000234869;ENSG00000230629;ENSG00000177125;ENSG00000176371;ENSG00000225573;ENSG00000188305;ENSG00000100056;ENSG00000261220;ENSG00000132763;ENSG00000105197;ENSG00000126581;ENSG00000124103;ENSG00000238058;ENSG00000134970;ENSG00000260231;ENSG00000204516;ENSG00000111850;ENSG00000186298;ENSG00000183134;ENSG00000168883;ENSG00000205279;ENSG00000235958;ENSG00000116095;ENSG00000245293;ENSG00000254064
CUI_DEVELOPING_HEART_ENDOCARDIAL_CELL	0.447227191413238	0.587402878274104	0.0791316651768349	0.351896189090811	0.992867492452426	53	ENSG00000113389;ENSG00000116106;ENSG00000073849;ENSG00000140937;ENSG00000175206;ENSG00000112414;ENSG00000130300;ENSG00000167772;ENSG00000143153;ENSG00000169851;ENSG00000116260;ENSG00000102271;ENSG00000046604;ENSG00000137726;ENSG00000133110
BUSSLINGER_GASTRIC_X_CELLS	0.44620811287478	0.587316661390736	0.0785029047348687	0.292965304517073	0.990166686243332	190	ENSG00000004848;ENSG00000186642;ENSG00000060709;ENSG00000168772;ENSG00000185630;ENSG00000242247;ENSG00000010404;ENSG00000078018;ENSG00000203772;ENSG00000131711;ENSG00000167552;ENSG00000140450;ENSG00000204103;ENSG00000176956;ENSG00000104435;ENSG00000156113;ENSG00000198668;ENSG00000138660;ENSG00000151552;ENSG00000170091;ENSG00000127585;ENSG00000120738;ENSG00000171223;ENSG00000114353;ENSG00000211445;ENSG00000087258;ENSG00000148584;ENSG00000054356;ENSG00000124831;ENSG00000115310;ENSG00000154556;ENSG00000104763;ENSG00000133169;ENSG00000196141;ENSG00000170293;ENSG00000089737
GAUTAM_EYE_IRIS_CILIARY_BODY_CYTOTOXIC_T_CELLS	0.455882352941176	0.596740209730934	0.0795564677235957	0.326550503466805	0.986609243807625	84	ENSG00000127084;ENSG00000139291;ENSG00000168438;ENSG00000121579;ENSG00000067064;ENSG00000115540;ENSG00000154144;ENSG00000145365;ENSG00000006634;ENSG00000184162;ENSG00000196850;ENSG00000096384;ENSG00000134070;ENSG00000011052;ENSG00000115271;ENSG00000160326;ENSG00000174004;ENSG00000160218;ENSG00000266094;ENSG00000130429;ENSG00000125910;ENSG00000114013;ENSG00000138796;ENSG00000066654;ENSG00000133112;ENSG00000146872;ENSG00000179715;ENSG00000153898;ENSG00000117505;ENSG00000189403;ENSG00000008324;ENSG00000086300;ENSG00000136942
DESCARTES_MAIN_FETAL_LYMPHOID_CELLS	0.441441441441441	0.583536326025596	0.0802023444698144	0.307203862593256	0.985765719294997	128	ENSG00000188042;ENSG00000136490;ENSG00000102879;ENSG00000115165;ENSG00000143184;ENSG00000158482;ENSG00000124203;ENSG00000007264;ENSG00000074966;ENSG00000027869;ENSG00000162894;ENSG00000233355;ENSG00000182487;ENSG00000177455;ENSG00000083799;ENSG00000110448;ENSG00000137441;ENSG00000184922;ENSG00000185404;ENSG00000035720;ENSG00000073861;ENSG00000240342;ENSG00000121895;ENSG00000205045;ENSG00000136286;ENSG00000111913;ENSG00000125245;ENSG00000112486
DESCARTES_MAIN_FETAL_GOBLET_CELLS	0.472998137802607	0.605752292903131	0.0782955249944794	0.363319127952441	0.984323092296014	42	ENSG00000180251;ENSG00000157613;ENSG00000072803;ENSG00000013588;ENSG00000115616;ENSG00000163558;ENSG00000112699;ENSG00000198488;ENSG00000134398
HAY_BONE_MARROW_CD34_POS_PRE_PC	0.470909090909091	0.604333333333333	0.077274697304471	0.312510728959725	0.982850747706824	115	ENSG00000108219;ENSG00000174749;ENSG00000178217;ENSG00000156564;ENSG00000110841;ENSG00000120910;ENSG00000025796;ENSG00000181788;ENSG00000230945;ENSG00000163536;ENSG00000196368;ENSG00000238121;ENSG00000122585;ENSG00000176956;ENSG00000147905;ENSG00000072682;ENSG00000172995;ENSG00000104064;ENSG00000066382
DESCARTES_FETAL_MUSCLE_STROMAL_CELLS	0.463955637707948	0.598934621126942	0.0789209638180035	0.324713609949271	0.981730383328527	85	ENSG00000183287;ENSG00000248540;ENSG00000145824;ENSG00000156427;ENSG00000146374;ENSG00000198889;ENSG00000117598;ENSG00000156466;ENSG00000169884;ENSG00000143196;ENSG00000180347;ENSG00000187094;ENSG00000111799
DESCARTES_MAIN_FETAL_SYNCYTIOTROPHOBLASTS_AND_VILLOUS_CYTOTROPHOBLASTS	0.485768500948767	0.611929236368999	0.0778840111977068	0.318123881125883	0.979989673600828	98	ENSG00000249242;ENSG00000224893;ENSG00000152413;ENSG00000155313;ENSG00000066827;ENSG00000148660;ENSG00000185305;ENSG00000128891;ENSG00000169635;ENSG00000230067;ENSG00000218336;ENSG00000253882;ENSG00000258038;ENSG00000273125;ENSG00000145808;ENSG00000080503
DESCARTES_MAIN_FETAL_URETERIC_BUD_CELLS	0.456273764258555	0.596740209730934	0.0813027345384498	0.386028109638406	0.97946540489548	29	ENSG00000229847;ENSG00000170370;ENSG00000198889;ENSG00000132874
DESCARTES_FETAL_MUSCLE_LYMPHOID_CELLS	0.478021978021978	0.607239069907442	0.0768736734126542	0.3108141849385	0.977140749446217	116	ENSG00000185760;ENSG00000107833;ENSG00000116852;ENSG00000188042;ENSG00000104998;ENSG00000106785;ENSG00000161405;ENSG00000135426;ENSG00000007264;ENSG00000133985;ENSG00000240857;ENSG00000185085;ENSG00000144452;ENSG00000118513;ENSG00000170191;ENSG00000254806;ENSG00000165929;ENSG00000172673
BUSSLINGER_ESOPHAGEAL_QUIESCENT_BASAL_CELLS	0.498168498168498	0.623723160308526	0.0747385227439092	0.328353132240648	0.97349394125237	74	ENSG00000079931;ENSG00000184916;ENSG00000145824;ENSG00000125740;ENSG00000103257;ENSG00000139514;ENSG00000156976;ENSG00000171223;ENSG00000234741;ENSG00000167996;ENSG00000142192;ENSG00000096384;ENSG00000171603;ENSG00000115902;ENSG00000065618;ENSG00000170345;ENSG00000105974
DESCARTES_MAIN_FETAL_IGFBP1_DKK1_POSITIVE_CELLS	0.478102189781022	0.607239069907442	0.0766746872490091	0.294840689468362	0.97235581367103	159	ENSG00000182704;ENSG00000099260;ENSG00000111981;ENSG00000259863;ENSG00000268895;ENSG00000116005;ENSG00000185950;ENSG00000171621;ENSG00000166106;ENSG00000243927;ENSG00000105849;ENSG00000235750;ENSG00000154096;ENSG00000117594;ENSG00000203999;ENSG00000102547;ENSG00000272841;ENSG00000115602;ENSG00000176532;ENSG00000224743;ENSG00000153487;ENSG00000168140;ENSG00000154175;ENSG00000033100;ENSG00000082641;ENSG00000253305;ENSG00000263873;ENSG00000198855;ENSG00000185666;ENSG00000218823;ENSG00000135914
LAKE_ADULT_KIDNEY_C3_PROXIMAL_TUBULE_EPITHELIAL_CELLS_S1_S2	0.533101045296167	0.647712512628085	0.0687943095604775	0.284083220763426	0.972153195953608	211	ENSG00000172159;ENSG00000110841;ENSG00000255248;ENSG00000134775;ENSG00000108018;ENSG00000117395;ENSG00000139132;ENSG00000185630;ENSG00000154655;ENSG00000090530;ENSG00000106688;ENSG00000049759;ENSG00000131558;ENSG00000100154;ENSG00000241158;ENSG00000145362;ENSG00000072422;ENSG00000138792;ENSG00000133401;ENSG00000171914;ENSG00000119522;ENSG00000197555;ENSG00000109667;ENSG00000144407;ENSG00000147647;ENSG00000176771;ENSG00000227258;ENSG00000123200;ENSG00000145147;ENSG00000211445;ENSG00000150672;ENSG00000149124;ENSG00000172264;ENSG00000152767;ENSG00000154556;ENSG00000167522;ENSG00000163694;ENSG00000263961;ENSG00000099250;ENSG00000171791;ENSG00000145692;ENSG00000177311;ENSG00000158089;ENSG00000152217;ENSG00000080608;ENSG00000146555;ENSG00000168038;ENSG00000169760;ENSG00000185345;ENSG00000140443
DESCARTES_MAIN_FETAL_INTESTINAL_EPITHELIAL_CELLS	0.491103202846975	0.617379191128806	0.0739901439101342	0.345176027307799	0.970923507130245	52	ENSG00000138669;ENSG00000115850;ENSG00000204588;ENSG00000186567;ENSG00000163975;ENSG00000123684;ENSG00000243742;ENSG00000138030;ENSG00000168748;ENSG00000177311;ENSG00000137251;ENSG00000236438;ENSG00000205277;ENSG00000249948;ENSG00000116176
GAO_LARGE_INTESTINE_ADULT_CE_OLFM4HIGH_STEM_CELL	0.524509803921569	0.644906265899573	0.066436413766281	0.270942071500533	0.970138311342513	341	ENSG00000186960;ENSG00000122574;ENSG00000215196;ENSG00000100503;ENSG00000154146;ENSG00000116852;ENSG00000171992;ENSG00000244215;ENSG00000062282;ENSG00000183655;ENSG00000138769;ENSG00000164116;ENSG00000120498;ENSG00000171864;ENSG00000180543;ENSG00000163536;ENSG00000100346;ENSG00000113361;ENSG00000083812;ENSG00000078018;ENSG00000148288;ENSG00000204052;ENSG00000122679;ENSG00000172731;ENSG00000165621;ENSG00000183186;ENSG00000196357;ENSG00000165125;ENSG00000186231;ENSG00000167034;ENSG00000134326;ENSG00000131188;ENSG00000168140;ENSG00000181284;ENSG00000012660;ENSG00000043039;ENSG00000185386;ENSG00000110436;ENSG00000183476;ENSG00000006210;ENSG00000171051;ENSG00000013619;ENSG00000128383;ENSG00000143067;ENSG00000136875;ENSG00000203601;ENSG00000204540;ENSG00000133519;ENSG00000068354;ENSG00000189398;ENSG00000095951;ENSG00000119946;ENSG00000070718;ENSG00000134070;ENSG00000144596;ENSG00000146555;ENSG00000146038
DESCARTES_FETAL_PLACENTA_VASCULAR_ENDOTHELIAL_CELLS	0.508411214953271	0.630222010026259	0.0747385227439092	0.312790380001559	0.965534701153317	96	ENSG00000106852;ENSG00000169744;ENSG00000138190;ENSG00000167210;ENSG00000150510;ENSG00000133116;ENSG00000241322;ENSG00000115290;ENSG00000140945;ENSG00000130300;ENSG00000136114;ENSG00000145708;ENSG00000165757;ENSG00000104967;ENSG00000127528
ZHONG_PFC_C1_MICROGLIA	0.535353535353535	0.649168853893263	0.0668966276500666	0.276099453645459	0.962274141162426	257	ENSG00000153317;ENSG00000085433;ENSG00000137947;ENSG00000117395;ENSG00000164163;ENSG00000182481;ENSG00000170515;ENSG00000197498;ENSG00000065150;ENSG00000117419;ENSG00000077152;ENSG00000151465;ENSG00000102898;ENSG00000087074;ENSG00000140403;ENSG00000106615;ENSG00000151552;ENSG00000123416;ENSG00000143621;ENSG00000159131;ENSG00000064763;ENSG00000160214;ENSG00000100294;ENSG00000105171;ENSG00000116133;ENSG00000175110;ENSG00000134107;ENSG00000076003;ENSG00000132341;ENSG00000123473;ENSG00000163823;ENSG00000116221;ENSG00000109881;ENSG00000049541;ENSG00000173085;ENSG00000180198;ENSG00000023572;ENSG00000128626;ENSG00000069275;ENSG00000116161;ENSG00000222041
DESCARTES_FETAL_KIDNEY_MESANGIAL_CELLS	0.512104283054004	0.632176830383299	0.0741758965588009	0.354998196915393	0.961779592824	42	ENSG00000183287;ENSG00000188580;ENSG00000107518;ENSG00000167414;ENSG00000148082;ENSG00000141052;ENSG00000087495;ENSG00000188916
CUI_DEVELOPING_HEART_VASCULAR_ENDOTHELIAL_CELL	0.532399299474606	0.647712512628085	0.069119845655101	0.283392727378875	0.961112205012321	193	ENSG00000186907;ENSG00000188483;ENSG00000204397;ENSG00000134138;ENSG00000092758;ENSG00000163171;ENSG00000134198;ENSG00000136603;ENSG00000149115;ENSG00000125740;ENSG00000122679;ENSG00000087074;ENSG00000133789;ENSG00000090006;ENSG00000185567;ENSG00000102804;ENSG00000105976;ENSG00000150938;ENSG00000171223;ENSG00000104783;ENSG00000132274;ENSG00000141668;ENSG00000107968;ENSG00000134107;ENSG00000154175;ENSG00000139112;ENSG00000142949;ENSG00000127528;ENSG00000089327;ENSG00000182492;ENSG00000265107;ENSG00000137573
TRAVAGLINI_LUNG_SEROUS_CELL	0.527372262773723	0.645847542482332	0.0716527366829457	0.321521921552485	0.960922940992797	78	ENSG00000116299;ENSG00000152931;ENSG00000162878;ENSG00000151882;ENSG00000121335;ENSG00000204136;ENSG00000012223;ENSG00000148803;ENSG00000104267;ENSG00000183010;ENSG00000101443;ENSG00000104783;ENSG00000043039;ENSG00000112699;ENSG00000111261;ENSG00000167085;ENSG00000088992;ENSG00000186377;ENSG00000131771;ENSG00000196136;ENSG00000166123;ENSG00000100219;ENSG00000175130;ENSG00000070081
DESCARTES_MAIN_FETAL_PAEP_MECOM_POSITIVE_CELLS	0.508196721311475	0.630222010026259	0.0734381410838857	0.29189802980636	0.96072174712338	157	ENSG00000109466;ENSG00000171509;ENSG00000131508;ENSG00000263724;ENSG00000145824;ENSG00000162878;ENSG00000064270;ENSG00000173166;ENSG00000140105;ENSG00000106688;ENSG00000116717;ENSG00000165105;ENSG00000216863;ENSG00000112096;ENSG00000101443;ENSG00000241684;ENSG00000133962;ENSG00000151327;ENSG00000266401;ENSG00000251396;ENSG00000165929;ENSG00000104388;ENSG00000186451;ENSG00000133313;ENSG00000250378;ENSG00000188786;ENSG00000204540;ENSG00000236262;ENSG00000234949;ENSG00000259884;ENSG00000122140;ENSG00000249484;ENSG00000226496
DESCARTES_FETAL_KIDNEY_MEGAKARYOCYTES	0.480943738656987	0.609591240766881	0.0760837160951725	0.299229429640925	0.959502069613202	131	ENSG00000150594;ENSG00000154146;ENSG00000198822;ENSG00000259207;ENSG00000077348;ENSG00000236963;ENSG00000197653;ENSG00000184702;ENSG00000119782;ENSG00000120051;ENSG00000141873;ENSG00000185085;ENSG00000172465;ENSG00000204588;ENSG00000144867;ENSG00000205436;ENSG00000165376;ENSG00000157680;ENSG00000237181;ENSG00000205309;ENSG00000140830;ENSG00000188959;ENSG00000243193;ENSG00000144583;ENSG00000169224;ENSG00000108179;ENSG00000041353;ENSG00000095303;ENSG00000135709;ENSG00000160190;ENSG00000118894;ENSG00000140932;ENSG00000129991;ENSG00000119862;ENSG00000159339;ENSG00000139197;ENSG00000180596;ENSG00000253394
ZHONG_PFC_MAJOR_TYPES_ASTROCYTES	0.566006600660066	0.678326976666538	0.0632191170859458	0.269147838755727	0.958115741606893	325	ENSG00000101134;ENSG00000139364;ENSG00000105088;ENSG00000211448;ENSG00000198822;ENSG00000074416;ENSG00000145824;ENSG00000057252;ENSG00000075790;ENSG00000052802;ENSG00000076864;ENSG00000112972;ENSG00000099992;ENSG00000197977;ENSG00000100344;ENSG00000124772;ENSG00000148660;ENSG00000130287;ENSG00000122679;ENSG00000189238;ENSG00000115290;ENSG00000001630;ENSG00000067064;ENSG00000204950;ENSG00000181790;ENSG00000065154;ENSG00000118495;ENSG00000134824;ENSG00000112335;ENSG00000211445;ENSG00000131981;ENSG00000164687;ENSG00000117525;ENSG00000012660;ENSG00000073712;ENSG00000146250;ENSG00000110436;ENSG00000176907;ENSG00000173114;ENSG00000114646;ENSG00000170425;ENSG00000162512
BUSSLINGER_GASTRIC_OXYNTIC_ENTEROCHROMAFFIN_LIKE_CELLS	0.532228360957643	0.647712512628085	0.0716527366829457	0.319597483664985	0.957167632349457	79	ENSG00000110148;ENSG00000121440;ENSG00000117298;ENSG00000153815;ENSG00000100604;ENSG00000140450;ENSG00000145362;ENSG00000119888;ENSG00000198668;ENSG00000151552;ENSG00000101443;ENSG00000105290;ENSG00000169213;ENSG00000211445;ENSG00000054356;ENSG00000133169;ENSG00000171951;ENSG00000079102;ENSG00000134308;ENSG00000058404;ENSG00000135346;ENSG00000166562;ENSG00000008952;ENSG00000102109;ENSG00000175567;ENSG00000173890;ENSG00000197249;ENSG00000130294;ENSG00000166922;ENSG00000069535;ENSG00000220205
GAO_LARGE_INTESTINE_24W_C8_GOBLET_CELL	0.482309124767225	0.609872904770676	0.077274697304471	0.366805587087495	0.957066641904687	35	ENSG00000155093;ENSG00000064270;ENSG00000100604;ENSG00000101040;ENSG00000165105;ENSG00000073737;ENSG00000198488;ENSG00000134398;ENSG00000139697;ENSG00000160190
DESCARTES_MAIN_FETAL_EPICARDIAL_FAT_CELLS	0.518382352941177	0.638647058823529	0.0728938564822936	0.349231591156624	0.956463672835998	44	ENSG00000123119;ENSG00000163249;ENSG00000102802;ENSG00000162687;ENSG00000048545;ENSG00000141668;ENSG00000109743;ENSG00000169035;ENSG00000168743;ENSG00000233087;ENSG00000241764;ENSG00000103569;ENSG00000188257
DESCARTES_MAIN_FETAL_SQUAMOUS_EPITHELIAL_CELLS	0.532846715328467	0.647712512628085	0.0711327399327894	0.319520875349444	0.954942474114509	78	ENSG00000152931;ENSG00000140519;ENSG00000163216;ENSG00000060140;ENSG00000187054;ENSG00000175984;ENSG00000175793;ENSG00000110400;ENSG00000065613;ENSG00000006451;ENSG00000163659;ENSG00000175592;ENSG00000224689;ENSG00000153802;ENSG00000244383;ENSG00000160213;ENSG00000249565;ENSG00000147394;ENSG00000116752;ENSG00000180596;ENSG00000147697;ENSG00000166535;ENSG00000108352;ENSG00000204618
DESCARTES_FETAL_MUSCLE_SKELETAL_MUSCLE_CELLS	0.577933450087566	0.684628856257578	0.0650877566917313	0.278664507017738	0.95014138945497	205	ENSG00000004848;ENSG00000077522;ENSG00000181418;ENSG00000067191;ENSG00000168509;ENSG00000178821;ENSG00000180730;ENSG00000115593;ENSG00000198336;ENSG00000162552;ENSG00000102554;ENSG00000169271;ENSG00000141161;ENSG00000114529;ENSG00000115616;ENSG00000104369;ENSG00000184838;ENSG00000119938;ENSG00000168334;ENSG00000182177;ENSG00000081248;ENSG00000138100;ENSG00000177519;ENSG00000157851;ENSG00000163380;ENSG00000230417;ENSG00000147570;ENSG00000173868;ENSG00000127252;ENSG00000259664;ENSG00000161328;ENSG00000143318;ENSG00000144644;ENSG00000141639;ENSG00000101210;ENSG00000086967;ENSG00000257859;ENSG00000205678;ENSG00000111305;ENSG00000170775;ENSG00000155657;ENSG00000104722
DESCARTES_FETAL_PANCREAS_MESOTHELIAL_CELLS	0.554744525547445	0.66742700729927	0.069119845655101	0.320379549566961	0.945660964219225	71	ENSG00000183287;ENSG00000250125;ENSG00000128965;ENSG00000102554;ENSG00000013588;ENSG00000158008;ENSG00000163347;ENSG00000180440;ENSG00000177519;ENSG00000069764;ENSG00000198797;ENSG00000205362;ENSG00000105928;ENSG00000188257;ENSG00000111452;ENSG00000165899;ENSG00000167754;ENSG00000086544;ENSG00000237986
DESCARTES_FETAL_EYE_LENS_FIBRE_CELLS	0.527372262773723	0.645847542482332	0.0716527366829457	0.322722285183295	0.944523802162479	65	ENSG00000154764;ENSG00000168582;ENSG00000118231;ENSG00000151014;ENSG00000225764;ENSG00000183876;ENSG00000221887;ENSG00000144320;ENSG00000229150;ENSG00000215529;ENSG00000244752;ENSG00000170214;ENSG00000188501;ENSG00000145692;ENSG00000182968;ENSG00000157654
AIZARANI_LIVER_C21_STELLATE_CELLS_1	0.581436077057793	0.685958994851082	0.0647943366000727	0.277577624939535	0.941390577080863	193	ENSG00000183287;ENSG00000019991;ENSG00000035862;ENSG00000137801;ENSG00000163171;ENSG00000136997;ENSG00000151468;ENSG00000116741;ENSG00000088986;ENSG00000125740;ENSG00000131711;ENSG00000179820;ENSG00000090006;ENSG00000102804;ENSG00000092964;ENSG00000154096;ENSG00000120738;ENSG00000143196;ENSG00000197859;ENSG00000196428;ENSG00000171223;ENSG00000150687;ENSG00000115602;ENSG00000164949;ENSG00000211445;ENSG00000117152;ENSG00000172216;ENSG00000072110;ENSG00000050555;ENSG00000163659;ENSG00000108691;ENSG00000182492;ENSG00000186340;ENSG00000116260;ENSG00000107796;ENSG00000124762;ENSG00000138135;ENSG00000101335;ENSG00000150347;ENSG00000137331;ENSG00000196628;ENSG00000187098;ENSG00000133026;ENSG00000103196;ENSG00000170345
GAO_STOMACH_24W_C1_PROCRPOS_MULTIPOTENT_PROGENITOR	0.541044776119403	0.652218360253527	0.0714786287425507	0.350944782727593	0.939207214067799	40	ENSG00000162627;ENSG00000090975;ENSG00000197713;ENSG00000100246;ENSG00000171813;ENSG00000108106;ENSG00000186352;ENSG00000180979
DURANTE_ADULT_OLFACTORY_NEUROEPITHELIUM_PERICYTES	0.574585635359116	0.683288758519541	0.0678338263479455	0.309819662675273	0.927883879364499	79	ENSG00000099260;ENSG00000182809;ENSG00000122679;ENSG00000115306;ENSG00000130300;ENSG00000128567;ENSG00000007908;ENSG00000127528;ENSG00000089327;ENSG00000175602;ENSG00000261371;ENSG00000124762;ENSG00000196628;ENSG00000105974;ENSG00000172889;ENSG00000117318;ENSG00000176435;ENSG00000102755;ENSG00000106991;ENSG00000125810;ENSG00000141753;ENSG00000184557;ENSG00000174059;ENSG00000179144;ENSG00000267107;ENSG00000149564;ENSG00000205502
FAN_EMBRYONIC_CTX_NSC_2	0.643103448275862	0.732258270125566	0.059221919380382	0.267861563837017	0.925469607759944	235	ENSG00000136153;ENSG00000214357;ENSG00000171792;ENSG00000125898;ENSG00000185361;ENSG00000071539;ENSG00000182481;ENSG00000178074;ENSG00000100401;ENSG00000156603;ENSG00000077152;ENSG00000163923;ENSG00000106615;ENSG00000151247;ENSG00000174799;ENSG00000160014;ENSG00000203760;ENSG00000183207;ENSG00000143621;ENSG00000139352;ENSG00000134333;ENSG00000132341;ENSG00000072110;ENSG00000154640;ENSG00000108106;ENSG00000006634;ENSG00000123473;ENSG00000109881;ENSG00000133739;ENSG00000188229;ENSG00000164087;ENSG00000144231;ENSG00000069275;ENSG00000189159
DESCARTES_MAIN_FETAL_RETINAL_PIGMENT_CELLS	0.599271402550091	0.697828325086685	0.0652353056017703	0.279031266051968	0.92425684757596	162	ENSG00000111863;ENSG00000104044;ENSG00000122591;ENSG00000124788;ENSG00000134982;ENSG00000116641;ENSG00000166575;ENSG00000181577;ENSG00000159904;ENSG00000140522;ENSG00000171243
DESCARTES_FETAL_INTESTINE_SMOOTH_MUSCLE_CELLS	0.556797020484171	0.66859057430458	0.0699458736501659	0.34094137140623	0.923696109493454	42	ENSG00000059915;ENSG00000141052;ENSG00000134363;ENSG00000156113;ENSG00000180875;ENSG00000075073;ENSG00000054938;ENSG00000121361;ENSG00000107796;ENSG00000101335;ENSG00000149596;ENSG00000181072;ENSG00000163017;ENSG00000143248;ENSG00000132429;ENSG00000131471
DESCARTES_MAIN_FETAL_SKELETAL_MUSCLE_CELLS	0.596396396396396	0.697116091423492	0.0649407684612899	0.281912954203337	0.921827189555881	152	ENSG00000077522;ENSG00000181418;ENSG00000067191;ENSG00000178821;ENSG00000183386;ENSG00000183520;ENSG00000186051;ENSG00000197905;ENSG00000248713;ENSG00000125744;ENSG00000135930;ENSG00000104369;ENSG00000182177;ENSG00000163597;ENSG00000236548;ENSG00000117592;ENSG00000081248;ENSG00000138100
DESCARTES_MAIN_FETAL_LYMPHATIC_ENDOTHELIAL_CELLS	0.583636363636364	0.686106870229008	0.066436413766281	0.304986544182113	0.919534577869536	81	ENSG00000186642;ENSG00000110841;ENSG00000135631;ENSG00000154529;ENSG00000176595;ENSG00000178184;ENSG00000100036;ENSG00000166839;ENSG00000036530;ENSG00000176170;ENSG00000102271;ENSG00000133800;ENSG00000183578;ENSG00000183153
TRAVAGLINI_LUNG_CAPILLARY_INTERMEDIATE_1_CELL	0.612132352941177	0.71011964107677	0.0646484568421928	0.279644901144242	0.918035052046713	156	ENSG00000120549;ENSG00000111859;ENSG00000120910;ENSG00000171132;ENSG00000150991;ENSG00000179820;ENSG00000167552;ENSG00000171243;ENSG00000136237;ENSG00000087074;ENSG00000104490;ENSG00000168952;ENSG00000080845;ENSG00000118495;ENSG00000104267;ENSG00000088387;ENSG00000075391;ENSG00000115602;ENSG00000211445;ENSG00000147883;ENSG00000174804;ENSG00000115310;ENSG00000006210
DESCARTES_MAIN_FETAL_BIPOLAR_CELLS	0.591320072332731	0.692496510564567	0.0655321029282414	0.312260314445288	0.91623083598968	66	ENSG00000153266;ENSG00000166206;ENSG00000163637;ENSG00000183643;ENSG00000188133;ENSG00000173452;ENSG00000176771;ENSG00000180440;ENSG00000172264
LAKE_ADULT_KIDNEY_C12_THICK_ASCENDING_LIMB	0.701812191103789	0.775641025641026	0.0530212512043078	0.254564778551614	0.915590085892668	376	ENSG00000136153;ENSG00000233639;ENSG00000120549;ENSG00000102172;ENSG00000115652;ENSG00000148468;ENSG00000145824;ENSG00000182240;ENSG00000115896;ENSG00000141401;ENSG00000173598;ENSG00000177133;ENSG00000076864;ENSG00000142611;ENSG00000116679;ENSG00000182809;ENSG00000163590;ENSG00000104714;ENSG00000055163;ENSG00000213047;ENSG00000152953;ENSG00000070882;ENSG00000145362;ENSG00000119888;ENSG00000183775;ENSG00000122378;ENSG00000140859;ENSG00000165973;ENSG00000154096;ENSG00000129625;ENSG00000184292;ENSG00000109971;ENSG00000127955;ENSG00000118473;ENSG00000117592;ENSG00000112992;ENSG00000106066;ENSG00000036672;ENSG00000160209;ENSG00000133872;ENSG00000272398;ENSG00000143153;ENSG00000034510;ENSG00000133313;ENSG00000165678;ENSG00000182621;ENSG00000168028;ENSG00000134440;ENSG00000132305;ENSG00000167996;ENSG00000170153;ENSG00000157445;ENSG00000134313;ENSG00000142192;ENSG00000118596;ENSG00000145284;ENSG00000148123
TRAVAGLINI_LUNG_ALVEOLAR_FIBROBLAST_CELL	0.622950819672131	0.719958170577923	0.0633597010643758	0.278181225779873	0.915575735216352	157	ENSG00000183287;ENSG00000079931;ENSG00000144868;ENSG00000140937;ENSG00000164300;ENSG00000137727;ENSG00000162545;ENSG00000185950;ENSG00000158769;ENSG00000196935;ENSG00000179820;ENSG00000074590;ENSG00000090006;ENSG00000140859;ENSG00000064042;ENSG00000140945;ENSG00000115306;ENSG00000117594;ENSG00000145147;ENSG00000154175;ENSG00000139318;ENSG00000213626;ENSG00000173114;ENSG00000164171;ENSG00000099250;ENSG00000169756;ENSG00000246430;ENSG00000168743;ENSG00000267534;ENSG00000168038;ENSG00000103994;ENSG00000101938;ENSG00000133026;ENSG00000196954;ENSG00000134917;ENSG00000123689;ENSG00000175567;ENSG00000127603;ENSG00000153563;ENSG00000105989;ENSG00000090339
GAUTAM_EYE_IRIS_CILIARY_BODY_CILIARY_BODY_CELLS	0.609022556390977	0.707845084409136	0.065981614400873	0.294075960013203	0.910333616962886	99	ENSG00000105926;ENSG00000155090;ENSG00000158560;ENSG00000025772;ENSG00000163637;ENSG00000176903;ENSG00000110675;ENSG00000151468;ENSG00000197077;ENSG00000177707;ENSG00000153048;ENSG00000154096;ENSG00000178184;ENSG00000072682;ENSG00000142700;ENSG00000114383;ENSG00000134333;ENSG00000133030;ENSG00000149294;ENSG00000123989;ENSG00000121680;ENSG00000181104;ENSG00000177459;ENSG00000213694;ENSG00000184009;ENSG00000137331;ENSG00000196914;ENSG00000116729;ENSG00000101938
TRAVAGLINI_LUNG_VEIN_CELL	0.582397003745318	0.685958994851082	0.0679922591544058	0.341376673468635	0.910286987057539	39	ENSG00000048052;ENSG00000112414;ENSG00000105835;ENSG00000112096;ENSG00000150687;ENSG00000154175;ENSG00000163638;ENSG00000007908;ENSG00000167996;ENSG00000133800;ENSG00000070404
AIZARANI_LIVER_C3_NK_NKT_CELLS_2	0.662983425414365	0.747981300467488	0.0609039347452418	0.274767779404999	0.899645672136753	154	ENSG00000155926;ENSG00000188042;ENSG00000101109;ENSG00000102879;ENSG00000115165;ENSG00000161405;ENSG00000158050;ENSG00000048740;ENSG00000171223;ENSG00000165929;ENSG00000133872;ENSG00000172673;ENSG00000081237;ENSG00000124813;ENSG00000140988;ENSG00000168028;ENSG00000150867;ENSG00000172575;ENSG00000083454;ENSG00000171791;ENSG00000143119;ENSG00000134954;ENSG00000113263;ENSG00000205542;ENSG00000057657;ENSG00000231500;ENSG00000144713;ENSG00000162511;ENSG00000198918;ENSG00000153563;ENSG00000082074;ENSG00000111348;ENSG00000146285
DESCARTES_FETAL_LUNG_LYMPHATIC_ENDOTHELIAL_CELLS	0.614003590664273	0.710951526032316	0.0633597010643758	0.310940049483218	0.898916615634572	60	ENSG00000224893;ENSG00000110841;ENSG00000226762;ENSG00000122733;ENSG00000135631;ENSG00000178184;ENSG00000248441;ENSG00000166342;ENSG00000115194;ENSG00000102271;ENSG00000183153;ENSG00000138135;ENSG00000197261;ENSG00000113763;ENSG00000163364
HU_FETAL_RETINA_BLOOD	0.739202657807309	0.796064400715564	0.051011413203915	0.254335095916923	0.893743970937177	277	ENSG00000170370;ENSG00000118985;ENSG00000095596;ENSG00000173598;ENSG00000146007;ENSG00000076864;ENSG00000198336;ENSG00000158856;ENSG00000004399;ENSG00000087074;ENSG00000121579;ENSG00000122378;ENSG00000086232;ENSG00000144130;ENSG00000164574;ENSG00000086506;ENSG00000160014;ENSG00000203760;ENSG00000123240;ENSG00000133193;ENSG00000114209;ENSG00000173812;ENSG00000112335;ENSG00000266412;ENSG00000148834;ENSG00000117592;ENSG00000100304;ENSG00000070010;ENSG00000125818;ENSG00000087086;ENSG00000128567;ENSG00000196839;ENSG00000126247;ENSG00000165678;ENSG00000165502;ENSG00000111666;ENSG00000140988;ENSG00000182492;ENSG00000164733;ENSG00000143641;ENSG00000167996;ENSG00000135363;ENSG00000222041;ENSG00000197993;ENSG00000180628;ENSG00000090013;ENSG00000184792;ENSG00000187266;ENSG00000109787;ENSG00000060138;ENSG00000088992
DESCARTES_FETAL_ADRENAL_VASCULAR_ENDOTHELIAL_CELLS	0.647584973166369	0.734645199761479	0.060640400949416	0.277494306253524	0.88948618673971	127	ENSG00000186642;ENSG00000169744;ENSG00000125266;ENSG00000253177;ENSG00000154529;ENSG00000140945;ENSG00000130300;ENSG00000136114;ENSG00000167680;ENSG00000145708;ENSG00000128567;ENSG00000176907;ENSG00000006210
DESCARTES_MAIN_FETAL_MESOTHELIAL_CELLS	0.59811320754717	0.697798742138365	0.0670512579829467	0.351734990600603	0.887161090800209	28	ENSG00000172602;ENSG00000165966;ENSG00000107968;ENSG00000182621;ENSG00000065325;ENSG00000144644;ENSG00000273372;ENSG00000267662
DESCARTES_MAIN_FETAL_PDE1C_ACSM3_POSITIVE_CELLS	0.767946577629382	0.814208419655249	0.0494904866135495	0.250142961562129	0.886047051091866	319	ENSG00000198945;ENSG00000150990;ENSG00000232229;ENSG00000141542;ENSG00000114861;ENSG00000173545;ENSG00000141401;ENSG00000164300;ENSG00000164715;ENSG00000143498;ENSG00000089723;ENSG00000246523;ENSG00000096401;ENSG00000166233;ENSG00000142449;ENSG00000112679;ENSG00000203685;ENSG00000198046;ENSG00000148339;ENSG00000134014;ENSG00000041802;ENSG00000130167;ENSG00000089022;ENSG00000114529;ENSG00000158792;ENSG00000196335;ENSG00000197859;ENSG00000150712;ENSG00000105171;ENSG00000197744;ENSG00000214128;ENSG00000157680;ENSG00000064419;ENSG00000130649;ENSG00000090061;ENSG00000235501;ENSG00000185838;ENSG00000178896;ENSG00000141741;ENSG00000103642;ENSG00000123415;ENSG00000143786;ENSG00000258405;ENSG00000164049;ENSG00000152670;ENSG00000117000;ENSG00000233791;ENSG00000164123;ENSG00000258525;ENSG00000189046;ENSG00000180979;ENSG00000243943;ENSG00000025156;ENSG00000134371;ENSG00000180263;ENSG00000255545;ENSG00000257859;ENSG00000152382;ENSG00000174527;ENSG00000189369;ENSG00000136643;ENSG00000122882;ENSG00000107371;ENSG00000105929;ENSG00000107443;ENSG00000140993;ENSG00000056097;ENSG00000176473;ENSG00000141750;ENSG00000232859
TRAVAGLINI_LUNG_PERICYTE_CELL	0.684981684981685	0.76414471157539	0.0590954798717342	0.280455090489082	0.879875179119722	114	ENSG00000104419;ENSG00000115652;ENSG00000141401;ENSG00000128656;ENSG00000113361;ENSG00000092820;ENSG00000138031;ENSG00000112414;ENSG00000071051;ENSG00000092964;ENSG00000133401;ENSG00000152402;ENSG00000175445;ENSG00000118473;ENSG00000071242;ENSG00000211445;ENSG00000137672;ENSG00000152767;ENSG00000050555;ENSG00000146072;ENSG00000187513;ENSG00000182621;ENSG00000183807;ENSG00000181104;ENSG00000175040;ENSG00000112902;ENSG00000088992;ENSG00000057657;ENSG00000182253;ENSG00000111452;ENSG00000116729;ENSG00000137273;ENSG00000135916;ENSG00000128641;ENSG00000111348;ENSG00000113231;ENSG00000143248
TRAVAGLINI_LUNG_CD4_NAIVE_T_CELL	0.672072072072072	0.754091796714748	0.059221919380382	0.274165864738723	0.879752320100661	128	ENSG00000111863;ENSG00000197635;ENSG00000164300;ENSG00000136997;ENSG00000135426;ENSG00000074966;ENSG00000184613;ENSG00000162894;ENSG00000165929;ENSG00000133872;ENSG00000131507;ENSG00000172809;ENSG00000140988;ENSG00000162368;ENSG00000115977;ENSG00000113263;ENSG00000071082;ENSG00000144713;ENSG00000147457;ENSG00000133574;ENSG00000198918;ENSG00000111716;ENSG00000197756;ENSG00000161970;ENSG00000197958;ENSG00000130255;ENSG00000081059;ENSG00000154229;ENSG00000229117;ENSG00000008988;ENSG00000131469;ENSG00000157303;ENSG00000186854;ENSG00000137193;ENSG00000174748;ENSG00000102096
DESCARTES_FETAL_THYMUS_THYMOCYTES	0.638095238095238	0.731234866828087	0.0643583367917361	0.352819623218698	0.877216572988343	26	ENSG00000184517;ENSG00000269891;ENSG00000172673;ENSG00000272259
AIZARANI_LIVER_C31_KUPFFER_CELLS_5	0.705128205128205	0.775641025641026	0.0577308549299813	0.276113788291579	0.866255158737923	114	ENSG00000169554;ENSG00000087266;ENSG00000140105;ENSG00000116741;ENSG00000115355;ENSG00000204103;ENSG00000134363;ENSG00000105835;ENSG00000136689;ENSG00000123200;ENSG00000011422;ENSG00000152904;ENSG00000062716;ENSG00000124831;ENSG00000166111;ENSG00000142405;ENSG00000186529;ENSG00000085265;ENSG00000128383;ENSG00000164733;ENSG00000132693;ENSG00000103187;ENSG00000070961;ENSG00000169242;ENSG00000123130;ENSG00000158869;ENSG00000028137;ENSG00000254087;ENSG00000162924;ENSG00000185862;ENSG00000172667;ENSG00000018280;ENSG00000166123;ENSG00000166927;ENSG00000165168;ENSG00000099860;ENSG00000101842;ENSG00000120899;ENSG00000000938
CUI_DEVELOPING_HEART_VALVAR_ENDOTHELIAL_CELL	0.737122557726465	0.795214528125224	0.0542315935495841	0.266208714413099	0.864763352578731	137	ENSG00000119508;ENSG00000158050;ENSG00000162783;ENSG00000151468;ENSG00000137267;ENSG00000162552;ENSG00000116717;ENSG00000145362;ENSG00000084090;ENSG00000105835;ENSG00000123240;ENSG00000255112;ENSG00000112096;ENSG00000073756;ENSG00000164949;ENSG00000117152;ENSG00000139112;ENSG00000159200;ENSG00000153234;ENSG00000181195;ENSG00000163659;ENSG00000133169;ENSG00000196843;ENSG00000123610;ENSG00000136574;ENSG00000120820;ENSG00000159167;ENSG00000124762;ENSG00000002587;ENSG00000165030;ENSG00000188257;ENSG00000113070;ENSG00000091972
DESCARTES_FETAL_PANCREAS_LYMPHOID_CELLS	0.704918032786885	0.775641025641026	0.0574877409561325	0.274100216967404	0.864470015322561	117	ENSG00000143184;ENSG00000161405;ENSG00000135426;ENSG00000238121;ENSG00000007264;ENSG00000112182;ENSG00000027869;ENSG00000162894;ENSG00000233355;ENSG00000115602;ENSG00000177455;ENSG00000187862;ENSG00000186265;ENSG00000110448;ENSG00000172673;ENSG00000160856;ENSG00000173585;ENSG00000246084;ENSG00000179253;ENSG00000073861;ENSG00000083454
DESCARTES_FETAL_HEART_LYMPHOID_CELLS	0.711645101663586	0.776700238165657	0.0577308549299813	0.283786165800307	0.857991450921917	85	ENSG00000140950;ENSG00000143184;ENSG00000161405;ENSG00000238121;ENSG00000007264;ENSG00000162894;ENSG00000177455;ENSG00000110448;ENSG00000172673;ENSG00000162645;ENSG00000160856;ENSG00000246084;ENSG00000172575;ENSG00000073861;ENSG00000271856;ENSG00000113263
DESCARTES_FETAL_MUSCLE_LYMPHATIC_ENDOTHELIAL_CELLS	0.695255474452555	0.771670941014007	0.0582216241124161	0.28904050551736	0.856309328506536	73	ENSG00000197705;ENSG00000225383;ENSG00000110841;ENSG00000154639;ENSG00000075275;ENSG00000185737;ENSG00000176595;ENSG00000178184;ENSG00000100036;ENSG00000171462;ENSG00000187566;ENSG00000204352;ENSG00000100379;ENSG00000169258;ENSG00000102271;ENSG00000121680;ENSG00000230006;ENSG00000104635;ENSG00000150625;ENSG00000197261;ENSG00000113763;ENSG00000100003;ENSG00000122644;ENSG00000172738
DURANTE_ADULT_OLFACTORY_NEUROEPITHELIUM_CD8_T_CELLS	0.728102189781022	0.786861313868613	0.0560595875032335	0.286590816965327	0.845927115741706	71	ENSG00000188042;ENSG00000101109;ENSG00000102879;ENSG00000115165;ENSG00000158050;ENSG00000104660;ENSG00000142669;ENSG00000081237;ENSG00000132965;ENSG00000115738;ENSG00000205542;ENSG00000155307;ENSG00000126264;ENSG00000162511;ENSG00000090104;ENSG00000153563;ENSG00000082074;ENSG00000111348;ENSG00000164674
DESCARTES_FETAL_PLACENTA_TROPHOBLAST_GIANT_CELLS	0.715315315315315	0.777132688243799	0.0562940749700968	0.288806357633421	0.84382644276114	64	ENSG00000122641;ENSG00000159871;ENSG00000147571;ENSG00000253138;ENSG00000177707;ENSG00000121900;ENSG00000154429;ENSG00000165125;ENSG00000187094;ENSG00000163633
DURANTE_ADULT_OLFACTORY_NEUROEPITHELIUM_RESPIRATORY_CILIATED_CELLS	0.807622504537205	0.847522083125926	0.051011413203915	0.25899282601943	0.839501376331714	144	ENSG00000185250;ENSG00000007062;ENSG00000215845;ENSG00000143222;ENSG00000172426;ENSG00000088986;ENSG00000176788;ENSG00000092820;ENSG00000167552;ENSG00000204950;ENSG00000139116;ENSG00000213123;ENSG00000114446;ENSG00000178965;ENSG00000166171;ENSG00000073737;ENSG00000170231;ENSG00000272398;ENSG00000090273;ENSG00000188229;ENSG00000138175;ENSG00000163040;ENSG00000147400
BUSSLINGER_DUODENAL_EARLY_IMMATURE_ENTEROCYTES	0.754612546125461	0.805617553575883	0.0549073703290958	0.26867898825549	0.837869260094695	105	ENSG00000104419;ENSG00000136238;ENSG00000102554;ENSG00000198668;ENSG00000065154;ENSG00000104267;ENSG00000138413;ENSG00000131981;ENSG00000087086;ENSG00000143153;ENSG00000196839;ENSG00000165678;ENSG00000164237;ENSG00000167996
BUSSLINGER_GASTRIC_PARIETAL_CELLS	0.869491525423729	0.896923076923077	0.0445070537769277	0.240862362108843	0.837269495655789	247	ENSG00000122574;ENSG00000110148;ENSG00000139132;ENSG00000157111;ENSG00000177133;ENSG00000076864;ENSG00000142875;ENSG00000187446;ENSG00000055163;ENSG00000148288;ENSG00000092820;ENSG00000061676;ENSG00000162999;ENSG00000140450;ENSG00000198668;ENSG00000163577;ENSG00000183723;ENSG00000066027;ENSG00000146701;ENSG00000175606;ENSG00000105290;ENSG00000112992;ENSG00000139112;ENSG00000087086;ENSG00000143153;ENSG00000167699;ENSG00000182154;ENSG00000165678;ENSG00000111666;ENSG00000169676;ENSG00000167996;ENSG00000158828;ENSG00000118596;ENSG00000108179;ENSG00000100139;ENSG00000113013;ENSG00000108946;ENSG00000107560;ENSG00000143158;ENSG00000213585;ENSG00000023228;ENSG00000158467;ENSG00000123689;ENSG00000065978;ENSG00000129235;ENSG00000073711;ENSG00000111716;ENSG00000169021;ENSG00000166123
DESCARTES_MAIN_FETAL_ADRENOCORTICAL_CELLS	0.754128440366972	0.805617553575883	0.0546808488785442	0.282777748532541	0.833713223685567	70	ENSG00000087263;ENSG00000103005;ENSG00000052802;ENSG00000103018;ENSG00000141568;ENSG00000113161;ENSG00000115540;ENSG00000197360;ENSG00000116133;ENSG00000137714;ENSG00000140961;ENSG00000133138;ENSG00000155719;ENSG00000115541;ENSG00000268297;ENSG00000147465;ENSG00000005486;ENSG00000073060;ENSG00000122741;ENSG00000109163;ENSG00000169297
TRAVAGLINI_LUNG_CD4_MEMORY_EFFECTOR_T_CELL	0.767567567567568	0.814208419655249	0.0530212512043078	0.281111901331047	0.821344992754921	64	ENSG00000225783;ENSG00000075884;ENSG00000102879;ENSG00000182809;ENSG00000110324;ENSG00000109971;ENSG00000133872;ENSG00000110448;ENSG00000172575;ENSG00000134954;ENSG00000113263;ENSG00000057657;ENSG00000112486;ENSG00000111716;ENSG00000169567;ENSG00000197448;ENSG00000079335;ENSG00000169508
DESCARTES_MAIN_FETAL_SLC26A4_PAEP_POSITIVE_CELLS	0.921404682274247	0.935066366195941	0.0412376090540066	0.23205469706742	0.820853499887542	303	ENSG00000091137;ENSG00000116106;ENSG00000110104;ENSG00000174840;ENSG00000108448;ENSG00000185379;ENSG00000247317;ENSG00000083635;ENSG00000246273;ENSG00000181788;ENSG00000136045;ENSG00000112167;ENSG00000163811;ENSG00000157693;ENSG00000188343;ENSG00000151465;ENSG00000162641;ENSG00000249859;ENSG00000136827;ENSG00000155438;ENSG00000153037;ENSG00000118600;ENSG00000105058;ENSG00000163798;ENSG00000136930;ENSG00000136999;ENSG00000108590;ENSG00000151304;ENSG00000167981;ENSG00000248197;ENSG00000121274;ENSG00000173535;ENSG00000095794;ENSG00000260281;ENSG00000089486;ENSG00000158528;ENSG00000068354;ENSG00000175104;ENSG00000076248;ENSG00000170085;ENSG00000188707;ENSG00000214113;ENSG00000178947;ENSG00000132881;ENSG00000061656;ENSG00000215039;ENSG00000133740;ENSG00000249286;ENSG00000248323;ENSG00000223442;ENSG00000189077;ENSG00000211450;ENSG00000154079;ENSG00000213799;ENSG00000204315;ENSG00000165995;ENSG00000132581;ENSG00000079313;ENSG00000106610;ENSG00000113569;ENSG00000158019;ENSG00000256628;ENSG00000096070;ENSG00000130204;ENSG00000151117;ENSG00000148296;ENSG00000205763;ENSG00000141255;ENSG00000072849;ENSG00000177548;ENSG00000178502;ENSG00000155875;ENSG00000101189;ENSG00000229453;ENSG00000186162
DURANTE_ADULT_OLFACTORY_NEUROEPITHELIUM_SUSTENTACULAR_CELLS	0.7243947858473	0.785611246623128	0.0572461135202885	0.314253647075469	0.819948477614324	35	ENSG00000007171;ENSG00000150687;ENSG00000101443;ENSG00000214128;ENSG00000019102
DESCARTES_FETAL_LUNG_MESOTHELIAL_CELLS	0.785714285714286	0.831615120274914	0.0538979025357319	0.268169831260866	0.816727964899124	89	ENSG00000254489;ENSG00000172602;ENSG00000250056;ENSG00000128342;ENSG00000124212;ENSG00000165966;ENSG00000161270;ENSG00000150938;ENSG00000167034;ENSG00000164949;ENSG00000136244;ENSG00000186081;ENSG00000137573;ENSG00000136574;ENSG00000109743;ENSG00000105928;ENSG00000065325;ENSG00000144644;ENSG00000205678;ENSG00000188257;ENSG00000111452;ENSG00000183454;ENSG00000197258;ENSG00000167754
DURANTE_ADULT_OLFACTORY_NEUROEPITHELIUM_B_CELLS	0.726930320150659	0.786861313868613	0.057609110864425	0.312101543455661	0.810203061617412	33	ENSG00000136490;ENSG00000102879;ENSG00000023445;ENSG00000145416;ENSG00000143119;ENSG00000162924;ENSG00000185862;ENSG00000162511
ZHENG_CORD_BLOOD_C8_PUTATIVE_LYMPHOID_PRIMED_MULTIPOTENT_PROGENITOR_2	0.795454545454545	0.840480274442539	0.0536769600638127	0.262648266343263	0.80783212182555	95	ENSG00000007062;ENSG00000114942;ENSG00000163219;ENSG00000234741;ENSG00000107968;ENSG00000062716;ENSG00000150977;ENSG00000196839;ENSG00000172247;ENSG00000068831;ENSG00000159216;ENSG00000205542;ENSG00000184009;ENSG00000198771;ENSG00000126264;ENSG00000186517;ENSG00000172889;ENSG00000135916;ENSG00000159339;ENSG00000164929;ENSG00000169567;ENSG00000070081;ENSG00000221983;ENSG00000145675;ENSG00000026297;ENSG00000133112;ENSG00000174059;ENSG00000171476;ENSG00000084207;ENSG00000125743;ENSG00000119535;ENSG00000177410;ENSG00000204525;ENSG00000136732;ENSG00000163453
ZHENG_CORD_BLOOD_C10_MULTILYMPHOID_PROGENITOR	0.827324478178368	0.862321283515863	0.0519512476197082	0.258394466616534	0.792301996312536	94	ENSG00000100503;ENSG00000232229;ENSG00000102879;ENSG00000153253;ENSG00000238121;ENSG00000055163;ENSG00000070882;ENSG00000136819;ENSG00000136950;ENSG00000163219;ENSG00000145990;ENSG00000196839;ENSG00000108669;ENSG00000152217;ENSG00000180263;ENSG00000100055;ENSG00000184009;ENSG00000167613;ENSG00000126264
DESCARTES_MAIN_FETAL_GANGLION_CELLS	0.745353159851301	0.801287166611521	0.055826471778749	0.326107344148379	0.789922267925708	23	ENSG00000248540;ENSG00000146006;ENSG00000156875;ENSG00000008197
DESCARTES_FETAL_LUNG_LYMPHOID_CELLS	0.873626373626374	0.896923076923077	0.0478299633114229	0.250975774391904	0.789020154696849	116	ENSG00000102879;ENSG00000143184;ENSG00000161405;ENSG00000238121;ENSG00000228956;ENSG00000007264;ENSG00000074966;ENSG00000162894;ENSG00000233355;ENSG00000177455;ENSG00000110448;ENSG00000172673;ENSG00000160856;ENSG00000246084;ENSG00000172575;ENSG00000035720;ENSG00000073861;ENSG00000083454;ENSG00000271856;ENSG00000113263;ENSG00000255624;ENSG00000153563;ENSG00000146285;ENSG00000081059;ENSG00000204475;ENSG00000125910;ENSG00000132185;ENSG00000115523;ENSG00000249353;ENSG00000211592;ENSG00000243811;ENSG00000174946;ENSG00000167664;ENSG00000115607;ENSG00000105374
TRAVAGLINI_LUNG_VASCULAR_SMOOTH_MUSCLE_CELL	0.805755395683453	0.847005671912982	0.0507027937029348	0.272155170635528	0.788525784216127	61	ENSG00000113361;ENSG00000092820;ENSG00000122545;ENSG00000150938;ENSG00000153902;ENSG00000072110;ENSG00000182492;ENSG00000107796;ENSG00000197461;ENSG00000101335;ENSG00000112902;ENSG00000117519;ENSG00000105974;ENSG00000111348;ENSG00000163017;ENSG00000143248;ENSG00000105655;ENSG00000115468;ENSG00000069122;ENSG00000131055;ENSG00000116016;ENSG00000149564;ENSG00000162998;ENSG00000163453;ENSG00000142910;ENSG00000130176;ENSG00000213949;ENSG00000188290;ENSG00000163909
DESCARTES_FETAL_STOMACH_PDE1C_ACSM3_POSITIVE_CELLS	0.747645951035782	0.802351752331083	0.0562940749700968	0.339942803658496	0.78838230695368	19	ENSG00000180730;ENSG00000203685;ENSG00000072422;ENSG00000105929;ENSG00000141750
DESCARTES_FETAL_HEART_MEGAKARYOCYTES	0.853383458646617	0.882020487460262	0.0500922874402106	0.253354751642113	0.784278141697621	99	ENSG00000154146;ENSG00000259207;ENSG00000137801;ENSG00000144407;ENSG00000176177;ENSG00000104267;ENSG00000162722;ENSG00000197122;ENSG00000250641;ENSG00000198924;ENSG00000197253;ENSG00000059804;ENSG00000197903;ENSG00000122643;ENSG00000243193;ENSG00000163898;ENSG00000113924;ENSG00000041353;ENSG00000160190;ENSG00000149781;ENSG00000140932;ENSG00000119862;ENSG00000159339;ENSG00000253394;ENSG00000104903;ENSG00000115956;ENSG00000152229;ENSG00000124882;ENSG00000144893
AIZARANI_LIVER_C38_RESIDENT_B_CELLS_3	0.754253308128544	0.805617553575883	0.0560595875032335	0.333621270413165	0.784177280132218	20	ENSG00000197329;ENSG00000099958;ENSG00000166562;ENSG00000135916;ENSG00000166598;ENSG00000100219;ENSG00000139193;ENSG00000183508;ENSG00000259040;ENSG00000105369;ENSG00000167077
DESCARTES_FETAL_PLACENTA_LYMPHOID_CELLS	0.886861313868613	0.907485995586488	0.0469758727821845	0.246231590058813	0.776770878584174	118	ENSG00000111670;ENSG00000185760;ENSG00000239264;ENSG00000124212;ENSG00000143184;ENSG00000161405;ENSG00000137265;ENSG00000238121;ENSG00000060140;ENSG00000027869;ENSG00000110448;ENSG00000172673;ENSG00000172575;ENSG00000035720;ENSG00000230006;ENSG00000132965;ENSG00000113263;ENSG00000205045;ENSG00000136286
DESCARTES_MAIN_FETAL_AFP_ALB_POSITIVE_CELLS	0.905454545454545	0.923332181126858	0.0458620343117985	0.243138616412478	0.76263974631818	113	ENSG00000130829;ENSG00000186212;ENSG00000169136;ENSG00000144120;ENSG00000226608;ENSG00000149485;ENSG00000072042;ENSG00000087086;ENSG00000182912;ENSG00000182566;ENSG00000169592;ENSG00000174225;ENSG00000171236;ENSG00000267440;ENSG00000112304;ENSG00000099194;ENSG00000244414;ENSG00000114547;ENSG00000131187;ENSG00000234518;ENSG00000197894;ENSG00000117500;ENSG00000159423;ENSG00000256162;ENSG00000105327;ENSG00000197249;ENSG00000203688
DESCARTES_FETAL_LUNG_CSH1_CSH2_POSITIVE_CELLS	0.95446584938704	0.963854038069536	0.0417397034728504	0.223387013213573	0.761665880568815	205	ENSG00000175182;ENSG00000169490;ENSG00000008256;ENSG00000106636;ENSG00000137760;ENSG00000075131;ENSG00000138792;ENSG00000110080;ENSG00000108064;ENSG00000101557;ENSG00000143621;ENSG00000165125;ENSG00000104064;ENSG00000187566;ENSG00000154040;ENSG00000170892;ENSG00000167772;ENSG00000029364;ENSG00000230561;ENSG00000232973;ENSG00000215529;ENSG00000134375;ENSG00000249673;ENSG00000170445;ENSG00000185252;ENSG00000013561;ENSG00000181817;ENSG00000144231;ENSG00000189046;ENSG00000231924;ENSG00000119927;ENSG00000138623;ENSG00000164933;ENSG00000105197;ENSG00000025156;ENSG00000001617;ENSG00000105246;ENSG00000108733;ENSG00000128059;ENSG00000135346;ENSG00000006327;ENSG00000099953;ENSG00000130347;ENSG00000158941;ENSG00000181649;ENSG00000154114;ENSG00000175283;ENSG00000105619;ENSG00000145736;ENSG00000197885;ENSG00000184271;ENSG00000105137;ENSG00000172901;ENSG00000115468;ENSG00000167186;ENSG00000165118;ENSG00000198959
DURANTE_ADULT_OLFACTORY_NEUROEPITHELIUM_RESPIRATORY_COLUMNAR_CELLS	0.804143126177024	0.846755838846234	0.0529129848430584	0.305313337494449	0.751424158352908	25	ENSG00000102554;ENSG00000184292;ENSG00000175793;ENSG00000164687;ENSG00000160213
AIZARANI_LIVER_C8_RESIDENT_B_CELLS_1	0.831119544592031	0.864813580183599	0.0517405459873163	0.285971393641311	0.735031752129602	32	ENSG00000099958;ENSG00000061656;ENSG00000166562;ENSG00000135916;ENSG00000166598;ENSG00000100219;ENSG00000070081;ENSG00000120899;ENSG00000091490;ENSG00000139193;ENSG00000183508;ENSG00000123131;ENSG00000068912;ENSG00000074842;ENSG00000259040;ENSG00000129128;ENSG00000105369;ENSG00000172183;ENSG00000167077
DESCARTES_FETAL_INTESTINE_LYMPHOID_CELLS	0.958855098389982	0.966701703123124	0.0425023180036553	0.227132042733351	0.72805390966368	127	ENSG00000081985;ENSG00000143184;ENSG00000161405;ENSG00000135426;ENSG00000238121;ENSG00000007264;ENSG00000074966;ENSG00000027869;ENSG00000115602;ENSG00000170442;ENSG00000110448;ENSG00000172673;ENSG00000173585;ENSG00000035720;ENSG00000073861;ENSG00000119714;ENSG00000271856;ENSG00000113263;ENSG00000205045;ENSG00000104951;ENSG00000136286;ENSG00000125245;ENSG00000183134;ENSG00000205426;ENSG00000153563;ENSG00000146285
DESCARTES_FETAL_EYE_BIPOLAR_CELLS	0.871698113207547	0.896923076923077	0.0492917662312669	0.285138518697118	0.683614188240638	22	ENSG00000186297;ENSG00000188133;ENSG00000166342;ENSG00000180440;ENSG00000183185;ENSG00000163377;ENSG00000111305;ENSG00000169836;ENSG00000263958;ENSG00000126259;ENSG00000117154
GAO_LARGE_INTESTINE_24W_C5_LGR5POS_STEM_CELL	0.961887477313975	0.968174323570929	0.0430173196927508	0.237092946045369	0.670225496332748	56	ENSG00000123612;ENSG00000143590;ENSG00000157111;ENSG00000164251;ENSG00000175793;ENSG00000165376;ENSG00000135100;ENSG00000166869;ENSG00000101670;ENSG00000131771;ENSG00000086544;ENSG00000144354
DESCARTES_FETAL_HEART_VASCULAR_ENDOTHELIAL_CELLS	0.906844106463878	0.923332181126858	0.0478299633114229	0.267673314399895	0.634070515471944	21	ENSG00000171864;ENSG00000007908
DURANTE_ADULT_OLFACTORY_NEUROEPITHELIUM_RESPIRATORY_HORIZONTAL_BASAL_CELLS	0.973584905660377	0.97516797054763	0.0442407423477375	0.237186917940647	0.606859677248166	30	ENSG00000102554;ENSG00000184292;ENSG00000175793;ENSG00000186081;ENSG00000181649;ENSG00000089356;ENSG00000182718;ENSG00000106211;ENSG00000163191
TRAVAGLINI_LUNG_NATURAL_KILLER_T_CELL	0.966037735849057	0.970765489858106	0.0445961615888961	0.238915780371632	0.60260363622611	28	ENSG00000143184;ENSG00000158050;ENSG00000170442;ENSG00000115738;ENSG00000205426;ENSG00000090104;ENSG00000115523;ENSG00000171476;ENSG00000105374;ENSG00000204525;ENSG00000100385;ENSG00000213949
DESCARTES_FETAL_HEART_SMOOTH_MUSCLE_CELLS	0.97940074906367	0.97940074906367	0.0436251240000606	0.215403530257112	0.574377354395655	39	ENSG00000138792;ENSG00000105650;ENSG00000081248;ENSG00000121361;ENSG00000107796;ENSG00000171873;ENSG00000069431;ENSG00000163017;ENSG00000169282;ENSG00000131471;ENSG00000125895;ENSG00000131055;ENSG00000180785;ENSG00000133392
AIZARANI_LIVER_C22_RESIDENT_B_CELLS_2	0.970338983050847	0.973499696350687	0.0496901392724606	-0.232178051421952	-0.602100507100733	30	ENSG00000157514;ENSG00000110777;ENSG00000159388;ENSG00000182158;ENSG00000134285;ENSG00000118363
DESCARTES_MAIN_FETAL_STROMAL_CELLS	0.902335456475584	0.921788791358142	0.0531298054705469	-0.280782765393238	-0.655871974524984	16	ENSG00000198542;ENSG00000130635;ENSG00000206384;ENSG00000256282
ZHONG_PFC_C1_ASTROCYTE	0.930084745762712	0.941222020568663	0.0516355964484201	-0.256619923785169	-0.665484895307347	30	ENSG00000118418;ENSG00000197415;ENSG00000171204;ENSG00000170989;ENSG00000152214;ENSG00000109062;ENSG00000148700;ENSG00000135744
DESCARTES_MAIN_FETAL_SMOOTH_MUSCLE_CELLS	0.875536480686695	0.897388472717145	0.0550211117163117	-0.263810618105035	-0.729421755258381	40	ENSG00000108387;ENSG00000108797;ENSG00000221818;ENSG00000150636;ENSG00000214765;ENSG00000161544;ENSG00000184451;ENSG00000103710;ENSG00000131620
BUSSLINGER_DUODENAL_EC_CELLS	0.85200845665962	0.882020487460262	0.0555947097758869	-0.293669897992146	-0.744153757521522	27	ENSG00000162992;ENSG00000089199;ENSG00000118271
ZHONG_PFC_C2_THY1_POS_OPC	0.851380042462845	0.882020487460262	0.055826471778749	-0.298642361077212	-0.744914534171479	25	ENSG00000160307;ENSG00000112769;ENSG00000196132
BUSSLINGER_DUODENAL_K_CELLS	0.819532908704883	0.858558285309878	0.057609110864425	-0.310468931266307	-0.747864195352797	19	ENSG00000141837;ENSG00000150403;ENSG00000274471
FAN_OVARY_CL2_PUTATIVE_EARLY_ATRETIC_FOLLICLE_THECAL_CELL_1	0.930526315789474	0.941222020568663	0.0513223330421143	-0.232684453682992	-0.75151749686461	98	ENSG00000142156;ENSG00000118418;ENSG00000136156;ENSG00000250722;ENSG00000110492;ENSG00000099622;ENSG00000197956;ENSG00000122786;ENSG00000198467;ENSG00000168209;ENSG00000166482;ENSG00000166347
DURANTE_ADULT_OLFACTORY_NEUROEPITHELIUM_PLASMA_CELLS	0.800847457627119	0.844729510099838	0.0585937568945671	-0.320998353454694	-0.761848207177856	17	ENSG00000211892
TRAVAGLINI_LUNG_CAPILLARY_AEROCYTE_CELL	0.840860215053763	0.873473680393117	0.0570059526582387	-0.274375488482891	-0.76339350335566	42	ENSG00000110723;ENSG00000136156;ENSG00000114812;ENSG00000141469;ENSG00000197956;ENSG00000113140;ENSG00000136160;ENSG00000167434
BUSSLINGER_DUODENAL_TUFT_CELLS	0.915032679738562	0.930132228909165	0.0536769600638127	-0.246859449638578	-0.766464015756686	79	ENSG00000099849;ENSG00000127588;ENSG00000074370;ENSG00000056736;ENSG00000111057;ENSG00000114812;ENSG00000148180;ENSG00000006607
GAO_LARGE_INTESTINE_24W_C10_ENTEROCYTE	0.823529411764706	0.861280335563767	0.0585937568945671	-0.275833170226473	-0.779440786853008	46	ENSG00000160949;ENSG00000010438;ENSG00000177943;ENSG00000185946;ENSG00000188747
DESCARTES_FETAL_HEART_ENDOCARDIAL_CELLS	0.759574468085106	0.809511889862328	0.0613026075396207	-0.300226749828847	-0.802102823037707	34	ENSG00000143341;ENSG00000198732;ENSG00000154856;ENSG00000121898;ENSG00000158955;ENSG00000181234
DESCARTES_FETAL_EYE_HORIZONTAL_CELLS	0.706751054852321	0.776040373955489	0.0643583367917361	-0.35926014642932	-0.822493252480843	15	ENSG00000119547;ENSG00000157890;ENSG00000164100;ENSG00000170209;ENSG00000169856
DESCARTES_FETAL_STOMACH_LYMPHATIC_ENDOTHELIAL_CELLS	0.711864406779661	0.776700238165657	0.0642140881844605	-0.338395697882494	-0.826334817693286	22	ENSG00000198774;ENSG00000114654;ENSG00000131196;ENSG00000157927
DESCARTES_FETAL_STOMACH_VASCULAR_ENDOTHELIAL_CELLS	0.710359408033827	0.776700238165657	0.0642140881844605	-0.329463252885359	-0.834853416288722	27	ENSG00000101331;ENSG00000166265;ENSG00000131386
BUSSLINGER_GASTRIC_NECK_CELLS	0.687234042553192	0.76414471157539	0.066132620475844	-0.321843900350517	-0.838517061787817	31	ENSG00000080493;ENSG00000153446;ENSG00000204248;ENSG00000185615;ENSG00000172461;ENSG00000101439;ENSG00000161798;ENSG00000139144;ENSG00000135052
DESCARTES_FETAL_STOMACH_SQUAMOUS_EPITHELIAL_CELLS	0.67948717948718	0.759925506802842	0.0668966276500666	-0.308069555184705	-0.850866163270671	39	ENSG00000086570;ENSG00000168447;ENSG00000165272;ENSG00000141527;ENSG00000140459
DESCARTES_FETAL_SPLEEN_AFP_ALB_POSITIVE_CELLS	0.873015873015873	0.896923076923077	0.0577308549299813	-0.243891334730294	-0.852737364304288	178	ENSG00000105707;ENSG00000108176;ENSG00000113494;ENSG00000109072;ENSG00000227906;ENSG00000176422;ENSG00000106804;ENSG00000198734;ENSG00000196177;ENSG00000132840;ENSG00000126218;ENSG00000173531;ENSG00000242265;ENSG00000016391;ENSG00000042445;ENSG00000139540;ENSG00000185432;ENSG00000009724;ENSG00000118271;ENSG00000110169;ENSG00000147255;ENSG00000168890;ENSG00000147257;ENSG00000129596
GAO_LARGE_INTESTINE_ADULT_CG_GOBLET_CELL_SUBTYPE_2	0.696703296703297	0.771887105700055	0.0670512579829467	-0.303197846433162	-0.858943647760316	48	ENSG00000039139;ENSG00000267719;ENSG00000111728;ENSG00000175928;ENSG00000178150;ENSG00000176593;ENSG00000269959;ENSG00000268182;ENSG00000169604;ENSG00000106018;ENSG00000176244;ENSG00000178222
DESCARTES_MAIN_FETAL_SYMPATHOBLASTS	0.686956521739131	0.76414471157539	0.0672065093710464	-0.303763536885206	-0.862146599980334	47	ENSG00000144406;ENSG00000167749;ENSG00000116981;ENSG00000072858;ENSG00000089199;ENSG00000271474;ENSG00000173258
GAO_LARGE_INTESTINE_24W_C6_SECRETORY_PROGENITOR	0.639830508474576	0.731234866828087	0.0694481442003175	-0.355744654645558	-0.86869956143466	22	ENSG00000053702;ENSG00000185596;ENSG00000089820;ENSG00000198690;ENSG00000181404;ENSG00000220848;ENSG00000188242;ENSG00000131018
CUI_DEVELOPING_HEART_COMPACT_VENTRICULAR_CARDIOMYOCYTE	0.703370786516854	0.775641025641026	0.0676760401641789	-0.295408287645768	-0.869019139018055	60	ENSG00000142156;ENSG00000164708;ENSG00000118729;ENSG00000109107;ENSG00000049540;ENSG00000111341;ENSG00000113140;ENSG00000022267;ENSG00000130635
ZHONG_PFC_C3_UNKNOWN_INP	0.670258620689655	0.753429398439466	0.0679922591544058	-0.317601741417891	-0.869272683693603	38	ENSG00000173404;ENSG00000213347;ENSG00000198901;ENSG00000117724;ENSG00000123080;ENSG00000175063;ENSG00000145386;ENSG00000106341;ENSG00000123485;ENSG00000089685;ENSG00000123307;ENSG00000080986;ENSG00000170312
DESCARTES_FETAL_ADRENAL_SLC26A4_PAEP_POSITIVE_CELLS	0.713004484304933	0.776700238165657	0.0668966276500666	-0.294885834872034	-0.87587937925165	62	ENSG00000120832;ENSG00000241935;ENSG00000182870;ENSG00000236526;ENSG00000254319;ENSG00000236200;ENSG00000260236;ENSG00000185837;ENSG00000136449
DURANTE_ADULT_OLFACTORY_NEUROEPITHELIUM_OLFACTORY_MICROVILLAR_CELLS	0.657952069716776	0.743666926505567	0.0694481442003175	-0.311756636277649	-0.88095219906796	46	ENSG00000168447;ENSG00000165215;ENSG00000127588;ENSG00000084234;ENSG00000111057;ENSG00000141469;ENSG00000183036
BUSSLINGER_DUODENAL_LATE_IMMATURE_ENTEROCYTES	0.763157894736842	0.811926188528316	0.0625237414724762	-0.256406630394171	-0.883677931513565	155	ENSG00000154265;ENSG00000120915;ENSG00000072778;ENSG00000080493;ENSG00000211454;ENSG00000196502;ENSG00000084234;ENSG00000154646;ENSG00000136156;ENSG00000165092;ENSG00000084754;ENSG00000278535;ENSG00000139540;ENSG00000111684;ENSG00000136305;ENSG00000138029;ENSG00000166347;ENSG00000165475;ENSG00000106853;ENSG00000095932;ENSG00000108187;ENSG00000117054;ENSG00000143891;ENSG00000100612;ENSG00000171766;ENSG00000166959;ENSG00000106258;ENSG00000171747;ENSG00000117834;ENSG00000069849;ENSG00000165476;ENSG00000213996;ENSG00000071967;ENSG00000213918
HAY_BONE_MARROW_PRO_B	0.826302729528536	0.862321283515863	0.0646484568421928	-0.236697875891057	-0.884376397726342	301	ENSG00000245694;ENSG00000137310;ENSG00000137101;ENSG00000221829;ENSG00000107438;ENSG00000118418;ENSG00000143401;ENSG00000074370;ENSG00000148950;ENSG00000160298;ENSG00000111602;ENSG00000145349;ENSG00000119969;ENSG00000068724;ENSG00000120727;ENSG00000163041;ENSG00000266074;ENSG00000105968;ENSG00000213347;ENSG00000137804;ENSG00000137563;ENSG00000237594;ENSG00000187951;ENSG00000114126;ENSG00000103485;ENSG00000164684;ENSG00000110777;ENSG00000010292;ENSG00000154473;ENSG00000257167;ENSG00000119403;ENSG00000161542;ENSG00000131351;ENSG00000117724;ENSG00000178999;ENSG00000153944;ENSG00000111786;ENSG00000123080;ENSG00000112029;ENSG00000175063;ENSG00000030419;ENSG00000099956;ENSG00000205581;ENSG00000102054;ENSG00000129195;ENSG00000140451;ENSG00000117054;ENSG00000123485;ENSG00000137404;ENSG00000013810;ENSG00000000460;ENSG00000111247;ENSG00000106462;ENSG00000176890;ENSG00000083457;ENSG00000175305;ENSG00000115163;ENSG00000100162;ENSG00000089685;ENSG00000066279;ENSG00000156509;ENSG00000237649;ENSG00000131470;ENSG00000124795;ENSG00000080986;ENSG00000075218;ENSG00000105486;ENSG00000148773;ENSG00000089280;ENSG00000158402;ENSG00000198830;ENSG00000140545;ENSG00000085662;ENSG00000138160;ENSG00000131747;ENSG00000145604;ENSG00000189043;ENSG00000120802;ENSG00000166801;ENSG00000165480;ENSG00000101412;ENSG00000164104
DESCARTES_MAIN_FETAL_ENDOCARDIAL_CELLS	0.713656387665198	0.776700238165657	0.065981614400873	-0.285670453180589	-0.884686725098498	78	ENSG00000143341;ENSG00000137509;ENSG00000249679;ENSG00000213316;ENSG00000126895;ENSG00000101000;ENSG00000121898
GAO_SMALL_INTESTINE_24W_C7_SECRETORY_PROGENITOR	0.657952069716776	0.743666926505567	0.0694481442003175	-0.313168064985094	-0.884940570377381	46	ENSG00000064687;ENSG00000206417;ENSG00000259070;ENSG00000119900;ENSG00000145536;ENSG00000153064;ENSG00000110777;ENSG00000182983;ENSG00000108799
DESCARTES_MAIN_FETAL_NEUROENDOCRINE_CELLS	0.624203821656051	0.720055344831699	0.0707899094502623	-0.333710257867213	-0.886055602406505	33	ENSG00000105219;ENSG00000106003;ENSG00000173826;ENSG00000170615;ENSG00000187650;ENSG00000246082;ENSG00000240253;ENSG00000160180;ENSG00000129167
CUI_DEVELOPING_HEART_LEFT_VENTRICULAR_CARDIOMYOCYTE	0.644396551724138	0.732376892734445	0.0699458736501659	-0.325619197589243	-0.891216378370318	38	ENSG00000177508;ENSG00000245694;ENSG00000118004;ENSG00000092054;ENSG00000187118
DESCARTES_FETAL_SPLEEN_STROMAL_CELLS	0.642701525054466	0.732258270125566	0.0706196247122591	-0.315707111577023	-0.892115329206584	46	ENSG00000196482;ENSG00000081138;ENSG00000182168;ENSG00000247809
DESCARTES_FETAL_PLACENTA_SMOOTH_MUSCLE_CELLS	0.679738562091503	0.759925506802842	0.0678338263479455	-0.291604016929371	-0.900696834329357	76	ENSG00000140873;ENSG00000197467;ENSG00000154553;ENSG00000108387;ENSG00000138741;ENSG00000144891;ENSG00000006071;ENSG00000164318;ENSG00000144668;ENSG00000150636;ENSG00000242268;ENSG00000124780;ENSG00000070371
GAO_SMALL_INTESTINE_24W_C4_ENTEROCYTE_PROGENITOR_SUBTYPE_2	0.638766519823789	0.731234866828087	0.0714786287425507	-0.28912747535136	-0.901926305777037	82	ENSG00000174567;ENSG00000103876;ENSG00000010438;ENSG00000109072;ENSG00000177943;ENSG00000130988;ENSG00000064601;ENSG00000173531;ENSG00000175920;ENSG00000102575
HU_FETAL_RETINA_PHOTORECEPTOR	0.667396061269147	0.751583132983171	0.0689567351672811	-0.297303479341167	-0.903859471534161	70	ENSG00000165588;ENSG00000227877;ENSG00000162992;ENSG00000168843;ENSG00000090097;ENSG00000111664
CUI_DEVELOPING_HEART_LEFT_ATRIAL_CARDIOMYOCYTE	0.581740976645435	0.685958994851082	0.0743625384422526	-0.377113313928906	-0.908398608285719	19	ENSG00000189056;ENSG00000104332;ENSG00000022267;ENSG00000197580
TRAVAGLINI_LUNG_FIBROMYOCYTE_CELL	0.575692963752665	0.683288758519541	0.0751181635276302	-0.366112505374816	-0.913586982345763	24	ENSG00000050767;ENSG00000106772;ENSG00000164764;ENSG00000187239;ENSG00000133067;ENSG00000260428;ENSG00000164161
BUSSLINGER_DUODENAL_BCHE_CELLS	0.587606837606838	0.68945868945869	0.0741758965588009	-0.331723699582051	-0.916197224877046	39	ENSG00000117707;ENSG00000176454;ENSG00000148180;ENSG00000197956;ENSG00000112312;ENSG00000101439
GAO_SMALL_INTESTINE_24W_C9_ENTEROENDOCRINE_CELL	0.568848758465011	0.679463516672819	0.0787113806986485	-0.326409099037181	-0.932157210233452	51	ENSG00000082196;ENSG00000138741;ENSG00000185652;ENSG00000276141;ENSG00000269964;ENSG00000154856;ENSG00000168916;ENSG00000138356
TRAVAGLINI_LUNG_MYELOID_DENDRITIC_TYPE_1_CELL	0.537473233404711	0.650458765770731	0.0789209638180035	-0.390882886743975	-0.933527145540171	18	ENSG00000127951;ENSG00000031081;ENSG00000101439;ENSG00000106266
GAO_LARGE_INTESTINE_24W_C2_MKI67POS_PROGENITOR	0.628318584070796	0.723447192126375	0.0725351864394589	-0.282358458198263	-0.933935324843493	113	ENSG00000164330;ENSG00000143341;ENSG00000166265;ENSG00000137962;ENSG00000124785;ENSG00000213347;ENSG00000137804;ENSG00000198901;ENSG00000135451;ENSG00000119403;ENSG00000117724;ENSG00000178999;ENSG00000167900;ENSG00000175063;ENSG00000003436;ENSG00000102760;ENSG00000129195;ENSG00000145386;ENSG00000013810;ENSG00000089685;ENSG00000066279;ENSG00000171848;ENSG00000080986;ENSG00000151503;ENSG00000148773;ENSG00000134057;ENSG00000170312;ENSG00000127920
ZHONG_PFC_C4_PTGDS_POS_OPC	0.633707865168539	0.72829112862653	0.0728938564822936	-0.274622663220477	-0.936743550912406	142	ENSG00000136859;ENSG00000197971;ENSG00000108830;ENSG00000117859;ENSG00000198732;ENSG00000136205;ENSG00000170581;ENSG00000258655;ENSG00000167861;ENSG00000136044;ENSG00000142687;ENSG00000099797;ENSG00000154856;ENSG00000064787;ENSG00000151612;ENSG00000068903;ENSG00000134376;ENSG00000176971;ENSG00000151849;ENSG00000253807;ENSG00000107104;ENSG00000148541;ENSG00000164327;ENSG00000174607;ENSG00000136938;ENSG00000151692;ENSG00000138760;ENSG00000166925;ENSG00000144230
DESCARTES_FETAL_MUSCLE_VASCULAR_ENDOTHELIAL_CELLS	0.575555555555556	0.683288758519541	0.077274697304471	-0.313557933144035	-0.94524282552598	67	ENSG00000140873;ENSG00000137509;ENSG00000101331;ENSG00000166265;ENSG00000126895;ENSG00000188107;ENSG00000213088;ENSG00000124785;ENSG00000173482
DURANTE_ADULT_OLFACTORY_NEUROEPITHELIUM_CD4_T_CELLS	0.508474576271186	0.630222010026259	0.0813027345384498	-0.374128695889681	-0.955755751007127	28	ENSG00000069667;ENSG00000157514;ENSG00000277734
CUI_DEVELOPING_HEART_TRABECULAR_ATRIAL_CARDIOMYOCYTE	0.569160997732426	0.679463516672819	0.0789209638180035	-0.275094936789483	-0.961837088598214	178	ENSG00000143995;ENSG00000152078;ENSG00000189056;ENSG00000154188;ENSG00000175265;ENSG00000083857;ENSG00000074695;ENSG00000100201;ENSG00000196576;ENSG00000084234;ENSG00000128591;ENSG00000150893;ENSG00000110492;ENSG00000198363;ENSG00000185946;ENSG00000151612;ENSG00000108679
CUI_DEVELOPING_HEART_C6_EPICARDIAL_CELL	0.539351851851852	0.651452432824982	0.0828962134571565	-0.277520482348784	-0.971847463069912	182	ENSG00000143375;ENSG00000099849;ENSG00000189350;ENSG00000109072;ENSG00000092295;ENSG00000107742;ENSG00000164764;ENSG00000115525;ENSG00000080493;ENSG00000114200;ENSG00000107159;ENSG00000091986;ENSG00000101000;ENSG00000111057;ENSG00000104213;ENSG00000100918;ENSG00000173531;ENSG00000115380;ENSG00000172201;ENSG00000108679;ENSG00000285294;ENSG00000138356;ENSG00000197956;ENSG00000125848;ENSG00000132321;ENSG00000197580;ENSG00000134533;ENSG00000185615
DESCARTES_MAIN_FETAL_STELLATE_CELLS	0.492099322799097	0.617379191128806	0.0865399737444125	-0.341384646779471	-0.974924292543191	51	ENSG00000244242;ENSG00000064999;ENSG00000144891;ENSG00000154263;ENSG00000118004;ENSG00000258498;ENSG00000147869;ENSG00000143369;ENSG00000091136;ENSG00000164161;ENSG00000160323
BUSSLINGER_DUODENAL_MATURE_ENTEROCYTES	0.50952380952381	0.630254350736279	0.0875697115548511	-0.266521228341863	-0.978575715672901	234	ENSG00000177106;ENSG00000168487;ENSG00000143375;ENSG00000065357;ENSG00000160685;ENSG00000177666;ENSG00000100033;ENSG00000072778;ENSG00000173638;ENSG00000148343;ENSG00000196576;ENSG00000154646;ENSG00000121310;ENSG00000124942;ENSG00000250722;ENSG00000164877;ENSG00000110492;ENSG00000159314;ENSG00000125772;ENSG00000187664;ENSG00000132470;ENSG00000186204;ENSG00000095066;ENSG00000178209;ENSG00000197956;ENSG00000073605;ENSG00000168397;ENSG00000136068;ENSG00000137221;ENSG00000136305;ENSG00000105357;ENSG00000232070;ENSG00000112773;ENSG00000154269;ENSG00000188242;ENSG00000159086;ENSG00000177697;ENSG00000197165;ENSG00000214655;ENSG00000181409
MENON_FETAL_KIDNEY_2_NEPHRON_PROGENITOR_CELLS	0.5	0.62474645030426	0.0826646449123753	-0.354805372920094	-0.979947162202831	39	ENSG00000273706;ENSG00000133639;ENSG00000143401;ENSG00000100557;ENSG00000186715;ENSG00000091136
DESCARTES_MAIN_FETAL_MESANGIAL_CELLS	0.461864406779661	0.598145089569305	0.0865399737444125	-0.402219439476934	-0.982187212404459	22	ENSG00000237179;ENSG00000112655;ENSG00000247809;ENSG00000243819
DURANTE_ADULT_OLFACTORY_NEUROEPITHELIUM_VASCULAR_SMOOTH_MUSCLE_CELLS	0.505263157894737	0.630044747496271	0.0813027345384498	-0.306087367620626	-0.98260657067948	94	ENSG00000164330;ENSG00000154553;ENSG00000172201;ENSG00000122786;ENSG00000163431;ENSG00000198467;ENSG00000113140;ENSG00000022267;ENSG00000197256;ENSG00000076706;ENSG00000077157;ENSG00000232995;ENSG00000185551;ENSG00000183722;ENSG00000185633;ENSG00000167641;ENSG00000119147;ENSG00000092841
DESCARTES_FETAL_LUNG_STROMAL_CELLS	0.462203023758099	0.598145089569305	0.0875697115548511	-0.351598859374405	-0.990793260246711	45	ENSG00000164946;ENSG00000197467;ENSG00000196569;ENSG00000078098;ENSG00000181234;ENSG00000112041;ENSG00000151789;ENSG00000189409;ENSG00000223949;ENSG00000006283;ENSG00000160867;ENSG00000235448;ENSG00000140285;ENSG00000213996;ENSG00000072657;ENSG00000030304;ENSG00000108381
RUBENSTEIN_SKELETAL_MUSCLE_FBN1_FAP_CELLS	0.476772616136919	0.607239069907442	0.0928481214159878	-0.265805057433755	-0.996540860234868	284	ENSG00000164330;ENSG00000082196;ENSG00000142156;ENSG00000106333;ENSG00000154736;ENSG00000184254;ENSG00000168477;ENSG00000099377;ENSG00000077782;ENSG00000277443;ENSG00000164825;ENSG00000139910;ENSG00000091986;ENSG00000101000;ENSG00000124942;ENSG00000143387;ENSG00000126218;ENSG00000104213;ENSG00000214548;ENSG00000154856;ENSG00000049540;ENSG00000167779;ENSG00000115380;ENSG00000089159;ENSG00000148180;ENSG00000111341
ZHONG_PFC_MAJOR_TYPES_NPCS	0.48314606741573	0.609872904770676	0.0873098257637931	-0.292287401585258	-0.996998336689058	142	ENSG00000276644;ENSG00000007372;ENSG00000117122;ENSG00000143401;ENSG00000160298;ENSG00000111665;ENSG00000119969;ENSG00000128951;ENSG00000104332;ENSG00000044459;ENSG00000105968;ENSG00000110492;ENSG00000172201;ENSG00000049449;ENSG00000136108;ENSG00000137804;ENSG00000166803;ENSG00000139146;ENSG00000198901;ENSG00000168393;ENSG00000154473;ENSG00000228716;ENSG00000112312;ENSG00000168496;ENSG00000117724;ENSG00000178999;ENSG00000006042;ENSG00000166508;ENSG00000112029;ENSG00000119333;ENSG00000175063;ENSG00000129195;ENSG00000145386;ENSG00000145423;ENSG00000123485;ENSG00000013810;ENSG00000079616;ENSG00000100162;ENSG00000089685;ENSG00000066279;ENSG00000171848;ENSG00000080986;ENSG00000075218;ENSG00000100297;ENSG00000148773;ENSG00000163508;ENSG00000134057;ENSG00000170312;ENSG00000198830;ENSG00000123219;ENSG00000138160;ENSG00000131747;ENSG00000120802;ENSG00000164104;ENSG00000104738;ENSG00000091651
FAN_EMBRYONIC_CTX_BIG_GROUPS_BRAIN_ENDOTHELIAL	0.470886075949367	0.604333333333333	0.0956031492204301	-0.262381488762716	-1.00107597158603	366	ENSG00000164330;ENSG00000043355;ENSG00000011105;ENSG00000107731;ENSG00000142156;ENSG00000106333;ENSG00000137509;ENSG00000113580;ENSG00000166265;ENSG00000196569;ENSG00000117122;ENSG00000181826;ENSG00000137962;ENSG00000112769;ENSG00000101000;ENSG00000142188;ENSG00000154856;ENSG00000143369;ENSG00000125772;ENSG00000089159;ENSG00000120913;ENSG00000091136;ENSG00000107719;ENSG00000166333;ENSG00000122786;ENSG00000162909;ENSG00000198467;ENSG00000113140;ENSG00000169129;ENSG00000099204;ENSG00000167434;ENSG00000197256;ENSG00000172037;ENSG00000196586;ENSG00000076706;ENSG00000085871;ENSG00000183963;ENSG00000166347;ENSG00000118292;ENSG00000232995;ENSG00000003436;ENSG00000102760;ENSG00000105472;ENSG00000185551;ENSG00000183722;ENSG00000176105
DESCARTES_FETAL_EYE_SKELETAL_MUSCLE_CELLS	0.47450110864745	0.606416354619978	0.0875697115548511	-0.292168343136892	-1.00430596000061	153	ENSG00000129910;ENSG00000227877;ENSG00000170276;ENSG00000101605;ENSG00000162494;ENSG00000091482;ENSG00000108515;ENSG00000159251;ENSG00000258675;ENSG00000115221;ENSG00000111432;ENSG00000159173;ENSG00000128591;ENSG00000184678;ENSG00000118729;ENSG00000267750;ENSG00000184343;ENSG00000175920;ENSG00000144821;ENSG00000242265;ENSG00000109063;ENSG00000124743;ENSG00000177238;ENSG00000092054;ENSG00000176076
DESCARTES_FETAL_EYE_RETINAL_PIGMENT_CELLS	0.464757709251101	0.598934621126942	0.0883594442500905	-0.329002763217689	-1.0044496553478	71	ENSG00000180287;ENSG00000152078;ENSG00000204278;ENSG00000171724;ENSG00000234840;ENSG00000100033;ENSG00000240935;ENSG00000197415;ENSG00000187783;ENSG00000128578;ENSG00000118271;ENSG00000148734
BUSSLINGER_GASTRIC_D_CELLS	0.45877378435518	0.598101265822785	0.086794975677172	-0.396626061530293	-1.00504265516047	27	ENSG00000162992;ENSG00000007372;ENSG00000089199;ENSG00000118271
LAKE_ADULT_KIDNEY_C5_PROXIMAL_TUBULE_EPITHELIAL_CELLS_STRESS_INFLAM	0.415143603133159	0.564521985717497	0.105125131597001	-0.263839189704239	-1.01030287379061	396	ENSG00000186815;ENSG00000075891;ENSG00000177106;ENSG00000196739;ENSG00000105707;ENSG00000120915;ENSG00000111846;ENSG00000069667;ENSG00000113494;ENSG00000265491;ENSG00000029534;ENSG00000234840;ENSG00000106772;ENSG00000128563;ENSG00000228315;ENSG00000079805;ENSG00000080493;ENSG00000165449;ENSG00000231028;ENSG00000148219;ENSG00000169918;ENSG00000173214;ENSG00000269113;ENSG00000183230;ENSG00000152582;ENSG00000121310;ENSG00000130988;ENSG00000132199;ENSG00000132424;ENSG00000166432;ENSG00000136883;ENSG00000124177;ENSG00000107551;ENSG00000204219;ENSG00000167107;ENSG00000188803;ENSG00000257923;ENSG00000176641;ENSG00000167978;ENSG00000070886;ENSG00000134186;ENSG00000235703;ENSG00000157796;ENSG00000114126;ENSG00000130254;ENSG00000095066;ENSG00000145819;ENSG00000154767;ENSG00000066084;ENSG00000241058;ENSG00000167615;ENSG00000173230;ENSG00000119777;ENSG00000185432;ENSG00000083067;ENSG00000183077;ENSG00000165895;ENSG00000162433;ENSG00000112773;ENSG00000196586;ENSG00000186951;ENSG00000107611;ENSG00000108848;ENSG00000006611;ENSG00000147676;ENSG00000142494;ENSG00000185565;ENSG00000165475;ENSG00000130939;ENSG00000186153;ENSG00000272333;ENSG00000133858;ENSG00000064655;ENSG00000095932;ENSG00000144724;ENSG00000131051;ENSG00000004534;ENSG00000112964;ENSG00000178685;ENSG00000143891;ENSG00000169696;ENSG00000267586;ENSG00000250903;ENSG00000100813;ENSG00000130707;ENSG00000108474;ENSG00000106258;ENSG00000162873;ENSG00000090905;ENSG00000125676;ENSG00000227110;ENSG00000173575;ENSG00000258537;ENSG00000116580;ENSG00000250802;ENSG00000125351;ENSG00000143850;ENSG00000138759;ENSG00000052126
GAUTAM_EYE_CHOROID_SCLERA_ACTIVATED_T_CELLS	0.43640350877193	0.580614603463302	0.0916795246008379	-0.304759411526347	-1.01226730673803	114	ENSG00000171316;ENSG00000114626;ENSG00000001461;ENSG00000121716;ENSG00000132849;ENSG00000013573;ENSG00000074370;ENSG00000100422;ENSG00000133794;ENSG00000117586;ENSG00000158805;ENSG00000165272;ENSG00000123933;ENSG00000187994;ENSG00000122085;ENSG00000174842;ENSG00000111203;ENSG00000167302;ENSG00000134574;ENSG00000174652
AIZARANI_LIVER_C33_STELLATE_CELLS_2	0.426636568848758	0.572566724206613	0.0946646223153342	-0.303437402197525	-1.01390751453351	127	ENSG00000164330;ENSG00000142156;ENSG00000108387;ENSG00000135424;ENSG00000118004;ENSG00000172201;ENSG00000111341;ENSG00000091136;ENSG00000105894;ENSG00000122786;ENSG00000182534;ENSG00000198467;ENSG00000113140;ENSG00000161544;ENSG00000076641;ENSG00000130635;ENSG00000197256;ENSG00000076706;ENSG00000108848;ENSG00000077157;ENSG00000169604;ENSG00000232995;ENSG00000185551;ENSG00000162599;ENSG00000182263;ENSG00000183722
DESCARTES_MAIN_FETAL_AMACRINE_CELLS	0.421610169491525	0.568297296294923	0.0916795246008379	-0.416321470501143	-1.01662322713045	22	ENSG00000112238;ENSG00000187595;ENSG00000116819;ENSG00000229950;ENSG00000135824;ENSG00000049449
DESCARTES_MAIN_FETAL_PARIETAL_AND_CHIEF_CELLS	0.418859649122807	0.566193745232647	0.0940503465727813	-0.30932192206299	-1.01959089656122	110	ENSG00000196482;ENSG00000255020;ENSG00000135083;ENSG00000111846;ENSG00000203943;ENSG00000147853;ENSG00000120875;ENSG00000105675
AIZARANI_LIVER_C17_HEPATOCYTES_3	0.423728813559322	0.569906002516468	0.0913924325943768	-0.322246877239369	-1.02288036038973	88	ENSG00000105707;ENSG00000109072;ENSG00000214456;ENSG00000106804;ENSG00000198734;ENSG00000173531;ENSG00000169738
DESCARTES_FETAL_LIVER_ERYTHROBLASTS	0.410313901345292	0.561674140508221	0.0965629554309422	-0.344611340472424	-1.02357567330099	62	ENSG00000154316;ENSG00000029534;ENSG00000221988;ENSG00000213088;ENSG00000187010;ENSG00000148218;ENSG00000141469;ENSG00000048140;ENSG00000137460;ENSG00000135776;ENSG00000228203;ENSG00000196517;ENSG00000087085;ENSG00000250361;ENSG00000115993;ENSG00000197465;ENSG00000242082;ENSG00000004939;ENSG00000133488;ENSG00000140287
DESCARTES_FETAL_ADRENAL_SYMPATHOBLASTS	0.440425531914894	0.583445435827042	0.0894366833718621	-0.315577654967258	-1.02457466303398	102	ENSG00000112038;ENSG00000231824;ENSG00000183780;ENSG00000145526;ENSG00000167749;ENSG00000042781;ENSG00000149527;ENSG00000147488;ENSG00000169427;ENSG00000145198;ENSG00000174611;ENSG00000157542;ENSG00000204653;ENSG00000215644;ENSG00000165731;ENSG00000250007;ENSG00000175267
DESCARTES_FETAL_INTESTINE_CHROMAFFIN_CELLS	0.414893617021277	0.564521985717497	0.0928481214159878	-0.323826548030714	-1.02606005257131	87	ENSG00000188452;ENSG00000162992;ENSG00000016402;ENSG00000167964;ENSG00000007372;ENSG00000162761;ENSG00000141837;ENSG00000145087;ENSG00000147488;ENSG00000145198;ENSG00000173826
DESCARTES_FETAL_SPLEEN_MEGAKARYOCYTES	0.378787878787879	0.534117128370931	0.0992333343771191	-0.314600396834492	-1.03612385357074	108	ENSG00000101333;ENSG00000250334;ENSG00000058866;ENSG00000015532;ENSG00000005961;ENSG00000042781;ENSG00000101605;ENSG00000181322;ENSG00000172794;ENSG00000176783;ENSG00000174233;ENSG00000157927;ENSG00000213658;ENSG00000138735;ENSG00000150054;ENSG00000180573;ENSG00000164659;ENSG00000168395;ENSG00000155158;ENSG00000108839
TRAVAGLINI_LUNG_SIGNALING_ALVEOLAR_EPITHELIAL_TYPE_2_CELL	0.378076062639821	0.534117128370931	0.101350743797099	-0.348717434416532	-1.04186400972913	63	ENSG00000007402;ENSG00000129422;ENSG00000186493;ENSG00000259803;ENSG00000066405
ZHONG_PFC_MAJOR_TYPES_OPC	0.387580299785867	0.540157159882566	0.0972150808846466	-0.329449400493147	-1.04456434198843	90	ENSG00000152208;ENSG00000136859;ENSG00000160307;ENSG00000114200;ENSG00000139910;ENSG00000162944;ENSG00000068903;ENSG00000105894;ENSG00000176971;ENSG00000101198;ENSG00000107104;ENSG00000113140;ENSG00000136160;ENSG00000101439;ENSG00000166925;ENSG00000144230;ENSG00000185565;ENSG00000167614;ENSG00000173786;ENSG00000050405;ENSG00000154975;ENSG00000171766;ENSG00000125820;ENSG00000021300;ENSG00000184221
GAUTAM_EYE_IRIS_CILIARY_BODY_CRYAA_HIGH_CILIARY_BODY_CELLS	0.383259911894273	0.535347178518985	0.0995791200495904	-0.334934649806085	-1.04482070065883	82	ENSG00000180660;ENSG00000058866;ENSG00000181744;ENSG00000083857;ENSG00000184254;ENSG00000105810
DESCARTES_FETAL_ADRENAL_STROMAL_CELLS	0.34624145785877	0.509032787687356	0.107972360317345	-0.308661755453259	-1.04553969570739	137	ENSG00000108001;ENSG00000164946;ENSG00000106333;ENSG00000118004;ENSG00000198542;ENSG00000148935;ENSG00000161249;ENSG00000183801;ENSG00000091986;ENSG00000248587;ENSG00000104213;ENSG00000078098;ENSG00000167779;ENSG00000111341;ENSG00000150636;ENSG00000242268;ENSG00000225649;ENSG00000224729;ENSG00000164161;ENSG00000074047;ENSG00000128606;ENSG00000039537;ENSG00000125378;ENSG00000151789
DESCARTES_FETAL_STOMACH_ENS_GLIA	0.379084967320261	0.534117128370931	0.0995791200495904	-0.371482972251581	-1.04972502022339	46	ENSG00000137203;ENSG00000198597;ENSG00000158887;ENSG00000141338;ENSG00000110900;ENSG00000160307;ENSG00000234323;ENSG00000175785
LAKE_ADULT_KIDNEY_C15_CONNECTING_TUBULE	0.34	0.502254196642686	0.107554375265169	-0.301353497548341	-1.05069322714495	170	ENSG00000196482;ENSG00000081803;ENSG00000176387;ENSG00000276644;ENSG00000205213;ENSG00000175198;ENSG00000069667;ENSG00000105810;ENSG00000179104;ENSG00000198589;ENSG00000165185;ENSG00000150995;ENSG00000104327;ENSG00000164825;ENSG00000100557;ENSG00000118922;ENSG00000185774;ENSG00000078114;ENSG00000184384;ENSG00000147099;ENSG00000185946;ENSG00000091136;ENSG00000153822;ENSG00000134215;ENSG00000164684;ENSG00000143919;ENSG00000083067;ENSG00000148090;ENSG00000140262
TRAVAGLINI_LUNG_PROLIFERATING_NK_T_CELL	0.345372460496614	0.508969941784484	0.107554375265169	-0.316265750352181	-1.05677223226066	127	ENSG00000118418;ENSG00000160298;ENSG00000111665;ENSG00000119969;ENSG00000128951;ENSG00000105968;ENSG00000101474;ENSG00000137563;ENSG00000135451;ENSG00000228716;ENSG00000176208;ENSG00000130816;ENSG00000112312;ENSG00000168496;ENSG00000117724;ENSG00000178999;ENSG00000167900;ENSG00000101057;ENSG00000166508;ENSG00000119333;ENSG00000175063;ENSG00000145386;ENSG00000013810;ENSG00000111247;ENSG00000079616;ENSG00000106462;ENSG00000176890;ENSG00000100162;ENSG00000089685;ENSG00000066279;ENSG00000127564;ENSG00000171848;ENSG00000163918;ENSG00000117281;ENSG00000080986;ENSG00000075218;ENSG00000100297;ENSG00000148773;ENSG00000158402;ENSG00000170312;ENSG00000198830;ENSG00000140525;ENSG00000123219;ENSG00000131747;ENSG00000165480;ENSG00000101412;ENSG00000164104;ENSG00000104738;ENSG00000093009;ENSG00000091651;ENSG00000213551;ENSG00000182628
DESCARTES_MAIN_FETAL_HORIZONTAL_CELLS	0.391489361702128	0.541926846760698	0.096240602328129	-0.387303277732984	-1.06031004044718	37	ENSG00000008196;ENSG00000119547;ENSG00000115183;ENSG00000233593;ENSG00000224020;ENSG00000249167;ENSG00000157890;ENSG00000164100
DESCARTES_FETAL_INTESTINE_STROMAL_CELLS	0.380645161290323	0.534117128370931	0.0985499803531691	-0.394019750408076	-1.06163821869777	35	ENSG00000223561;ENSG00000111087;ENSG00000204335;ENSG00000111432;ENSG00000147145;ENSG00000159674;ENSG00000233682;ENSG00000120907
DESCARTES_FETAL_LUNG_MEGAKARYOCYTES	0.30242825607064	0.468079913918378	0.114750719227023	-0.306469039356255	-1.06228388932913	162	ENSG00000233968;ENSG00000250334;ENSG00000058866;ENSG00000174788;ENSG00000142961;ENSG00000137198;ENSG00000029534;ENSG00000005961;ENSG00000172572;ENSG00000101605;ENSG00000167705;ENSG00000064601;ENSG00000172794;ENSG00000187010;ENSG00000166091;ENSG00000176783;ENSG00000174233;ENSG00000213658;ENSG00000128578;ENSG00000117586;ENSG00000248334;ENSG00000183785;ENSG00000260742;ENSG00000198753;ENSG00000166333
AIZARANI_LIVER_C30_HEPATOCYTES_4	0.248648648648649	0.41808146440299	0.143758989039275	-0.27621301553121	-1.06310360546805	418	ENSG00000173210;ENSG00000162144;ENSG00000152078;ENSG00000196739;ENSG00000154265;ENSG00000117707;ENSG00000105707;ENSG00000120915;ENSG00000147853;ENSG00000265491;ENSG00000119547;ENSG00000009694;ENSG00000072778;ENSG00000118242;ENSG00000161267;ENSG00000141084;ENSG00000135473;ENSG00000074964;ENSG00000215252;ENSG00000119139;ENSG00000004864;ENSG00000221978;ENSG00000173214;ENSG00000214456;ENSG00000250305;ENSG00000240303;ENSG00000121310;ENSG00000075234;ENSG00000132424;ENSG00000106804;ENSG00000198734;ENSG00000132840;ENSG00000168237;ENSG00000215644;ENSG00000173531;ENSG00000244879;ENSG00000144908;ENSG00000101474;ENSG00000198650;ENSG00000263934;ENSG00000177238;ENSG00000016391;ENSG00000166803;ENSG00000108666;ENSG00000073605;ENSG00000236753;ENSG00000006062;ENSG00000088888;ENSG00000241058;ENSG00000134897;ENSG00000183281;ENSG00000073169;ENSG00000110169;ENSG00000166183;ENSG00000039537;ENSG00000168887;ENSG00000197580;ENSG00000164406;ENSG00000140538;ENSG00000172000;ENSG00000112773;ENSG00000186951;ENSG00000131781;ENSG00000265566;ENSG00000164403
DESCARTES_MAIN_FETAL_TROPHOBLAST_GIANT_CELLS	0.29490022172949	0.464599837814235	0.116739204791222	-0.314755478249355	-1.06414121733157	131	ENSG00000133460;ENSG00000176387;ENSG00000168487;ENSG00000168679;ENSG00000165124;ENSG00000167612;ENSG00000110723;ENSG00000154645;ENSG00000118197;ENSG00000113441;ENSG00000077274
LAKE_ADULT_KIDNEY_C13_THICK_ASCENDING_LIMB	0.293986636971047	0.46434812403632	0.117249716749792	-0.318037631883267	-1.06729391000967	129	ENSG00000196482;ENSG00000171365;ENSG00000205213;ENSG00000185842;ENSG00000175198;ENSG00000147853;ENSG00000198589;ENSG00000106049;ENSG00000100201;ENSG00000132424;ENSG00000118922;ENSG00000185774;ENSG00000164830;ENSG00000224078;ENSG00000247809;ENSG00000184384;ENSG00000185946;ENSG00000091136;ENSG00000153822;ENSG00000134215
FAN_OVARY_CL6_PUTATIVE_EARLY_ATRETIC_FOLLICLE_THECAL_CELL_2	0.240694789081886	0.412138590203106	0.139599673451922	-0.287335714166552	-1.07565419121491	296	ENSG00000142156;ENSG00000214063;ENSG00000154553;ENSG00000141338;ENSG00000157514;ENSG00000165795;ENSG00000147853;ENSG00000139793;ENSG00000118418;ENSG00000165449;ENSG00000118004;ENSG00000106483;ENSG00000127990;ENSG00000088882;ENSG00000091986;ENSG00000121310;ENSG00000123096;ENSG00000143387;ENSG00000136156;ENSG00000142188;ENSG00000104213;ENSG00000214548;ENSG00000250722;ENSG00000165092;ENSG00000104324;ENSG00000110492;ENSG00000159674;ENSG00000049449;ENSG00000108679;ENSG00000099622;ENSG00000148180;ENSG00000111341;ENSG00000197956;ENSG00000166333;ENSG00000174080;ENSG00000122786;ENSG00000198467;ENSG00000132561;ENSG00000168209;ENSG00000113140;ENSG00000100979;ENSG00000128606;ENSG00000109113;ENSG00000147257;ENSG00000189409;ENSG00000138029;ENSG00000112773;ENSG00000163644;ENSG00000166482;ENSG00000150593;ENSG00000006042;ENSG00000166347;ENSG00000013441;ENSG00000258818;ENSG00000196199;ENSG00000141756;ENSG00000105472;ENSG00000162576;ENSG00000185551;ENSG00000162599;ENSG00000265972;ENSG00000183722;ENSG00000159388;ENSG00000103024;ENSG00000138085;ENSG00000105438
HAY_BONE_MARROW_CD34_POS_PRE_B	0.331923890063425	0.492687027178481	0.105920292736253	-0.336412719871659	-1.07654291290124	93	ENSG00000132640;ENSG00000101224;ENSG00000103888;ENSG00000185483;ENSG00000164764;ENSG00000130702;ENSG00000214022;ENSG00000099954;ENSG00000136883
DESCARTES_MAIN_FETAL_ACINAR_CELLS	0.349344978165939	0.510659596765364	0.104732821580651	-0.386958618003001	-1.08008432502003	44	ENSG00000176058;ENSG00000114204;ENSG00000170835;ENSG00000162438;ENSG00000149735;ENSG00000153002;ENSG00000159388;ENSG00000169660;ENSG00000141086
DESCARTES_FETAL_PANCREAS_SMOOTH_MUSCLE_CELLS	0.363057324840764	0.520100725818397	0.100633389423036	-0.407398207037505	-1.08170922303378	33	ENSG00000102924;ENSG00000250334;ENSG00000108387;ENSG00000185652;ENSG00000215559;ENSG00000118729
MENON_FETAL_KIDNEY_0_CAP_MESENCHYME_CELLS	0.322649572649573	0.485946544626251	0.108394255853397	-0.340708784079055	-1.08357068429568	91	ENSG00000075891;ENSG00000276644;ENSG00000111642;ENSG00000112769;ENSG00000104852;ENSG00000047410;ENSG00000110492;ENSG00000244879;ENSG00000257923;ENSG00000242265;ENSG00000123636;ENSG00000219481;ENSG00000130816;ENSG00000136938;ENSG00000117724;ENSG00000108848;ENSG00000166508;ENSG00000185551
TRAVAGLINI_LUNG_NEUROENDOCRINE_CELL	0.282222222222222	0.449221935113408	0.119887845115423	-0.32509494418361	-1.08668861719089	123	ENSG00000183570;ENSG00000135549;ENSG00000144406;ENSG00000183783;ENSG00000117707;ENSG00000108176;ENSG00000164761;ENSG00000187017;ENSG00000145087;ENSG00000056736;ENSG00000168917;ENSG00000173404;ENSG00000214548;ENSG00000099622;ENSG00000089199;ENSG00000173258;ENSG00000122786;ENSG00000145920;ENSG00000111674
DESCARTES_MAIN_FETAL_CSH1_CSH2_POSITIVE_CELLS	0.281938325991189	0.449221935113408	0.119348440591015	-0.32679702621488	-1.09062155087119	121	ENSG00000272645;ENSG00000251521;ENSG00000143303;ENSG00000259456;ENSG00000266904;ENSG00000124097;ENSG00000180638;ENSG00000249915;ENSG00000235703;ENSG00000148399;ENSG00000130182;ENSG00000070061;ENSG00000166946;ENSG00000114859;ENSG00000137221;ENSG00000264745;ENSG00000225526;ENSG00000189050;ENSG00000204271;ENSG00000160404;ENSG00000146826;ENSG00000127419;ENSG00000104835;ENSG00000116525;ENSG00000183474;ENSG00000197976;ENSG00000142675;ENSG00000258640;ENSG00000100284;ENSG00000166394;ENSG00000114388;ENSG00000254718;ENSG00000138073;ENSG00000233421;ENSG00000226686;ENSG00000256087
BUSSLINGER_GASTRIC_CHIEF_CELLS	0.325056433408578	0.487189204330131	0.11146266692298	-0.382461641088622	-1.09223173444031	51	ENSG00000170561;ENSG00000015532;ENSG00000107159;ENSG00000214456;ENSG00000169738
DESCARTES_FETAL_SPLEEN_VASCULAR_ENDOTHELIAL_CELLS	0.312087912087912	0.477037602595915	0.112378519110475	-0.388565706227695	-1.10078633152612	48	ENSG00000144406;ENSG00000166265;ENSG00000230461;ENSG00000141449;ENSG00000078098;ENSG00000175344
MANNO_MIDBRAIN_NEUROTYPES_HRGL1	0.17948717948718	0.340197238658777	0.166933848713193	-0.289930062321916	-1.10112553267827	355	ENSG00000165588;ENSG00000114251;ENSG00000050767;ENSG00000170959;ENSG00000086570;ENSG00000276644;ENSG00000124749;ENSG00000140807;ENSG00000239569;ENSG00000181744;ENSG00000154553;ENSG00000083857;ENSG00000110900;ENSG00000203943;ENSG00000105810;ENSG00000166444;ENSG00000138434;ENSG00000162761;ENSG00000168843;ENSG00000172572;ENSG00000164761;ENSG00000165449;ENSG00000121310;ENSG00000128591;ENSG00000227372;ENSG00000164125;ENSG00000258655;ENSG00000124942;ENSG00000171189;ENSG00000078114;ENSG00000197415;ENSG00000154856;ENSG00000049540;ENSG00000150893;ENSG00000206530;ENSG00000184384;ENSG00000188931;ENSG00000162944;ENSG00000150433;ENSG00000153904;ENSG00000049192;ENSG00000172201;ENSG00000049449;ENSG00000109771;ENSG00000175267;ENSG00000159588;ENSG00000082497;ENSG00000163884;ENSG00000101198;ENSG00000213199;ENSG00000185189;ENSG00000132321;ENSG00000181234;ENSG00000100979;ENSG00000255794;ENSG00000166450;ENSG00000128606;ENSG00000205221;ENSG00000147255;ENSG00000138587;ENSG00000140262;ENSG00000197580;ENSG00000129596;ENSG00000172037;ENSG00000152760;ENSG00000197826;ENSG00000166925;ENSG00000148204;ENSG00000198739;ENSG00000144579;ENSG00000178568;ENSG00000157570;ENSG00000176809;ENSG00000169604;ENSG00000103742;ENSG00000243244;ENSG00000165475;ENSG00000173376;ENSG00000162599;ENSG00000183722;ENSG00000118707;ENSG00000167614;ENSG00000170989
AIZARANI_LIVER_C11_HEPATOCYTES_1	0.207407407407407	0.370327428878154	0.151148761385484	-0.297533700223125	-1.10197468004143	267	ENSG00000152078;ENSG00000166840;ENSG00000117707;ENSG00000105707;ENSG00000176974;ENSG00000109072;ENSG00000114200;ENSG00000237949;ENSG00000121310;ENSG00000130988;ENSG00000179761;ENSG00000106804;ENSG00000198734;ENSG00000196177;ENSG00000132840;ENSG00000165092;ENSG00000173531;ENSG00000169738;ENSG00000144908;ENSG00000136371;ENSG00000198650;ENSG00000137563;ENSG00000123838;ENSG00000138356;ENSG00000163884;ENSG00000169439;ENSG00000122786;ENSG00000185432;ENSG00000118271;ENSG00000110169;ENSG00000135929;ENSG00000039537;ENSG00000129596;ENSG00000164406;ENSG00000214274;ENSG00000131781;ENSG00000166347;ENSG00000126231;ENSG00000106853;ENSG00000005421;ENSG00000182551;ENSG00000112964;ENSG00000108187;ENSG00000117054;ENSG00000135447;ENSG00000121691;ENSG00000130707;ENSG00000171766
MANNO_MIDBRAIN_NEUROTYPES_HPROGFPL	0.1675	0.321600890403493	0.170932335370056	-0.294585350026462	-1.103965004522	313	ENSG00000164778;ENSG00000164946;ENSG00000165588;ENSG00000114251;ENSG00000143858;ENSG00000140807;ENSG00000134115;ENSG00000181744;ENSG00000166265;ENSG00000110900;ENSG00000105810;ENSG00000162761;ENSG00000165061;ENSG00000146910;ENSG00000160298;ENSG00000269113;ENSG00000168505;ENSG00000099284;ENSG00000111602;ENSG00000111665;ENSG00000164125;ENSG00000119969;ENSG00000197415;ENSG00000101115;ENSG00000150893;ENSG00000110492;ENSG00000109805;ENSG00000049192;ENSG00000049449;ENSG00000136108;ENSG00000137804;ENSG00000169439;ENSG00000198901;ENSG00000101003;ENSG00000181234;ENSG00000166450;ENSG00000010292;ENSG00000135451;ENSG00000205221;ENSG00000228716;ENSG00000167771;ENSG00000176208;ENSG00000162433;ENSG00000140262;ENSG00000231738;ENSG00000112312;ENSG00000081320;ENSG00000185480;ENSG00000117724;ENSG00000178999;ENSG00000103995;ENSG00000133302;ENSG00000167900;ENSG00000148204;ENSG00000166851;ENSG00000101057;ENSG00000157570;ENSG00000166508;ENSG00000112029;ENSG00000243244;ENSG00000175063;ENSG00000138336;ENSG00000129195;ENSG00000106853;ENSG00000145386;ENSG00000196550;ENSG00000140451;ENSG00000145423;ENSG00000123485;ENSG00000013810;ENSG00000111247;ENSG00000079616;ENSG00000106462;ENSG00000136944;ENSG00000008311;ENSG00000176890
DESCARTES_FETAL_PLACENTA_STROMAL_CELLS	0.27292576419214	0.443243243243243	0.120985142145252	-0.360256465466901	-1.10473961379047	72	ENSG00000129910;ENSG00000164946;ENSG00000134115;ENSG00000198542;ENSG00000213088;ENSG00000248587;ENSG00000185774;ENSG00000075035;ENSG00000049540;ENSG00000204176;ENSG00000084636;ENSG00000233611;ENSG00000243978;ENSG00000172986;ENSG00000132561;ENSG00000074047;ENSG00000224367;ENSG00000189409
DESCARTES_FETAL_PLACENTA_AFP_ALB_POSITIVE_CELLS	0.235164835164835	0.406955399108386	0.132147260608774	-0.317815564564614	-1.10487112401587	163	ENSG00000174567;ENSG00000117707;ENSG00000109072;ENSG00000009694;ENSG00000243989;ENSG00000161267;ENSG00000146233;ENSG00000187017;ENSG00000114200;ENSG00000176422;ENSG00000145536;ENSG00000106804;ENSG00000196177;ENSG00000173531;ENSG00000124743;ENSG00000125848;ENSG00000139540;ENSG00000009724;ENSG00000118271;ENSG00000110169;ENSG00000162433
DESCARTES_FETAL_LUNG_BRONCHIOLAR_AND_ALVEOLAR_EPITHELIAL_CELLS	0.297727272727273	0.466666666666667	0.11776578836269	-0.385893825094259	-1.10591165196859	52	ENSG00000223561;ENSG00000204335;ENSG00000066405;ENSG00000115221;ENSG00000178734;ENSG00000100557;ENSG00000214708;ENSG00000136883;ENSG00000204305;ENSG00000099994;ENSG00000078579;ENSG00000146477
BUSSLINGER_GASTRIC_PREZYMOGENIC_CELLS	0.275784753363229	0.443243243243243	0.122107920287081	-0.377149020856629	-1.10601153733397	58	ENSG00000101333;ENSG00000006756;ENSG00000015532;ENSG00000080493;ENSG00000107159;ENSG00000204219;ENSG00000198363;ENSG00000167978;ENSG00000173230;ENSG00000185432;ENSG00000185615;ENSG00000172461;ENSG00000151276;ENSG00000139144;ENSG00000185551
DESCARTES_FETAL_CEREBELLUM_PURKINJE_NEURONS	0.277027027027027	0.443243243243243	0.122107920287081	-0.376621690973081	-1.10685020872111	59	ENSG00000214694;ENSG00000178538;ENSG00000069667;ENSG00000162344;ENSG00000150995;ENSG00000104327;ENSG00000215474;ENSG00000105143;ENSG00000231249;ENSG00000129354;ENSG00000187258;ENSG00000205221;ENSG00000147257;ENSG00000248677;ENSG00000227115;ENSG00000131620;ENSG00000206384;ENSG00000173376
AIZARANI_LIVER_C14_HEPATOCYTES_2	0.195652173913043	0.358695652173913	0.154190966581424	-0.313520840401981	-1.10960260346238	198	ENSG00000152078;ENSG00000166840;ENSG00000105707;ENSG00000103876;ENSG00000176974;ENSG00000114786;ENSG00000109072;ENSG00000130988;ENSG00000179761;ENSG00000132840;ENSG00000165092;ENSG00000173531;ENSG00000169738;ENSG00000144908;ENSG00000136371;ENSG00000198650;ENSG00000123838;ENSG00000103485;ENSG00000118271;ENSG00000110169;ENSG00000135929;ENSG00000164406;ENSG00000214274;ENSG00000166347;ENSG00000128311;ENSG00000165475;ENSG00000106853;ENSG00000005421;ENSG00000182551;ENSG00000108187
DESCARTES_FETAL_INTESTINE_ERYTHROBLASTS	0.210643015521064	0.3750176230086	0.141225119642531	-0.324828158349173	-1.11657153510723	153	ENSG00000152078;ENSG00000143224;ENSG00000154316;ENSG00000137198;ENSG00000029534;ENSG00000159023;ENSG00000230453;ENSG00000124098;ENSG00000160117;ENSG00000167705;ENSG00000257108;ENSG00000187010;ENSG00000166793;ENSG00000130734;ENSG00000148218;ENSG00000233198;ENSG00000141469;ENSG00000271092;ENSG00000112293;ENSG00000227533
DESCARTES_FETAL_KIDNEY_STROMAL_CELLS	0.20045045045045	0.365317980702596	0.14641623786055	-0.332975707244561	-1.11941549419419	132	ENSG00000157150;ENSG00000108001;ENSG00000123572;ENSG00000170276;ENSG00000158887;ENSG00000136859;ENSG00000141338;ENSG00000101955;ENSG00000214688;ENSG00000126218;ENSG00000167779;ENSG00000221818;ENSG00000111341;ENSG00000176971;ENSG00000138356;ENSG00000169174;ENSG00000113140;ENSG00000146477
MANNO_MIDBRAIN_NEUROTYPES_HNPROG	0.197149643705463	0.360368488197523	0.152144922367565	-0.308474989764867	-1.1198276745752	222	ENSG00000165588;ENSG00000160097;ENSG00000114251;ENSG00000162992;ENSG00000154736;ENSG00000127863;ENSG00000245694;ENSG00000101224;ENSG00000171786;ENSG00000168071;ENSG00000110900;ENSG00000144857;ENSG00000165061;ENSG00000204335;ENSG00000159023;ENSG00000147488;ENSG00000108515;ENSG00000090097;ENSG00000130702;ENSG00000196132;ENSG00000137142;ENSG00000111665;ENSG00000124785;ENSG00000173404;ENSG00000150893;ENSG00000162944;ENSG00000137804;ENSG00000221818;ENSG00000100060;ENSG00000134376;ENSG00000114126;ENSG00000149633;ENSG00000198901;ENSG00000139675;ENSG00000167771;ENSG00000140262;ENSG00000081320;ENSG00000078699;ENSG00000185480;ENSG00000117724;ENSG00000166851;ENSG00000157570;ENSG00000175063;ENSG00000173376;ENSG00000185739;ENSG00000129195;ENSG00000145386;ENSG00000196550;ENSG00000140451;ENSG00000106341;ENSG00000198865;ENSG00000123485;ENSG00000013810
LAKE_ADULT_KIDNEY_C28_INTERSTITIUM	0.246724890829694	0.416390500687922	0.128142916898415	-0.358403784034352	-1.12156502741177	84	ENSG00000164330;ENSG00000143995;ENSG00000276644;ENSG00000196569;ENSG00000197442;ENSG00000009413;ENSG00000151491;ENSG00000247809;ENSG00000120594;ENSG00000111341
MANNO_MIDBRAIN_NEUROTYPES_HPROGFPM	0.131313131313131	0.277968690339824	0.195789002148949	-0.296998397190717	-1.12289705280893	342	ENSG00000164778;ENSG00000135549;ENSG00000164946;ENSG00000165588;ENSG00000114251;ENSG00000109586;ENSG00000134115;ENSG00000154736;ENSG00000181744;ENSG00000101224;ENSG00000139793;ENSG00000162761;ENSG00000143401;ENSG00000165061;ENSG00000146910;ENSG00000148950;ENSG00000160298;ENSG00000148935;ENSG00000168505;ENSG00000111665;ENSG00000164125;ENSG00000119969;ENSG00000101115;ENSG00000198168;ENSG00000150893;ENSG00000110492;ENSG00000109805;ENSG00000049192;ENSG00000049449;ENSG00000136108;ENSG00000137804;ENSG00000181218;ENSG00000169439;ENSG00000198901;ENSG00000101003;ENSG00000181234;ENSG00000255794;ENSG00000166450;ENSG00000010292;ENSG00000135451;ENSG00000228716;ENSG00000167771;ENSG00000236200;ENSG00000125378;ENSG00000162433;ENSG00000140262;ENSG00000257167;ENSG00000112312;ENSG00000185480;ENSG00000031691;ENSG00000117724;ENSG00000178999;ENSG00000103995;ENSG00000133302;ENSG00000148204;ENSG00000166851;ENSG00000169604;ENSG00000103742;ENSG00000243244;ENSG00000276180;ENSG00000175063;ENSG00000129195;ENSG00000106853;ENSG00000145386;ENSG00000196550;ENSG00000247151;ENSG00000140451;ENSG00000145423;ENSG00000123485;ENSG00000013810;ENSG00000111247;ENSG00000079616;ENSG00000136944;ENSG00000176890;ENSG00000089685;ENSG00000066279;ENSG00000052126;ENSG00000171848;ENSG00000163918;ENSG00000134013;ENSG00000124795;ENSG00000074219;ENSG00000075218;ENSG00000148773;ENSG00000138771;ENSG00000160180;ENSG00000158402;ENSG00000134057;ENSG00000101849;ENSG00000170312;ENSG00000198830;ENSG00000140525;ENSG00000024526;ENSG00000149636;ENSG00000132688;ENSG00000123219;ENSG00000087245;ENSG00000012048;ENSG00000139219;ENSG00000142149;ENSG00000138160;ENSG00000131747;ENSG00000040275;ENSG00000120802;ENSG00000004939;ENSG00000165480;ENSG00000120699;ENSG00000164104
GAUTAM_EYE_CORNEA_CYTOTOXIC_T_CELLS	0.194323144104804	0.358392385534608	0.14641623786055	-0.326683247506547	-1.12388431612883	147	ENSG00000133460;ENSG00000137802;ENSG00000159714;ENSG00000266904;ENSG00000148187;ENSG00000151612;ENSG00000127415;ENSG00000248019;ENSG00000137804;ENSG00000081791;ENSG00000115289;ENSG00000123815;ENSG00000204623;ENSG00000168434;ENSG00000105705;ENSG00000101198;ENSG00000132561;ENSG00000214756;ENSG00000168393;ENSG00000136305;ENSG00000178188;ENSG00000146828;ENSG00000204427;ENSG00000172888;ENSG00000100263;ENSG00000117724;ENSG00000103995;ENSG00000162066;ENSG00000076258;ENSG00000205129;ENSG00000058673
MANNO_MIDBRAIN_NEUROTYPES_HPROGM	0.139303482587065	0.28892574166206	0.188204146308491	-0.300661849413542	-1.12430664512663	299	ENSG00000164778;ENSG00000165588;ENSG00000114251;ENSG00000143858;ENSG00000188452;ENSG00000196739;ENSG00000168487;ENSG00000134115;ENSG00000181744;ENSG00000141338;ENSG00000083857;ENSG00000166265;ENSG00000110900;ENSG00000114654;ENSG00000162761;ENSG00000172572;ENSG00000165061;ENSG00000204335;ENSG00000146910;ENSG00000269113;ENSG00000168505;ENSG00000111665;ENSG00000164125;ENSG00000258655;ENSG00000101115;ENSG00000150893;ENSG00000110492;ENSG00000120594;ENSG00000206530;ENSG00000184384;ENSG00000188931;ENSG00000109805;ENSG00000153789;ENSG00000049449;ENSG00000137804;ENSG00000180801;ENSG00000169439;ENSG00000168209;ENSG00000198901;ENSG00000181234;ENSG00000100979;ENSG00000118271;ENSG00000135451;ENSG00000167771;ENSG00000138587;ENSG00000125378;ENSG00000134533;ENSG00000129596;ENSG00000152760;ENSG00000031691;ENSG00000117724;ENSG00000178999;ENSG00000103995;ENSG00000133302;ENSG00000006042;ENSG00000148204;ENSG00000166851;ENSG00000111834
DESCARTES_MAIN_FETAL_ERYTHROBLASTS	0.173396674584323	0.330688394872889	0.163180127180689	-0.310976109768899	-1.12890725473852	222	ENSG00000115107;ENSG00000152078;ENSG00000064687;ENSG00000137198;ENSG00000029534;ENSG00000148343;ENSG00000230453;ENSG00000215908;ENSG00000160117;ENSG00000267549;ENSG00000187010;ENSG00000166793;ENSG00000148218;ENSG00000168754;ENSG00000109805;ENSG00000137804;ENSG00000233198;ENSG00000141469;ENSG00000188735;ENSG00000165406;ENSG00000186185;ENSG00000143919;ENSG00000111684;ENSG00000198901;ENSG00000135451;ENSG00000166046;ENSG00000176208;ENSG00000189316;ENSG00000136938;ENSG00000185480;ENSG00000121104;ENSG00000108799;ENSG00000160957;ENSG00000165661;ENSG00000135776;ENSG00000011243;ENSG00000181873;ENSG00000166965;ENSG00000013306;ENSG00000198176;ENSG00000123485;ENSG00000079616;ENSG00000141562;ENSG00000196517;ENSG00000127586;ENSG00000121691;ENSG00000126088;ENSG00000250361;ENSG00000115993;ENSG00000176896;ENSG00000171848;ENSG00000126775;ENSG00000256269;ENSG00000170271;ENSG00000157734;ENSG00000128487;ENSG00000075413;ENSG00000244692;ENSG00000197465;ENSG00000242082;ENSG00000112146;ENSG00000004939;ENSG00000133488;ENSG00000137824
DESCARTES_FETAL_MUSCLE_ERYTHROBLASTS	0.187919463087248	0.348669847173931	0.151148761385484	-0.33762589229942	-1.13195072676089	128	ENSG00000205683;ENSG00000152078;ENSG00000124067;ENSG00000029534;ENSG00000215908;ENSG00000161558;ENSG00000124098;ENSG00000165948;ENSG00000143374;ENSG00000187010;ENSG00000130734;ENSG00000148218;ENSG00000111843;ENSG00000141469;ENSG00000164898;ENSG00000135451;ENSG00000268654;ENSG00000121104;ENSG00000031691;ENSG00000101057;ENSG00000135776;ENSG00000042062;ENSG00000267586;ENSG00000121691;ENSG00000143793;ENSG00000250361;ENSG00000115993
FAN_EMBRYONIC_CTX_BRAIN_B_CELL	0.221052631578947	0.388533431685402	0.133554954557592	-0.354582219816709	-1.13828552202733	94	ENSG00000164330;ENSG00000162144;ENSG00000137101;ENSG00000133639;ENSG00000107438;ENSG00000074370
GAO_ESOPHAGUS_25W_C4_FGFR1HIGH_EPITHELIAL_CELLS	0.160092807424594	0.315755523302693	0.16823816568964	-0.317878939469735	-1.14071277478025	205	ENSG00000213398;ENSG00000160097;ENSG00000214063;ENSG00000106333;ENSG00000250208;ENSG00000168487;ENSG00000165124;ENSG00000196569;ENSG00000054392;ENSG00000008277;ENSG00000110811;ENSG00000077782;ENSG00000147251;ENSG00000213088;ENSG00000165792;ENSG00000143387;ENSG00000104213;ENSG00000147145;ENSG00000149451;ENSG00000154134;ENSG00000127720;ENSG00000106100;ENSG00000124743;ENSG00000084636;ENSG00000159433;ENSG00000158427;ENSG00000138356;ENSG00000136040;ENSG00000203865;ENSG00000136895;ENSG00000165895;ENSG00000135451;ENSG00000169129
DESCARTES_FETAL_LIVER_HEPATOBLASTS	0.103626943005181	0.246464080660972	0.224966093540314	-0.297968126707302	-1.14245109524367	395	ENSG00000181392;ENSG00000166840;ENSG00000241935;ENSG00000117707;ENSG00000132677;ENSG00000105707;ENSG00000167964;ENSG00000166415;ENSG00000095203;ENSG00000140832;ENSG00000230461;ENSG00000196208;ENSG00000109072;ENSG00000119547;ENSG00000009694;ENSG00000227906;ENSG00000161267;ENSG00000233593;ENSG00000198732;ENSG00000056736;ENSG00000136457;ENSG00000174827;ENSG00000259417;ENSG00000148935;ENSG00000144045;ENSG00000130988;ENSG00000157214;ENSG00000240935;ENSG00000100557;ENSG00000106804;ENSG00000196177;ENSG00000132840;ENSG00000126218;ENSG00000204653;ENSG00000109107;ENSG00000215644;ENSG00000136883;ENSG00000115425;ENSG00000204219;ENSG00000165092;ENSG00000186715;ENSG00000144908;ENSG00000242265;ENSG00000198650;ENSG00000123838;ENSG00000016391;ENSG00000139344;ENSG00000163884;ENSG00000169174;ENSG00000139540;ENSG00000169856;ENSG00000186301;ENSG00000146477;ENSG00000118271;ENSG00000246022;ENSG00000110169;ENSG00000147255;ENSG00000039537;ENSG00000162433;ENSG00000147257;ENSG00000129596;ENSG00000105357;ENSG00000227392;ENSG00000147573;ENSG00000214274;ENSG00000131781;ENSG00000084453
DESCARTES_FETAL_ADRENAL_MEGAKARYOCYTES	0.166315789473684	0.321161524500907	0.156312403073186	-0.36072839985572	-1.16507011885239	98	ENSG00000233968;ENSG00000250334;ENSG00000015532;ENSG00000174788;ENSG00000107438;ENSG00000005961;ENSG00000101605;ENSG00000129993;ENSG00000151838;ENSG00000176783;ENSG00000174233;ENSG00000213658;ENSG00000225231;ENSG00000183785;ENSG00000260742;ENSG00000233073;ENSG00000179639
FAN_EMBRYONIC_CTX_BIG_GROUPS_GLIAL	0.134831460674157	0.284438971833154	0.181383128498408	-0.346521401257585	-1.16898187914471	133	ENSG00000152208;ENSG00000137509;ENSG00000092421;ENSG00000165795;ENSG00000160307;ENSG00000114200;ENSG00000139910;ENSG00000091986;ENSG00000109107;ENSG00000169738;ENSG00000110492;ENSG00000153904;ENSG00000049449;ENSG00000105894;ENSG00000176971;ENSG00000101198;ENSG00000022267;ENSG00000136160;ENSG00000196586;ENSG00000101439;ENSG00000166925;ENSG00000198739;ENSG00000262655;ENSG00000167614;ENSG00000018625;ENSG00000050405;ENSG00000008311;ENSG00000171766
FAN_EMBRYONIC_CTX_BRAIN_ENDOTHELIAL_2	0.0947630922693267	0.232100772043885	0.231126709673834	-0.313016689220098	-1.17051974424143	304	ENSG00000164330;ENSG00000152977;ENSG00000153714;ENSG00000107731;ENSG00000142156;ENSG00000106333;ENSG00000168487;ENSG00000108387;ENSG00000100968;ENSG00000166444;ENSG00000196569;ENSG00000107438;ENSG00000115525;ENSG00000135547;ENSG00000114200;ENSG00000106823;ENSG00000137962;ENSG00000112769;ENSG00000150995;ENSG00000127990;ENSG00000091986;ENSG00000151491;ENSG00000149451;ENSG00000110492;ENSG00000159674;ENSG00000143369;ENSG00000108679;ENSG00000120913;ENSG00000169398;ENSG00000091136;ENSG00000150636;ENSG00000138735;ENSG00000105894;ENSG00000166333;ENSG00000122786;ENSG00000198467;ENSG00000113140;ENSG00000184451;ENSG00000165895;ENSG00000100031;ENSG00000167434;ENSG00000197256;ENSG00000172037;ENSG00000102316;ENSG00000196586;ENSG00000076706
DESCARTES_FETAL_STOMACH_ERYTHROBLASTS	0.154008438818565	0.308016877637131	0.163180127180689	-0.366370194586351	-1.17835313065876	95	ENSG00000152078;ENSG00000064687;ENSG00000029534;ENSG00000215908;ENSG00000167705;ENSG00000187010;ENSG00000148218;ENSG00000213347;ENSG00000233198;ENSG00000141469;ENSG00000185480;ENSG00000121104;ENSG00000135776;ENSG00000013306;ENSG00000042062;ENSG00000121691;ENSG00000126088;ENSG00000089685;ENSG00000250361;ENSG00000115993;ENSG00000256269;ENSG00000157734;ENSG00000128487;ENSG00000197465;ENSG00000004939;ENSG00000133488
DESCARTES_FETAL_THYMUS_VASCULAR_ENDOTHELIAL_CELLS	0.128668171557562	0.277659725173537	0.186432558434075	-0.354854668787198	-1.18571347053792	127	ENSG00000198795;ENSG00000173210;ENSG00000143341;ENSG00000189056;ENSG00000117707;ENSG00000038295;ENSG00000137509;ENSG00000137962;ENSG00000124785;ENSG00000164125;ENSG00000247809;ENSG00000162944;ENSG00000176641;ENSG00000131196;ENSG00000157927;ENSG00000132970;ENSG00000111145;ENSG00000150054;ENSG00000088298
DESCARTES_FETAL_HEART_CLC_IL5RA_POSITIVE_CELLS	0.250530785562633	0.419366749746146	0.125033367555272	-0.492976486260482	-1.18749229341987	19	ENSG00000188452;ENSG00000091181
DESCARTES_FETAL_STOMACH_CILIATED_EPITHELIAL_CELLS	0.0678391959798995	0.189090247618181	0.276500599254472	-0.318320648922452	-1.1879906635612	289	ENSG00000165923;ENSG00000188452;ENSG00000170959;ENSG00000124074;ENSG00000130413;ENSG00000189350;ENSG00000039139;ENSG00000105519;ENSG00000230453;ENSG00000231028;ENSG00000181322;ENSG00000159714;ENSG00000184608;ENSG00000141519;ENSG00000152582;ENSG00000137098;ENSG00000226026;ENSG00000197057;ENSG00000156042;ENSG00000091181;ENSG00000206530;ENSG00000188931;ENSG00000153789;ENSG00000120262;ENSG00000175267;ENSG00000161996;ENSG00000215187;ENSG00000160401;ENSG00000105479;ENSG00000171962;ENSG00000159588;ENSG00000230873;ENSG00000138587;ENSG00000188659;ENSG00000231738;ENSG00000010626;ENSG00000172771;ENSG00000197826;ENSG00000136449;ENSG00000168026;ENSG00000140527;ENSG00000164627;ENSG00000205129;ENSG00000243910;ENSG00000089101;ENSG00000188596;ENSG00000144504;ENSG00000169126;ENSG00000197168;ENSG00000186710;ENSG00000174776;ENSG00000133115
LAKE_ADULT_KIDNEY_C14_DISTAL_CONVOLUTED_TUBULE	0.088785046728972	0.225998300764656	0.231126709673834	-0.332679155976605	-1.19366764275239	208	ENSG00000196482;ENSG00000081803;ENSG00000164946;ENSG00000154265;ENSG00000276644;ENSG00000205213;ENSG00000185842;ENSG00000175198;ENSG00000069667;ENSG00000166415;ENSG00000147853;ENSG00000198589;ENSG00000154263;ENSG00000165185;ENSG00000146021;ENSG00000150995;ENSG00000132424;ENSG00000100557;ENSG00000118922;ENSG00000185774;ENSG00000144677;ENSG00000164830;ENSG00000224078;ENSG00000247809;ENSG00000184384;ENSG00000147099;ENSG00000185946;ENSG00000153822;ENSG00000134215;ENSG00000132549;ENSG00000107104;ENSG00000177853;ENSG00000164684;ENSG00000143919;ENSG00000148090;ENSG00000099204;ENSG00000140262;ENSG00000151789;ENSG00000153944;ENSG00000178568;ENSG00000230590;ENSG00000225470;ENSG00000139144;ENSG00000186153;ENSG00000135541;ENSG00000092439;ENSG00000144724;ENSG00000107890;ENSG00000162402;ENSG00000003096;ENSG00000058091;ENSG00000138639
FAN_EMBRYONIC_CTX_BRAIN_ENDOTHELIAL_1	0.0312522386298845	0.115972162626559	0.321775918075361	-0.30994849347738	-1.19675132899734	436	ENSG00000164330;ENSG00000156925;ENSG00000043355;ENSG00000101333;ENSG00000173210;ENSG00000011105;ENSG00000107731;ENSG00000111110;ENSG00000276644;ENSG00000143341;ENSG00000137509;ENSG00000092421;ENSG00000166265;ENSG00000107742;ENSG00000117122;ENSG00000181826;ENSG00000180190;ENSG00000137962;ENSG00000130702;ENSG00000112769;ENSG00000101000;ENSG00000106348;ENSG00000124942;ENSG00000167861;ENSG00000154240;ENSG00000142188;ENSG00000197822;ENSG00000143537;ENSG00000164830;ENSG00000164877;ENSG00000154856;ENSG00000049540;ENSG00000198168;ENSG00000110492;ENSG00000162944;ENSG00000173482;ENSG00000143369;ENSG00000125772;ENSG00000089159;ENSG00000120913;ENSG00000115756;ENSG00000091136;ENSG00000141469;ENSG00000162909;ENSG00000168350;ENSG00000132561;ENSG00000113140;ENSG00000136068;ENSG00000128606;ENSG00000169129;ENSG00000099204;ENSG00000167434;ENSG00000110852;ENSG00000172037;ENSG00000172175;ENSG00000102316;ENSG00000196586;ENSG00000085871;ENSG00000084453;ENSG00000183963;ENSG00000177697;ENSG00000166347
DESCARTES_FETAL_LIVER_LYMPHOID_CELLS	0.136069114470842	0.285097192224622	0.176694268938498	-0.369054963155382	-1.19845056194236	103	ENSG00000164330;ENSG00000136573;ENSG00000245812;ENSG00000137101;ENSG00000215045;ENSG00000143365
DESCARTES_FETAL_INTESTINE_LYMPHATIC_ENDOTHELIAL_CELLS	0.240860215053763	0.412138590203106	0.128788713061714	-0.445385705542108	-1.20003752749822	35	ENSG00000177685;ENSG00000117707;ENSG00000248727;ENSG00000214456;ENSG00000273492;ENSG00000150054;ENSG00000183671;ENSG00000169252;ENSG00000003436;ENSG00000114698;ENSG00000105499
GAO_SMALL_INTESTINE_24W_C2_PROCRPOS_PROGENITOR	0.220338983050847	0.388533431685402	0.134273452883202	-0.492302874631412	-1.20216364659485	22	ENSG00000106333;ENSG00000137070;ENSG00000116157;ENSG00000111341;ENSG00000128606;ENSG00000147257;ENSG00000166482;ENSG00000183722;ENSG00000145423
GAO_SMALL_INTESTINE_24W_C6_GOBLET_CELLS	0.207264957264957	0.370327428878154	0.139599673451922	-0.436187714963253	-1.20471939291134	39	ENSG00000135903;ENSG00000288596;ENSG00000064787;ENSG00000148180;ENSG00000255474;ENSG00000138780;ENSG00000146067;ENSG00000176208;ENSG00000120458;ENSG00000100162;ENSG00000203952
HAY_BONE_MARROW_PLATELET	0.0797101449275362	0.21256038647343	0.248911114434702	-0.328447703881604	-1.20552374143696	244	ENSG00000143995;ENSG00000153714;ENSG00000105711;ENSG00000173210;ENSG00000011105;ENSG00000250334;ENSG00000100362;ENSG00000174788;ENSG00000142961;ENSG00000137198;ENSG00000229124;ENSG00000227165;ENSG00000172572;ENSG00000180190;ENSG00000231437;ENSG00000134317;ENSG00000064601;ENSG00000143409;ENSG00000184678;ENSG00000166091;ENSG00000176783;ENSG00000197415;ENSG00000144677;ENSG00000129354;ENSG00000249307;ENSG00000053108
CUI_DEVELOPING_HEART_5TH_WEEK_ATRIAL_CARDIOMYOCYTE	0.18494623655914	0.345803357314149	0.149207542435322	-0.436575695951275	-1.21468230218007	42	ENSG00000177508;ENSG00000245694;ENSG00000135547;ENSG00000112769;ENSG00000092054;ENSG00000153551;ENSG00000183628;ENSG00000166347;ENSG00000162599
DESCARTES_FETAL_KIDNEY_METANEPHRIC_CELLS	0.092511013215859	0.229785419923263	0.219250346703755	-0.36840459834817	-1.22947873501875	121	ENSG00000164853;ENSG00000170549;ENSG00000165970;ENSG00000166840;ENSG00000140839;ENSG00000164418;ENSG00000230461;ENSG00000234965;ENSG00000165061;ENSG00000269113;ENSG00000164825;ENSG00000159173;ENSG00000157335;ENSG00000086159;ENSG00000186862
GAO_ESOPHAGUS_25W_C1_CILIATED_EPITHELIAL_CELLS	0.0166398131050053	0.0759268509087651	0.352487857583619	-0.318743705182187	-1.2341521290457	440	ENSG00000180881;ENSG00000238105;ENSG00000165923;ENSG00000227877;ENSG00000170959;ENSG00000247271;ENSG00000205213;ENSG00000016402;ENSG00000127863;ENSG00000130413;ENSG00000189350;ENSG00000099282;ENSG00000114841;ENSG00000158163;ENSG00000198039;ENSG00000106772;ENSG00000039139;ENSG00000187905;ENSG00000198542;ENSG00000148219;ENSG00000092094;ENSG00000078900;ENSG00000229809;ENSG00000250305;ENSG00000162755;ENSG00000139910;ENSG00000116793;ENSG00000152582;ENSG00000257108;ENSG00000137098;ENSG00000174808;ENSG00000197057;ENSG00000154856;ENSG00000091181;ENSG00000102904;ENSG00000115425;ENSG00000165092;ENSG00000206530;ENSG00000188931;ENSG00000153789;ENSG00000204084;ENSG00000141012;ENSG00000120262;ENSG00000175267;ENSG00000161996;ENSG00000269896;ENSG00000105479;ENSG00000157796;ENSG00000269352;ENSG00000233325;ENSG00000104936;ENSG00000110881;ENSG00000132321;ENSG00000230873;ENSG00000162543;ENSG00000188659;ENSG00000231738;ENSG00000010626;ENSG00000152760;ENSG00000171798;ENSG00000183628;ENSG00000197826;ENSG00000197603;ENSG00000111834;ENSG00000178568;ENSG00000168026;ENSG00000258818;ENSG00000135776;ENSG00000174483;ENSG00000164627;ENSG00000205129;ENSG00000197119;ENSG00000243910;ENSG00000089101;ENSG00000188596;ENSG00000144504;ENSG00000197168;ENSG00000270765;ENSG00000133115;ENSG00000165171;ENSG00000131018
DESCARTES_FETAL_STOMACH_STROMAL_CELLS	0.162637362637363	0.315755523302693	0.161978948883402	-0.436858112330752	-1.23759619328886	48	ENSG00000185920;ENSG00000123572;ENSG00000223561;ENSG00000101955;ENSG00000112559;ENSG00000221818;ENSG00000077274
DESCARTES_FETAL_CEREBRUM_OLIGODENDROCYTES	0.12780269058296	0.277205835912335	0.186432558434075	-0.418512577887599	-1.24307950257519	62	ENSG00000177234;ENSG00000203805;ENSG00000204278;ENSG00000136457;ENSG00000196132;ENSG00000248587;ENSG00000064787;ENSG00000100987;ENSG00000253807;ENSG00000174607;ENSG00000144230;ENSG00000260913;ENSG00000213809;ENSG00000128242;ENSG00000125820;ENSG00000124920;ENSG00000184221
DESCARTES_FETAL_PANCREAS_DUCTAL_CELLS	0.0855263157894737	0.221983683984543	0.227987202850442	-0.378110006076628	-1.24633106351877	110	ENSG00000197444;ENSG00000241935;ENSG00000250579;ENSG00000213937;ENSG00000080493;ENSG00000105519;ENSG00000104327;ENSG00000204531;ENSG00000143412;ENSG00000164825;ENSG00000005001;ENSG00000145536;ENSG00000100557;ENSG00000197415;ENSG00000101115;ENSG00000187783;ENSG00000262152;ENSG00000153822;ENSG00000168350;ENSG00000245857;ENSG00000039537;ENSG00000167434;ENSG00000112312
DESCARTES_FETAL_PANCREAS_ERYTHROBLASTS	0.0626398210290828	0.183743475018643	0.271288554688953	-0.377420936096553	-1.26168715488501	124	ENSG00000115107;ENSG00000152078;ENSG00000136542;ENSG00000154316;ENSG00000137198;ENSG00000029534;ENSG00000187017;ENSG00000160117;ENSG00000187010;ENSG00000166793;ENSG00000148218;ENSG00000263934;ENSG00000233198;ENSG00000141469;ENSG00000271092;ENSG00000189316;ENSG00000121104;ENSG00000135776;ENSG00000013306;ENSG00000198176;ENSG00000042062;ENSG00000121691;ENSG00000126088;ENSG00000250361;ENSG00000115993;ENSG00000171848;ENSG00000107242;ENSG00000256269;ENSG00000157734
HU_FETAL_RETINA_HORIZONTAL	0.160944206008584	0.315755523302693	0.160801401070022	-0.456907294971349	-1.26332337751344	40	ENSG00000143995;ENSG00000137203;ENSG00000008196;ENSG00000117707;ENSG00000007372;ENSG00000119547
DESCARTES_FETAL_STOMACH_PARIETAL_AND_CHIEF_CELLS	0.172340425531915	0.329694727104533	0.154190966581424	-0.461811621340167	-1.26428958145754	37	ENSG00000196482;ENSG00000166840;ENSG00000120875;ENSG00000105675
DESCARTES_FETAL_HEART_EPICARDIAL_FAT_CELLS	0.0821052631578947	0.217067991868082	0.227987202850442	-0.395286915181156	-1.26895638712551	94	ENSG00000236333;ENSG00000183783;ENSG00000234840;ENSG00000092295;ENSG00000224957;ENSG00000169752;ENSG00000164764;ENSG00000211892;ENSG00000164761;ENSG00000080493;ENSG00000107159;ENSG00000123191;ENSG00000115380;ENSG00000141738
GAO_LARGE_INTESTINE_ADULT_CJ_IMMUNE_CELLS	0.00938423748502237	0.0489889007692693	0.380730400722792	-0.325170601443671	-1.27155986066789	491	ENSG00000198795;ENSG00000185920;ENSG00000175356;ENSG00000213398;ENSG00000173210;ENSG00000114251;ENSG00000196739;ENSG00000011105;ENSG00000142156;ENSG00000214063;ENSG00000154678;ENSG00000106333;ENSG00000154188;ENSG00000197467;ENSG00000154736;ENSG00000234456;ENSG00000136859;ENSG00000124067;ENSG00000101331;ENSG00000141338;ENSG00000108387;ENSG00000184254;ENSG00000166265;ENSG00000110900;ENSG00000100968;ENSG00000135424;ENSG00000137962;ENSG00000130702;ENSG00000182168;ENSG00000112769;ENSG00000077782;ENSG00000047644;ENSG00000150995;ENSG00000127990;ENSG00000122707;ENSG00000091986;ENSG00000227963;ENSG00000101000;ENSG00000164125;ENSG00000165072;ENSG00000126218;ENSG00000154240;ENSG00000104332;ENSG00000214548;ENSG00000044459;ENSG00000149451;ENSG00000167779;ENSG00000159674;ENSG00000164318;ENSG00000115380;ENSG00000173482;ENSG00000131386;ENSG00000143369;ENSG00000111341;ENSG00000150636;ENSG00000105894;ENSG00000270392;ENSG00000143373;ENSG00000169439;ENSG00000174080;ENSG00000122786;ENSG00000149633;ENSG00000182534;ENSG00000163431;ENSG00000198467;ENSG00000148541;ENSG00000113140;ENSG00000022267;ENSG00000136160;ENSG00000161544;ENSG00000164796;ENSG00000109113;ENSG00000125378;ENSG00000130635;ENSG00000197256;ENSG00000172037;ENSG00000170624
DESCARTES_FETAL_PANCREAS_ACINAR_CELLS	0.126126126126126	0.276490013144817	0.188204146308491	-0.432730260969663	-1.27174719660118	59	ENSG00000272894;ENSG00000161992;ENSG00000146910;ENSG00000211454;ENSG00000188505;ENSG00000114204;ENSG00000170835;ENSG00000162438;ENSG00000176076;ENSG00000139540;ENSG00000182366;ENSG00000153002;ENSG00000134548;ENSG00000171766;ENSG00000188761
GAUTAM_EYE_IRIS_CILIARY_BODY_PIGMENTED_CILIARY_BODY_CELLS	0.0478529463686472	0.15874715036178	0.321775918075361	-0.383632236372135	-1.28187100356798	127	ENSG00000165588;ENSG00000011105;ENSG00000076344;ENSG00000175265;ENSG00000154553;ENSG00000111642;ENSG00000136205;ENSG00000146021;ENSG00000272523;ENSG00000161249;ENSG00000121310;ENSG00000132424;ENSG00000143387;ENSG00000128951;ENSG00000225880;ENSG00000099797;ENSG00000163703;ENSG00000113108;ENSG00000145476;ENSG00000109920;ENSG00000131375;ENSG00000167615;ENSG00000132321;ENSG00000108465;ENSG00000100979;ENSG00000137497;ENSG00000198756;ENSG00000161542;ENSG00000124440;ENSG00000163644;ENSG00000176978;ENSG00000153944;ENSG00000173209;ENSG00000058673;ENSG00000064655;ENSG00000198677;ENSG00000144724;ENSG00000269293
DESCARTES_FETAL_PANCREAS_ENS_GLIA	0.091703056768559	0.229262359071186	0.219250346703755	-0.423748311425518	-1.28557589777504	68	ENSG00000137203;ENSG00000168679;ENSG00000158887;ENSG00000110900;ENSG00000123901;ENSG00000231817;ENSG00000160307;ENSG00000234323;ENSG00000175785;ENSG00000215018;ENSG00000160781;ENSG00000166091;ENSG00000080166;ENSG00000259129;ENSG00000239445;ENSG00000242268;ENSG00000176402
ZHONG_PFC_C1_OPC	0.0173086087271172	0.0777752795457851	0.352487857583619	-0.354337370943385	-1.29720828199896	238	ENSG00000101224;ENSG00000154553;ENSG00000143401;ENSG00000160298;ENSG00000111665;ENSG00000100908;ENSG00000168476;ENSG00000044459;ENSG00000105968;ENSG00000213347;ENSG00000109805;ENSG00000136108;ENSG00000137804;ENSG00000166803;ENSG00000187951;ENSG00000176076;ENSG00000169919;ENSG00000186185;ENSG00000198901;ENSG00000168393;ENSG00000145241;ENSG00000010292;ENSG00000135451;ENSG00000154473;ENSG00000228716;ENSG00000138587;ENSG00000112312;ENSG00000119403;ENSG00000185480;ENSG00000137135;ENSG00000117724;ENSG00000178999;ENSG00000103995;ENSG00000167900;ENSG00000166851;ENSG00000123080;ENSG00000112029;ENSG00000119333;ENSG00000175063;ENSG00000129195;ENSG00000145386;ENSG00000112983;ENSG00000140451;ENSG00000145423;ENSG00000123485;ENSG00000137404;ENSG00000013810;ENSG00000111247;ENSG00000079616;ENSG00000127586;ENSG00000105483;ENSG00000115163;ENSG00000100162;ENSG00000089685;ENSG00000066279;ENSG00000167766;ENSG00000052126;ENSG00000171848;ENSG00000237649;ENSG00000139354;ENSG00000080986;ENSG00000075218;ENSG00000148773;ENSG00000014138;ENSG00000142227;ENSG00000158402;ENSG00000087884;ENSG00000134057;ENSG00000170312;ENSG00000198830;ENSG00000024526;ENSG00000143776;ENSG00000149636;ENSG00000123219;ENSG00000155085;ENSG00000012048;ENSG00000138160;ENSG00000131747;ENSG00000040275;ENSG00000120802;ENSG00000166801;ENSG00000165480;ENSG00000164104;ENSG00000091651;ENSG00000170779;ENSG00000183856;ENSG00000100578;ENSG00000128944;ENSG00000198189;ENSG00000183765;ENSG00000060749;ENSG00000088325;ENSG00000144554;ENSG00000151725;ENSG00000090889
ZHONG_PFC_C8_ORG_PROLIFERATING	0.0919282511210762	0.229262359071186	0.222056046145248	-0.437613805149659	-1.29981458137102	62	ENSG00000245694;ENSG00000111665;ENSG00000169738;ENSG00000136108;ENSG00000137804;ENSG00000198901;ENSG00000135451;ENSG00000117724;ENSG00000183963;ENSG00000166851;ENSG00000145423;ENSG00000013810;ENSG00000115163;ENSG00000089685;ENSG00000066279;ENSG00000139354;ENSG00000136811;ENSG00000142227;ENSG00000134057
DESCARTES_FETAL_SPLEEN_ERYTHROBLASTS	0.098876404494382	0.238854373209958	0.213927855492356	-0.445680869604638	-1.31108442714061	60	ENSG00000111110;ENSG00000203805;ENSG00000029534;ENSG00000226026;ENSG00000111728;ENSG00000168754;ENSG00000166803;ENSG00000141469;ENSG00000121104;ENSG00000135776;ENSG00000196517;ENSG00000087085;ENSG00000250361;ENSG00000138395;ENSG00000256269;ENSG00000176912;ENSG00000175556;ENSG00000197465;ENSG00000242082;ENSG00000004939;ENSG00000140287;ENSG00000055118
DURANTE_ADULT_OLFACTORY_NEUROEPITHELIUM_FIBROBLASTS_STROMAL_CELLS	0.0638766519823789	0.184364004044489	0.266350657088526	-0.422913647239539	-1.31419173843803	80	ENSG00000137203;ENSG00000008196;ENSG00000106333;ENSG00000141338;ENSG00000198542;ENSG00000123096;ENSG00000104332;ENSG00000250722;ENSG00000167779;ENSG00000143369;ENSG00000148180;ENSG00000111341;ENSG00000105894;ENSG00000122786;ENSG00000198467;ENSG00000113140
LAKE_ADULT_KIDNEY_C21_COLLECTING_DUCT_INTERCALATED_CELLS_TYPE_B	0.0929291081148688	0.229896910035178	0.287805130535564	-0.403542686485698	-1.31547226998775	101	ENSG00000196482;ENSG00000164946;ENSG00000154678;ENSG00000276644;ENSG00000205213;ENSG00000178538;ENSG00000183780;ENSG00000069667;ENSG00000166415;ENSG00000197442;ENSG00000106415;ENSG00000151491;ENSG00000078114;ENSG00000176641;ENSG00000180801
DESCARTES_FETAL_KIDNEY_URETERIC_BUD_CELLS	0.0187905681965976	0.0802905080196013	0.352487857583619	-0.363936421019921	-1.33206848257054	233	ENSG00000137203;ENSG00000108375;ENSG00000174567;ENSG00000183783;ENSG00000168447;ENSG00000132677;ENSG00000143375;ENSG00000119514;ENSG00000100362;ENSG00000095203;ENSG00000172830;ENSG00000120149;ENSG00000161992;ENSG00000118322;ENSG00000269155;ENSG00000119411;ENSG00000267795;ENSG00000258471;ENSG00000115221;ENSG00000104327;ENSG00000204531;ENSG00000259417;ENSG00000134317;ENSG00000005001;ENSG00000111057;ENSG00000117595;ENSG00000164855;ENSG00000165731;ENSG00000229950;ENSG00000053108;ENSG00000064787;ENSG00000165092;ENSG00000102890;ENSG00000121898;ENSG00000158955;ENSG00000132470;ENSG00000160401
DESCARTES_FETAL_HEART_LYMPHATIC_ENDOTHELIAL_CELLS	0.112068965517241	0.253909158600149	0.195789002148949	-0.487862696300635	-1.3352751574786	38	ENSG00000117707;ENSG00000149380;ENSG00000230461;ENSG00000146521;ENSG00000114654;ENSG00000196421;ENSG00000111432
DESCARTES_FETAL_PANCREAS_STROMAL_CELLS	0.129511677282378	0.277968690339824	0.179782316298324	-0.578010037097571	-1.35015617427769	16	ENSG00000123572;ENSG00000154263;ENSG00000147145;ENSG00000189409;ENSG00000145423;ENSG00000154258
GAO_LARGE_INTESTINE_ADULT_CH_MKI67HIGH_CELLS	0.025042290565199	0.0982722518796914	0.352487857583619	-0.41589373351155	-1.35055243363675	103	ENSG00000111665;ENSG00000109805;ENSG00000247240;ENSG00000245614;ENSG00000153896;ENSG00000135451;ENSG00000138587;ENSG00000257167;ENSG00000185615;ENSG00000168496;ENSG00000185480;ENSG00000154920;ENSG00000117724;ENSG00000178999;ENSG00000101057;ENSG00000109674;ENSG00000129195;ENSG00000145386;ENSG00000140451;ENSG00000123485;ENSG00000137404;ENSG00000013810;ENSG00000111247;ENSG00000115163;ENSG00000089685;ENSG00000127564;ENSG00000237649;ENSG00000080986;ENSG00000075218;ENSG00000148773;ENSG00000285077;ENSG00000158402;ENSG00000155755;ENSG00000024526;ENSG00000066923;ENSG00000138160;ENSG00000131747;ENSG00000165480;ENSG00000093009;ENSG00000189057;ENSG00000183856;ENSG00000181544;ENSG00000088325;ENSG00000144554;ENSG00000090889;ENSG00000122966
MENON_FETAL_KIDNEY_7_LOOPOF_HENLE_CELLS_DISTAL	0.0112025080809134	0.0565634834249398	0.380730400722792	-0.364466605187573	-1.35156733059889	271	ENSG00000170561;ENSG00000196482;ENSG00000171365;ENSG00000008196;ENSG00000133460;ENSG00000142156;ENSG00000147853;ENSG00000138434;ENSG00000072778;ENSG00000164825;ENSG00000084234;ENSG00000131368;ENSG00000136156;ENSG00000146729;ENSG00000144677;ENSG00000165092;ENSG00000186715;ENSG00000127838;ENSG00000187783;ENSG00000185946;ENSG00000128923;ENSG00000091136;ENSG00000153822;ENSG00000134215;ENSG00000197956;ENSG00000144029;ENSG00000162909;ENSG00000186301;ENSG00000174607
HU_FETAL_RETINA_AMACRINE	0.0604026845637584	0.18150270093305	0.276500599254472	-0.45440520266521	-1.35762763706576	63	ENSG00000143995;ENSG00000180660;ENSG00000183570;ENSG00000137203;ENSG00000008196;ENSG00000152578;ENSG00000007372
DESCARTES_FETAL_PANCREAS_ISLET_ENDOCRINE_CELLS	0.0250466615992071	0.0982722518796914	0.352487857583619	-0.400305287519894	-1.35799611054151	136	ENSG00000170561;ENSG00000188452;ENSG00000162992;ENSG00000186493;ENSG00000170959;ENSG00000175262;ENSG00000124493;ENSG00000253686;ENSG00000105467;ENSG00000167964;ENSG00000205856;ENSG00000151812;ENSG00000007372;ENSG00000039139;ENSG00000141837;ENSG00000145087;ENSG00000147488;ENSG00000006071;ENSG00000066405;ENSG00000145198;ENSG00000173826;ENSG00000157542;ENSG00000165066;ENSG00000137142;ENSG00000151025;ENSG00000250007;ENSG00000153789;ENSG00000070886;ENSG00000182836
DESCARTES_FETAL_HEART_ELF3_AGBL2_POSITIVE_CELLS	0.0869565217391304	0.223188405797101	0.224966093540314	-0.493283585020731	-1.35944279564877	41	ENSG00000165923;ENSG00000016402;ENSG00000039139;ENSG00000105519;ENSG00000168350;ENSG00000165887;ENSG00000188659;ENSG00000172771
DESCARTES_MAIN_FETAL_CHROMAFFIN_CELLS	0.127388535031847	0.277205835912335	0.181383128498408	-0.583453616527213	-1.36287166692555	16	ENSG00000180660
DESCARTES_FETAL_INTESTINE_ENS_GLIA	0.0568181818181818	0.175879396984925	0.287857117255149	-0.480799766322107	-1.3778973107681	52	ENSG00000137203;ENSG00000158887;ENSG00000141338;ENSG00000177301;ENSG00000231817;ENSG00000160307;ENSG00000234323;ENSG00000175785;ENSG00000117407;ENSG00000160781;ENSG00000166091;ENSG00000183196;ENSG00000164318;ENSG00000169436;ENSG00000188897;ENSG00000103260;ENSG00000178568;ENSG00000185634;ENSG00000167614;ENSG00000018625
DESCARTES_FETAL_LUNG_NEUROENDOCRINE_CELLS	0.040201450200124	0.142322375421129	0.321775918075361	-0.444701640919881	-1.38119091427502	77	ENSG00000162992;ENSG00000171385;ENSG00000164708;ENSG00000178538;ENSG00000167964;ENSG00000141837;ENSG00000103269;ENSG00000006071;ENSG00000106483;ENSG00000145198;ENSG00000173826;ENSG00000157542;ENSG00000173404;ENSG00000171189;ENSG00000016391;ENSG00000169436
DESCARTES_FETAL_KIDNEY_ERYTHROBLASTS	0.0136163612817929	0.0664974594219904	0.380730400722792	-0.402509351314806	-1.38359459529822	153	ENSG00000205683;ENSG00000152078;ENSG00000189056;ENSG00000178538;ENSG00000136542;ENSG00000143224;ENSG00000154316;ENSG00000029534;ENSG00000187017;ENSG00000215908;ENSG00000196132;ENSG00000160117;ENSG00000187010;ENSG00000166793;ENSG00000267750;ENSG00000148218;ENSG00000225828;ENSG00000233198;ENSG00000141469;ENSG00000165406;ENSG00000271092;ENSG00000227533
DESCARTES_FETAL_PANCREAS_LYMPHATIC_ENDOTHELIAL_CELLS	0.0687361419068736	0.190162584894011	0.257206466468838	-0.474386340876328	-1.3901800862561	56	ENSG00000177508;ENSG00000198774;ENSG00000038295;ENSG00000103888;ENSG00000196421;ENSG00000111432;ENSG00000250305;ENSG00000091181;ENSG00000131196;ENSG00000150054;ENSG00000136449;ENSG00000153391;ENSG00000003436;ENSG00000154330
DESCARTES_FETAL_LUNG_CILIATED_EPITHELIAL_CELLS	0.00136314967354332	0.0129184645985029	0.45505986738723	-0.359612237127071	-1.3975438457377	455	ENSG00000180881;ENSG00000196482;ENSG00000238105;ENSG00000165923;ENSG00000188452;ENSG00000227877;ENSG00000170959;ENSG00000124074;ENSG00000159079;ENSG00000143224;ENSG00000130413;ENSG00000189350;ENSG00000114841;ENSG00000198039;ENSG00000198520;ENSG00000039139;ENSG00000187905;ENSG00000105519;ENSG00000167419;ENSG00000181322;ENSG00000160298;ENSG00000159714;ENSG00000204241;ENSG00000078900;ENSG00000116032;ENSG00000162755;ENSG00000141519;ENSG00000152582;ENSG00000215018;ENSG00000257108;ENSG00000120471;ENSG00000137098;ENSG00000226026;ENSG00000183196;ENSG00000197057;ENSG00000114204;ENSG00000140876;ENSG00000156042;ENSG00000091181;ENSG00000102904;ENSG00000206530;ENSG00000188931;ENSG00000153789;ENSG00000120262;ENSG00000109771;ENSG00000175267;ENSG00000215187;ENSG00000160401;ENSG00000153822;ENSG00000105479;ENSG00000171962;ENSG00000159588;ENSG00000170209;ENSG00000215912;ENSG00000249042;ENSG00000230873;ENSG00000162543;ENSG00000039537;ENSG00000138587;ENSG00000188659;ENSG00000231738;ENSG00000149300;ENSG00000010626;ENSG00000224157;ENSG00000152760;ENSG00000172771;ENSG00000197826;ENSG00000157429;ENSG00000136449;ENSG00000111834;ENSG00000168026;ENSG00000140527;ENSG00000164627;ENSG00000205129;ENSG00000243910;ENSG00000089101;ENSG00000188596;ENSG00000169126;ENSG00000197168;ENSG00000186710;ENSG00000120055;ENSG00000174776;ENSG00000133115;ENSG00000137434
DESCARTES_FETAL_CEREBRUM_LIMBIC_SYSTEM_NEURONS	0.0828025477707006	0.217975937721161	0.227987202850442	-0.561163922757145	-1.39973164090544	25	ENSG00000181392;ENSG00000176387;ENSG00000230461;ENSG00000185652;ENSG00000161249
MANNO_MIDBRAIN_NEUROTYPES_HPROGBP	0.00358809549471319	0.0263968847680744	0.431707695803346	-0.375174142423814	-1.40017111650727	289	ENSG00000170561;ENSG00000177508;ENSG00000165588;ENSG00000114251;ENSG00000143858;ENSG00000086570;ENSG00000144857;ENSG00000143401;ENSG00000204335;ENSG00000146910;ENSG00000160298;ENSG00000168505;ENSG00000132199;ENSG00000111602;ENSG00000111665;ENSG00000119969;ENSG00000104332;ENSG00000197415;ENSG00000175928;ENSG00000101115;ENSG00000110492;ENSG00000197587;ENSG00000162944;ENSG00000109805;ENSG00000136108;ENSG00000137804;ENSG00000126215;ENSG00000198901;ENSG00000101003;ENSG00000166450;ENSG00000010292;ENSG00000135451;ENSG00000205221;ENSG00000228716;ENSG00000167771;ENSG00000112312;ENSG00000081320;ENSG00000185480;ENSG00000031691;ENSG00000117724;ENSG00000178999;ENSG00000167900;ENSG00000148204;ENSG00000166851;ENSG00000101057;ENSG00000172687;ENSG00000169604;ENSG00000166508;ENSG00000112029;ENSG00000243244;ENSG00000276180;ENSG00000175063;ENSG00000138336;ENSG00000162576;ENSG00000257446;ENSG00000129195;ENSG00000183722;ENSG00000145386;ENSG00000196550;ENSG00000118707;ENSG00000140451;ENSG00000145423;ENSG00000123485;ENSG00000013810;ENSG00000111247;ENSG00000079616;ENSG00000189362;ENSG00000176890;ENSG00000089685;ENSG00000066279;ENSG00000138658;ENSG00000171848;ENSG00000163918;ENSG00000075218;ENSG00000100297;ENSG00000148773;ENSG00000138771;ENSG00000182752;ENSG00000158402;ENSG00000087884;ENSG00000134057;ENSG00000170312;ENSG00000198830;ENSG00000197921;ENSG00000140525;ENSG00000024526;ENSG00000149636;ENSG00000132688;ENSG00000123219;ENSG00000005469;ENSG00000012048;ENSG00000139219;ENSG00000138160;ENSG00000131747;ENSG00000040275;ENSG00000120802;ENSG00000165480;ENSG00000132541
DESCARTES_FETAL_HEART_STROMAL_CELLS	0.069327731092437	0.190162584894011	0.248911114434702	-0.552075822745248	-1.43058311735692	29	ENSG00000123572;ENSG00000106333;ENSG00000154263;ENSG00000147145;ENSG00000105894;ENSG00000147257;ENSG00000154258;ENSG00000087116;ENSG00000184163;ENSG00000130812;ENSG00000164692
DESCARTES_FETAL_THYMUS_STROMAL_CELLS	0.0086145984987941	0.046144284132671	0.380730400722792	-0.424940761578707	-1.43352776536364	133	ENSG00000142156;ENSG00000106333;ENSG00000154736;ENSG00000136859;ENSG00000124006;ENSG00000165915;ENSG00000141696;ENSG00000101955;ENSG00000139910;ENSG00000091986;ENSG00000128591;ENSG00000123096;ENSG00000104332;ENSG00000149451;ENSG00000049540;ENSG00000137070;ENSG00000108679;ENSG00000221818;ENSG00000111341;ENSG00000179954;ENSG00000228223;ENSG00000197956;ENSG00000172986;ENSG00000106080;ENSG00000048140;ENSG00000113140;ENSG00000130635;ENSG00000147257;ENSG00000102316;ENSG00000112773;ENSG00000166482
ZHONG_PFC_C2_UNKNOWN_NPC	0.0144826642753487	0.0675857666182937	0.380730400722792	-0.465348031683475	-1.43591887666474	75	ENSG00000138653;ENSG00000101224;ENSG00000117122;ENSG00000111665;ENSG00000168476;ENSG00000169738;ENSG00000137804;ENSG00000187951;ENSG00000010292;ENSG00000135451;ENSG00000119403;ENSG00000117724;ENSG00000178999;ENSG00000166851;ENSG00000109674;ENSG00000175063;ENSG00000145386;ENSG00000140451;ENSG00000123485;ENSG00000013810;ENSG00000079616;ENSG00000066279;ENSG00000080986;ENSG00000075218;ENSG00000148773;ENSG00000134057;ENSG00000024526;ENSG00000131747;ENSG00000040275
FAN_EMBRYONIC_CTX_MICROGLIA_1	0.00515733147377278	0.0324175121208574	0.407017918923954	-0.421370084149018	-1.45220676934167	155	ENSG00000137310;ENSG00000143401;ENSG00000160298;ENSG00000111665;ENSG00000105968;ENSG00000213347;ENSG00000109805;ENSG00000136108;ENSG00000137804;ENSG00000137563;ENSG00000166803;ENSG00000187951;ENSG00000186185;ENSG00000198901;ENSG00000168393;ENSG00000145241;ENSG00000010292;ENSG00000135451;ENSG00000154473;ENSG00000176208;ENSG00000119403;ENSG00000117724;ENSG00000178999;ENSG00000103995;ENSG00000167900;ENSG00000166851;ENSG00000123080;ENSG00000112029;ENSG00000175063;ENSG00000129195;ENSG00000145386;ENSG00000123485;ENSG00000137404;ENSG00000013810;ENSG00000111247;ENSG00000079616;ENSG00000106462;ENSG00000100162;ENSG00000089685;ENSG00000066279;ENSG00000171848;ENSG00000124795;ENSG00000080986;ENSG00000075218;ENSG00000148773;ENSG00000158402;ENSG00000134057;ENSG00000170312;ENSG00000024526;ENSG00000138160;ENSG00000131747;ENSG00000120802;ENSG00000166801;ENSG00000164104;ENSG00000183856;ENSG00000128944;ENSG00000088325;ENSG00000144554;ENSG00000151725;ENSG00000090889;ENSG00000122966
DESCARTES_FETAL_EYE_PDE11A_FAM19A2_POSITIVE_CELLS	0.0581896551724138	0.178073281780733	0.276500599254472	-0.591543355016439	-1.46710555014863	23	ENSG00000189056;ENSG00000250579;ENSG00000113494;ENSG00000062524;ENSG00000188897
MANNO_MIDBRAIN_NEUROTYPES_HRGL2C	0.000745083325045107	0.00865983638165634	0.477270815362862	-0.395539490271111	-1.48596034749628	317	ENSG00000157150;ENSG00000170549;ENSG00000185920;ENSG00000175356;ENSG00000112038;ENSG00000205683;ENSG00000152208;ENSG00000196739;ENSG00000154678;ENSG00000189056;ENSG00000154553;ENSG00000165795;ENSG00000137198;ENSG00000003137;ENSG00000124479;ENSG00000114166;ENSG00000080493;ENSG00000198732;ENSG00000160298;ENSG00000182118;ENSG00000106003;ENSG00000183230;ENSG00000184408;ENSG00000183196;ENSG00000049540;ENSG00000206530;ENSG00000049192;ENSG00000137804;ENSG00000175267;ENSG00000105894;ENSG00000170390;ENSG00000176076;ENSG00000146648;ENSG00000101198;ENSG00000107104;ENSG00000132321;ENSG00000101003;ENSG00000100979;ENSG00000136160;ENSG00000185432;ENSG00000095015;ENSG00000164796;ENSG00000165895;ENSG00000128606;ENSG00000228716;ENSG00000138587;ENSG00000172037;ENSG00000172461;ENSG00000103260;ENSG00000117724;ENSG00000176978;ENSG00000101439;ENSG00000080854;ENSG00000166925;ENSG00000101057;ENSG00000125355;ENSG00000113594
RUBENSTEIN_SKELETAL_MUSCLE_FAP_CELLS	0.00404235177719104	0.0273636120302163	0.407017918923954	-0.426012693451422	-1.49262416489744	176	ENSG00000142156;ENSG00000214063;ENSG00000106333;ENSG00000113580;ENSG00000141338;ENSG00000157514;ENSG00000196569;ENSG00000168477;ENSG00000154263;ENSG00000106483;ENSG00000277443;ENSG00000127990;ENSG00000139910;ENSG00000127951;ENSG00000091986;ENSG00000123096;ENSG00000136156;ENSG00000104213;ENSG00000214548;ENSG00000250722;ENSG00000111843;ENSG00000165092;ENSG00000167779;ENSG00000104324;ENSG00000159674;ENSG00000115380;ENSG00000108679;ENSG00000148180;ENSG00000111341;ENSG00000197956;ENSG00000169439;ENSG00000022267;ENSG00000205221;ENSG00000166482;ENSG00000101439;ENSG00000166347;ENSG00000003436;ENSG00000162576;ENSG00000162599;ENSG00000183722
HU_FETAL_RETINA_BIPOLAR	0.00591421722155829	0.034696741033142	0.407017918923954	-0.48153474645811	-1.50213622710347	82	ENSG00000183570;ENSG00000008196;ENSG00000165588;ENSG00000162992;ENSG00000064687;ENSG00000117707;ENSG00000127588;ENSG00000174788;ENSG00000168843;ENSG00000135525;ENSG00000147488;ENSG00000090097;ENSG00000021645;ENSG00000111664;ENSG00000214548
GAUTAM_EYE_IRIS_CILIARY_BODY_COL9A1_HIGH_CILIARY_BODY_CELLS	0.0144044589975592	0.0675857666182937	0.380730400722792	-0.462100498472114	-1.50635957990315	101	ENSG00000156925;ENSG00000153246;ENSG00000214063;ENSG00000189056;ENSG00000009694;ENSG00000144857;ENSG00000077782;ENSG00000258498;ENSG00000112655;ENSG00000130988;ENSG00000109436;ENSG00000078114;ENSG00000166432;ENSG00000180011;ENSG00000198363;ENSG00000227533;ENSG00000182534;ENSG00000108465;ENSG00000148734;ENSG00000111731;ENSG00000198478
DESCARTES_FETAL_CEREBELLUM_UNIPOLAR_BRUSH_CELLS	0.0524109014675052	0.167280390176079	0.287857117255149	-0.597957010457104	-1.50716697601756	26	ENSG00000241131;ENSG00000165588;ENSG00000197467;ENSG00000162761;ENSG00000180801;ENSG00000113396
DESCARTES_MAIN_FETAL_BRONCHIOLAR_AND_ALVEOLAR_EPITHELIAL_CELLS	0.0333028000618238	0.121387720935405	0.321775918075361	-0.561485678207406	-1.51285476075517	35	ENSG00000170561;ENSG00000170549;ENSG00000223561;ENSG00000215252;ENSG00000178734
CUI_DEVELOPING_HEART_C3_FIBROBLAST_LIKE_CELL	0.00659586735380172	0.0375839141494368	0.407017918923954	-0.459023254073784	-1.52482198650976	115	ENSG00000123572;ENSG00000142156;ENSG00000106333;ENSG00000124749;ENSG00000136859;ENSG00000141338;ENSG00000117122;ENSG00000101955;ENSG00000112769;ENSG00000127990;ENSG00000183801;ENSG00000214548;ENSG00000049540;ENSG00000117385;ENSG00000104324;ENSG00000159674;ENSG00000049449;ENSG00000221818;ENSG00000111341;ENSG00000084636;ENSG00000091136;ENSG00000150636;ENSG00000105894;ENSG00000169439;ENSG00000132561;ENSG00000113140;ENSG00000128606;ENSG00000130635;ENSG00000147257;ENSG00000166482;ENSG00000183098;ENSG00000206384;ENSG00000162576;ENSG00000262655;ENSG00000162599
DESCARTES_MAIN_FETAL_METANEPHRIC_CELLS	0.0143024646208913	0.0675857666182937	0.380730400722792	-0.620307374656464	-1.54725531022669	25	ENSG00000140839;ENSG00000197467;ENSG00000234965;ENSG00000269113;ENSG00000132970;ENSG00000139146;ENSG00000227160
GAO_LARGE_INTESTINE_24W_C1_DCLK1POS_PROGENITOR	0.00574280437041495	0.034667027276617	0.407017918923954	-0.484367301648006	-1.55786615483302	95	ENSG00000175356;ENSG00000082196;ENSG00000106333;ENSG00000165124;ENSG00000196569;ENSG00000144857;ENSG00000101955;ENSG00000183801;ENSG00000088882;ENSG00000091986;ENSG00000104332;ENSG00000104213;ENSG00000159674;ENSG00000111341;ENSG00000084636;ENSG00000132561;ENSG00000113140;ENSG00000128606;ENSG00000130635;ENSG00000111752;ENSG00000134533;ENSG00000183098;ENSG00000206384;ENSG00000105472;ENSG00000262655;ENSG00000064300;ENSG00000145423;ENSG00000134201;ENSG00000087116;ENSG00000187955;ENSG00000071967;ENSG00000119922;ENSG00000154734;ENSG00000164932;ENSG00000126709;ENSG00000164692;ENSG00000087245
HAY_BONE_MARROW_CD34_POS_MULTILIN	0.0185033489375766	0.0797067338849454	0.352487857583619	-0.643653389775897	-1.55985253727278	20	ENSG00000108176;ENSG00000105810;ENSG00000198520;ENSG00000122025;ENSG00000088882
CUI_DEVELOPING_HEART_SMOOTH_MUSCLE_CELL	0.0105304159806248	0.0540561353672071	0.380730400722792	-0.554457382296981	-1.56244146653757	45	ENSG00000082196;ENSG00000106333;ENSG00000091986;ENSG00000143387;ENSG00000126218;ENSG00000104213;ENSG00000049540;ENSG00000197956;ENSG00000113140
HU_FETAL_RETINA_RPC	0.00366528520267428	0.0263968847680744	0.431707695803346	-0.482179247652464	-1.57310377643721	105	ENSG00000143995;ENSG00000180660;ENSG00000043355;ENSG00000171316;ENSG00000205213;ENSG00000074695;ENSG00000118418;ENSG00000143401;ENSG00000162344;ENSG00000119969;ENSG00000165092;ENSG00000110492;ENSG00000137804;ENSG00000166803;ENSG00000134376;ENSG00000179774;ENSG00000112312;ENSG00000134438;ENSG00000117724;ENSG00000178999;ENSG00000133302;ENSG00000153944;ENSG00000166426;ENSG00000166508;ENSG00000175063;ENSG00000182263;ENSG00000129195;ENSG00000135541
DESCARTES_FETAL_EYE_ASTROCYTES	0.0188995514007178	0.0802905080196013	0.352487857583619	-0.595775491859869	-1.58188188673835	33	ENSG00000152977;ENSG00000174963;ENSG00000075891;ENSG00000140839;ENSG00000164761;ENSG00000259417;ENSG00000144908;ENSG00000125246;ENSG00000153822
DESCARTES_FETAL_EYE_SMOOTH_MUSCLE_CELLS	0.00501690320953962	0.0318599214131588	0.407017918923954	-0.51916718481824	-1.585024073228	71	ENSG00000169302;ENSG00000102924;ENSG00000135903;ENSG00000158887;ENSG00000167612;ENSG00000175970;ENSG00000124067
FAN_EMBRYONIC_CTX_ASTROCYTE_2	0.00101647104145394	0.0106126468056886	0.45505986738723	-0.461329060840521	-1.58578277286714	153	ENSG00000142156;ENSG00000205213;ENSG00000069667;ENSG00000165795;ENSG00000166405;ENSG00000107742;ENSG00000100033;ENSG00000080493;ENSG00000105519;ENSG00000112769;ENSG00000277443;ENSG00000237949;ENSG00000123096;ENSG00000164125;ENSG00000109107;ENSG00000111728;ENSG00000120594;ENSG00000198363;ENSG00000153904;ENSG00000115380;ENSG00000144908;ENSG00000172201;ENSG00000176971;ENSG00000169439;ENSG00000132321;ENSG00000255690;ENSG00000168209;ENSG00000100979;ENSG00000136160;ENSG00000185432;ENSG00000136895;ENSG00000129596;ENSG00000172461;ENSG00000124440;ENSG00000183773;ENSG00000107295;ENSG00000113594;ENSG00000003436;ENSG00000262655;ENSG00000185551;ENSG00000162599;ENSG00000149212;ENSG00000167614;ENSG00000170989;ENSG00000164089;ENSG00000018625;ENSG00000114698
FAN_EMBRYONIC_CTX_BIG_GROUPS_CAJAL_RETZIUS	7.79428448437083e-06	0.000171474258656158	0.593325476396405	-0.407339253034974	-1.58717786872243	487	ENSG00000257935;ENSG00000180660;ENSG00000273706;ENSG00000183570;ENSG00000108001;ENSG00000043355;ENSG00000101333;ENSG00000169302;ENSG00000102924;ENSG00000139800;ENSG00000177685;ENSG00000160097;ENSG00000177551;ENSG00000082196;ENSG00000011105;ENSG00000171604;ENSG00000142156;ENSG00000189056;ENSG00000154188;ENSG00000001461;ENSG00000108176;ENSG00000170276;ENSG00000163393;ENSG00000158457;ENSG00000145526;ENSG00000171724;ENSG00000107742;ENSG00000117122;ENSG00000168843;ENSG00000197381;ENSG00000144550;ENSG00000144891;ENSG00000141433;ENSG00000213088;ENSG00000078900;ENSG00000164825;ENSG00000084234;ENSG00000100314;ENSG00000172794;ENSG00000150403;ENSG00000124785;ENSG00000124942;ENSG00000168036;ENSG00000145349;ENSG00000117595;ENSG00000185774;ENSG00000142188;ENSG00000108797;ENSG00000053108;ENSG00000154127;ENSG00000177595;ENSG00000140939;ENSG00000100994;ENSG00000164318;ENSG00000153904;ENSG00000168348;ENSG00000070886;ENSG00000137563;ENSG00000154319;ENSG00000089199;ENSG00000115756;ENSG00000141349;ENSG00000070601;ENSG00000113396;ENSG00000179639;ENSG00000278535;ENSG00000182534;ENSG00000168350;ENSG00000213760;ENSG00000111674;ENSG00000161544;ENSG00000183036;ENSG00000014216
DESCARTES_FETAL_MUSCLE_SATELLITE_CELLS	0.00672268735412269	0.037647049183087	0.407017918923954	-0.573664973997903	-1.62818523885902	47	ENSG00000171365;ENSG00000082196;ENSG00000250579;ENSG00000152578;ENSG00000262484;ENSG00000230453;ENSG00000104899
DESCARTES_FETAL_HEART_VISCERAL_NEURONS	0.00241495239361063	0.0193196191488851	0.431707695803346	-0.525283147058996	-1.63230195268364	80	ENSG00000180660;ENSG00000183570;ENSG00000112038;ENSG00000170743;ENSG00000177234;ENSG00000203805;ENSG00000106772;ENSG00000080644;ENSG00000148219;ENSG00000196132;ENSG00000165521;ENSG00000233670;ENSG00000154319;ENSG00000089199;ENSG00000175344
DESCARTES_FETAL_ADRENAL_ERYTHROBLASTS	0.00164677650327764	0.0149178577355739	0.45505986738723	-0.506407388107075	-1.63513844679843	97	ENSG00000205683;ENSG00000152078;ENSG00000136542;ENSG00000143224;ENSG00000154316;ENSG00000029534;ENSG00000187017;ENSG00000159023;ENSG00000213088;ENSG00000184608;ENSG00000187010;ENSG00000166793;ENSG00000226026;ENSG00000148218;ENSG00000168754;ENSG00000233198;ENSG00000141469;ENSG00000165406;ENSG00000271092;ENSG00000179256;ENSG00000189316
DESCARTES_MAIN_FETAL_SCHWANN_CELLS	0.00665040039332567	0.0375839141494368	0.407017918923954	-0.603283881607274	-1.67851362541408	42	ENSG00000158887;ENSG00000141338;ENSG00000110900;ENSG00000123901;ENSG00000160307;ENSG00000234323;ENSG00000215018;ENSG00000171819;ENSG00000176402;ENSG00000149633;ENSG00000136160;ENSG00000007384;ENSG00000256508;ENSG00000064300;ENSG00000173786;ENSG00000139354;ENSG00000261857;ENSG00000108381
DESCARTES_FETAL_STOMACH_NEUROENDOCRINE_CELLS	0.00577431100771498	0.034667027276617	0.407017918923954	-0.606803284069548	-1.68830564069303	42	ENSG00000257935;ENSG00000162992;ENSG00000108176;ENSG00000007372;ENSG00000141837;ENSG00000147488;ENSG00000145198;ENSG00000173826;ENSG00000157890
DESCARTES_FETAL_CEREBELLUM_INHIBITORY_INTERNEURONS	0.00376092950974482	0.0263968847680744	0.431707695803346	-0.627826422135504	-1.69915301377088	36	ENSG00000008196;ENSG00000075891;ENSG00000165970;ENSG00000227128;ENSG00000233968;ENSG00000138136;ENSG00000151812;ENSG00000166569;ENSG00000161992;ENSG00000162494;ENSG00000229950;ENSG00000154134
DESCARTES_MAIN_FETAL_SATELLITE_CELLS	0.00149366932649169	0.0137328403749087	0.45505986738723	-0.582870119339566	-1.70674126205559	57	ENSG00000171365;ENSG00000129910;ENSG00000160097;ENSG00000082196;ENSG00000101224;ENSG00000135424;ENSG00000259803;ENSG00000138379;ENSG00000146676;ENSG00000147145;ENSG00000219481;ENSG00000142233;ENSG00000172986;ENSG00000132561
MANNO_MIDBRAIN_NEUROTYPES_HRGL2B	9.73155378338624e-08	4.61125933120456e-06	0.704975715167238	-0.447108720016754	-1.72319658054927	427	ENSG00000170561;ENSG00000157150;ENSG00000170549;ENSG00000185920;ENSG00000175356;ENSG00000205683;ENSG00000152208;ENSG00000112238;ENSG00000196739;ENSG00000135903;ENSG00000086570;ENSG00000154678;ENSG00000158887;ENSG00000130413;ENSG00000175265;ENSG00000154553;ENSG00000095203;ENSG00000092421;ENSG00000083857;ENSG00000176769;ENSG00000165795;ENSG00000166444;ENSG00000003137;ENSG00000124479;ENSG00000124006;ENSG00000144857;ENSG00000119138;ENSG00000164761;ENSG00000135547;ENSG00000080493;ENSG00000198732;ENSG00000171444;ENSG00000130702;ENSG00000160298;ENSG00000106003;ENSG00000184608;ENSG00000168505;ENSG00000124942;ENSG00000166091;ENSG00000166432;ENSG00000250722;ENSG00000197415;ENSG00000175928;ENSG00000049540;ENSG00000154134;ENSG00000206530;ENSG00000184384;ENSG00000162944;ENSG00000109805;ENSG00000153904;ENSG00000049192;ENSG00000172201;ENSG00000137804;ENSG00000175267;ENSG00000275620;ENSG00000126215;ENSG00000105894;ENSG00000170390;ENSG00000176076;ENSG00000105479;ENSG00000159588;ENSG00000146648;ENSG00000103168;ENSG00000163884;ENSG00000101198;ENSG00000107104;ENSG00000061938;ENSG00000213199;ENSG00000132321;ENSG00000255690;ENSG00000101003;ENSG00000022267;ENSG00000136160;ENSG00000185432;ENSG00000164796;ENSG00000128606;ENSG00000138587;ENSG00000196642;ENSG00000162433;ENSG00000140538;ENSG00000103260;ENSG00000178999;ENSG00000101439;ENSG00000080854;ENSG00000099991;ENSG00000166925;ENSG00000148204;ENSG00000111834;ENSG00000101057;ENSG00000144579;ENSG00000157570;ENSG00000176809;ENSG00000113594;ENSG00000140527;ENSG00000173517;ENSG00000173376;ENSG00000162599;ENSG00000064692;ENSG00000176244;ENSG00000118707;ENSG00000149212;ENSG00000167614;ENSG00000140451;ENSG00000145423;ENSG00000136158;ENSG00000013810;ENSG00000018625;ENSG00000197852;ENSG00000136960
DESCARTES_FETAL_EYE_PHOTORECEPTOR_CELLS	0.00463916845334047	0.0307282555619111	0.407017918923954	-0.658734738056611	-1.73470678742853	32	ENSG00000164853;ENSG00000188452;ENSG00000238169;ENSG00000042781;ENSG00000188107;ENSG00000234056;ENSG00000164318;ENSG00000099994;ENSG00000236200;ENSG00000265485
DESCARTES_MAIN_FETAL_ASTROCYTES	0.00113858471926842	0.0114894436365772	0.45505986738723	-0.623540088477961	-1.75711411082744	45	ENSG00000185920;ENSG00000163081;ENSG00000135903;ENSG00000003137;ENSG00000144857;ENSG00000224238;ENSG00000111432;ENSG00000111728;ENSG00000259459;ENSG00000133067;ENSG00000162944;ENSG00000237731;ENSG00000105894;ENSG00000170390
DESCARTES_MAIN_FETAL_DUCTAL_CELLS	0.000204964685293299	0.00307946941806517	0.518848077743792	-0.609348253927014	-1.8312394309345	66	ENSG00000197444;ENSG00000099849;ENSG00000178026;ENSG00000088899;ENSG00000213937;ENSG00000099377;ENSG00000080493;ENSG00000104327;ENSG00000143412;ENSG00000145536;ENSG00000136883;ENSG00000101115;ENSG00000187783;ENSG00000172201;ENSG00000262152;ENSG00000016391;ENSG00000245857;ENSG00000236780;ENSG00000112312
DESCARTES_MAIN_FETAL_GRANULE_NEURONS	0.00143068098779197	0.013353022552725	0.45505986738723	-0.789658637137174	-1.84453974165588	16	ENSG00000138675;ENSG00000124493;ENSG00000081138;ENSG00000169427;ENSG00000147234;ENSG00000137766
DESCARTES_MAIN_FETAL_INHIBITORY_INTERNEURONS	0.00125816972469342	0.0121098836001742	0.45505986738723	-0.71432397505697	-1.86106631219989	31	ENSG00000188779;ENSG00000165970;ENSG00000089116;ENSG00000151812;ENSG00000166569;ENSG00000149654;ENSG00000138604;ENSG00000182168;ENSG00000248708;ENSG00000167081;ENSG00000154134;ENSG00000070886
DESCARTES_FETAL_HEART_SCHWANN_CELLS	1.67208043248558e-05	0.000321875483253474	0.575610261071129	-0.66463644004146	-1.94616673397122	57	ENSG00000137203;ENSG00000198597;ENSG00000158887;ENSG00000184254;ENSG00000110900;ENSG00000118322;ENSG00000231817;ENSG00000160307;ENSG00000234323;ENSG00000175785;ENSG00000259417;ENSG00000117407;ENSG00000215018;ENSG00000165092;ENSG00000239445;ENSG00000171819;ENSG00000169436;ENSG00000198753;ENSG00000103260;ENSG00000188242;ENSG00000144230;ENSG00000185634;ENSG00000089101;ENSG00000120729
DESCARTES_FETAL_CEREBELLUM_ASTROCYTES	1.73422610653309e-07	6.67677051015239e-06	0.690132458796796	-0.585739386980325	-2.0172456075876	150	ENSG00000177508;ENSG00000164946;ENSG00000176842;ENSG00000213398;ENSG00000163081;ENSG00000256422;ENSG00000135903;ENSG00000130413;ENSG00000141338;ENSG00000140832;ENSG00000003137;ENSG00000144891;ENSG00000164761;ENSG00000111087;ENSG00000184564;ENSG00000231817;ENSG00000080493;ENSG00000224238;ENSG00000138379;ENSG00000111432;ENSG00000183230;ENSG00000168505;ENSG00000233009;ENSG00000100557;ENSG00000197057;ENSG00000114204;ENSG00000091181;ENSG00000133067;ENSG00000233670;ENSG00000144908;ENSG00000172201;ENSG00000175267;ENSG00000237731;ENSG00000158955;ENSG00000150636;ENSG00000171956;ENSG00000169436;ENSG00000233611;ENSG00000146648;ENSG00000188897;ENSG00000230873;ENSG00000246022;ENSG00000164161;ENSG00000249306;ENSG00000112773;ENSG00000151388;ENSG00000148204;ENSG00000006611
DESCARTES_FETAL_CEREBELLUM_GRANULE_NEURONS	1.63883421394304e-05	0.000321875483253474	0.575610261071129	-0.810523972333202	-2.02171950793446	25	ENSG00000143032;ENSG00000236333;ENSG00000164438;ENSG00000138675;ENSG00000081138;ENSG00000161509;ENSG00000164418;ENSG00000167749;ENSG00000147488;ENSG00000185652;ENSG00000146809;ENSG00000131386;ENSG00000168348;ENSG00000169174
DESCARTES_MAIN_FETAL_UNIPOLAR_BRUSH_CELLS	1.43493501158835e-05	0.000294639989046142	0.593325476396405	-0.782484165912881	-2.0605875403944	32	ENSG00000174963;ENSG00000241131;ENSG00000164778;ENSG00000125492;ENSG00000138653;ENSG00000261268;ENSG00000162761;ENSG00000138741;ENSG00000161647;ENSG00000145087;ENSG00000146910;ENSG00000141433;ENSG00000151838
DESCARTES_FETAL_CEREBRUM_SKOR2_NPSR1_POSITIVE_CELLS	8.20580981791336e-07	2.29762674901574e-05	0.659444398037935	-0.694547143445906	-2.08202690762518	64	ENSG00000108001;ENSG00000188779;ENSG00000137203;ENSG00000143858;ENSG00000183783;ENSG00000154678;ENSG00000214694;ENSG00000178538;ENSG00000069667;ENSG00000138741;ENSG00000080644;ENSG00000162344;ENSG00000249129;ENSG00000150995;ENSG00000104327;ENSG00000215474;ENSG00000229950;ENSG00000175325;ENSG00000187258;ENSG00000245719;ENSG00000183036;ENSG00000220008;ENSG00000147257;ENSG00000151789
DESCARTES_FETAL_CEREBRUM_ASTROCYTES	6.40457498907504e-13	9.86304548317555e-11	0.921426003494898	-0.649135974856149	-2.27320572886042	182	ENSG00000177508;ENSG00000164946;ENSG00000176842;ENSG00000108375;ENSG00000196739;ENSG00000256422;ENSG00000135903;ENSG00000241935;ENSG00000245694;ENSG00000154553;ENSG00000189350;ENSG00000003137;ENSG00000120149;ENSG00000141449;ENSG00000187905;ENSG00000164761;ENSG00000187017;ENSG00000080493;ENSG00000224238;ENSG00000138379;ENSG00000237949;ENSG00000214688;ENSG00000214456;ENSG00000128591;ENSG00000100557;ENSG00000227835;ENSG00000197057;ENSG00000114204;ENSG00000249307;ENSG00000087903;ENSG00000091181;ENSG00000078098;ENSG00000133067;ENSG00000206530;ENSG00000233670;ENSG00000188931;ENSG00000115380;ENSG00000180638;ENSG00000121898;ENSG00000175267;ENSG00000171956;ENSG00000160401;ENSG00000176076;ENSG00000169436;ENSG00000105479;ENSG00000146648;ENSG00000188897;ENSG00000246022;ENSG00000162543;ENSG00000164161;ENSG00000172771;ENSG00000197826;ENSG00000151388;ENSG00000203797;ENSG00000006611;ENSG00000111834;ENSG00000140527;ENSG00000106018;ENSG00000139144;ENSG00000188596;ENSG00000197168;ENSG00000186710;ENSG00000174776
